{"stats":{"minecraft:custom":{"minecraft:jump":46,"minecraft:intelligence":0,"minecraft:time_since_rest":2099,"minecraft:energy":50,"minecraft:blood":0,"minecraft:leave_game":1,"minecraft:magic_shield":0,"minecraft:crouch_one_cm":65,"minecraft:sprint_one_cm":1079,"minecraft:health":70,"minecraft:play_time":2099,"minecraft:move_speed":0,"minecraft:time_since_death":2099,"minecraft:walk_one_cm":9474,"minecraft:strength":0,"minecraft:sneak_time":8,"minecraft:total_world_time":2099,"minecraft:fall_one_cm":476,"minecraft:fly_one_cm":1859,"minecraft:mana":50,"minecraft:dexterity":0}},"DataVersion":3465}