{"stats":{"minecraft:killed":{"minecraft:spider":1,"enemyexpansion:direwolf":1,"minecolonies:amazonspearman":1,"minecraft:wither_skeleton":1313,"enemyexpansion:slugger":1},"minecraft:picked_up":{"minecraft:cocoa_beans":24,"mmorpg:currency/orb_of_quality":1,"minecraft:iron_chestplate":1,"minecraft:wheat":1,"minecolonies:blockhuttownhall":1,"iceandfire:witherbone":180,"mmorpg:skill_gems/aura/str":2,"minecraft:diamond_sword":27,"mmorpg:jewelry/ring/iron":4,"mmorpg:skill_gems/aura/dex":2,"minecraft:string":2,"minecraft:red_bed":8,"minecraft:raw_copper":7,"minecraft:iron_leggings":2,"minecolonies:blockhutguardtower":1,"mmorpg:jewel/dex":1,"minecraft:red_sand":2,"mmorpg:map":4,"minecraft:cobbled_deepslate":214,"minecraft:jungle_sapling":105,"minecraft:poppy":2,"minecraft:chest":1,"mmorpg:offhand/tome/iron":3,"minecraft:copper_ore":10,"minecraft:iron_boots":6,"minecraft:egg":4,"mmorpg:skill_gems/support/dex":5,"minecraft:stick":183,"minecraft:raw_iron":3,"minecraft:torch":8,"mmorpg:jewelry/necklace/iron":3,"minecraft:diorite":2,"mmorpg:skill_gems/support/int":7,"mmorpg:runes/cen":2,"minecraft:arrow":1,"minecraft:rotten_flesh":3,"minecraft:diamond_boots":1,"mmorpg:currency/level_up_orb":1,"minecraft:rail":1,"minecraft:cobblestone":776,"minecraft:feather":2,"minecraft:jungle_log":978,"minecraft:andesite":222,"mmorpg:gems/azurite/0":1,"minecraft:tuff":24,"minecraft:oak_log":131,"mmorpg:currency/map_rarity_upgrade":1,"minecraft:cobblestone_stairs":3,"minecraft:gunpowder":1,"minecraft:wither_skeleton_skull":8,"minecraft:dirt":99,"mmorpg:seafood/lesser_exp":1,"mmorpg:currency/jewel_corrupt":1,"minecraft:bone":425,"minecraft:apple":18,"minecraft:bow":8,"minecraft:wheat_seeds":17,"minecraft:iron_ore":10,"minecraft:iron_sword":2,"mmorpg:skill_gems/support/str":7,"mmorpg:gems/opal/2":1,"mmorpg:stat_soul":1,"minecraft:sand":30,"mmorpg:weapon/staff/wood":14,"minecraft:spider_eye":1,"minecolonies:clipboard":1,"mmorpg:jewel/int":1,"travelersbackpack:standard":3,"mmorpg:gems/ruby/0":1,"minecraft:iron_helmet":3,"mmorpg:jewelry/necklace/gold":1,"minecraft:granite":194,"mmorpg:skill_gems/aura/int":6,"minecraft:oak_sapling":162,"mmorpg:offhand/dodge/iron":2,"minecraft:coal":129,"minecraft:diamond_pickaxe":2},"minecraft:custom":{"minecraft:blood":0,"minecraft:mob_kills":1333,"minecraft:dexterity":24,"minecraft:interact_with_crafting_table":38,"minecraft:open_barrel":23,"minecraft:damage_dealt_resisted":40544,"minecraft:leave_game":2,"minecraft:time_since_death":491860,"minecraft:climb_one_cm":6399,"minecraft:mana":1140,"minecraft:magic_shield":0,"minecraft:sprint_one_cm":287748,"minecraft:walk_one_cm":2123183,"minecraft:drop":51,"minecraft:health":531,"minecraft:play_time":494262,"minecraft:deaths":2,"minecraft:sneak_time":1052,"minecraft:walk_under_water_one_cm":13993,"minecraft:jump":1870,"minecraft:energy":618,"minecraft:walk_on_water_one_cm":31105,"minecraft:total_world_time":494262,"minecraft:interact_with_furnace":6,"minecraft:intelligence":83,"minecraft:move_speed":0,"minecraft:interact_with_cartography_table":2,"minecraft:sleep_in_bed":38,"minecraft:levels_gained":27,"minecraft:time_since_rest":6747,"minecraft:waystone_activated":2,"minecraft:damage_taken":2176,"minecraft:damage_absorbed":73,"minecraft:trigger_trapped_chest":1,"minecraft:damage_dealt":4048,"minecraft:swim_one_cm":11495,"minecraft:fly_one_cm":36529,"minecraft:open_chest":493,"minecraft:crouch_one_cm":844,"minecraft:strength":33,"minecraft:fall_one_cm":27962},"minecraft:used":{"minecraft:stone_shovel":106,"minecraft:chest":6,"minecraft:iron_sword":178,"minecraft:torch":5,"minecraft:dirt":5,"minecraft:carrot":14,"minecraft:wooden_axe":551,"minecraft:polished_andesite_stairs":44,"minecraft:jungle_log":8,"minecolonies:scepterguard":1,"minecraft:potato":28,"minecraft:wheat_seeds":101,"minecraft:cobblestone_stairs":361,"minecraft:wooden_pickaxe":19,"minecraft:crafting_table":3,"minecraft:red_bed":8,"minecolonies:supplychestdeployer":1,"minecraft:diamond_pickaxe":1473,"minecraft:apple":4,"minecraft:bread":13,"mmorpg:weapon/staff/wood":60,"minecraft:diamond_sword":1,"minecraft:wooden_sword":67,"minecraft:cobblestone":8,"travelersbackpack:standard":13,"structurize:sceptergold":3},"minecraft:mined":{"minecraft:tuff":29,"minecraft:cobblestone_stairs":3,"minecraft:jungle_leaves":31,"minecraft:granite":148,"minecraft:red_sand":2,"minecraft:grass_block":17,"minecraft:jungle_log":1106,"travelersbackpack:white_sleeping_bag":2,"minecraft:carrots":14,"minecraft:iron_ore":2,"minecraft:andesite":220,"minecraft:potatoes":28,"minecraft:vine":54,"minecraft:deepslate_iron_ore":1,"minecraft:rail":1,"minecraft:stone":836,"minecraft:red_bed":8,"travelersbackpack:standard":3,"minecraft:poppy":3,"minecraft:chest":1,"minecraft:copper_ore":2,"minecraft:cobblestone":1,"minecraft:diorite":11,"minecraft:wheat":101,"minecraft:grass":93,"minecraft:coal_ore":18,"minecraft:oak_log":193,"minecraft:dirt":77,"minecraft:sand":30,"minecraft:fern":36,"minecraft:oak_leaves":640,"minecraft:deepslate":215},"minecraft:crafted":{"minecraft:stone_shovel":3,"minecraft:cut_sandstone":4,"minecraft:cobblestone_stairs":588,"structurize:sceptergold":3,"minecraft:dark_oak_planks":360,"minecolonies:supplychestdeployer":1,"minecraft:dark_oak_stairs":168,"minecraft:crafting_table":5,"minecraft:polished_andesite_stairs":44,"minecraft:jungle_boat":6,"minecraft:stone_axe":1,"minecraft:jungle_planks":780,"minecraft:dark_oak_slab":198,"minecraft:stick":32,"minecraft:wooden_axe":21,"minecraft:stone_sword":1,"minecraft:sandstone":7,"minecraft:andesite":6,"minecraft:polished_andesite":268},"minecraft:dropped":{"minecraft:iron_sword":1,"minecraft:wheat_seeds":2,"mmorpg:currency/jewel_corrupt":1,"mmorpg:skill_gems/support/dex":1,"minecraft:dark_oak_slab":128,"travelersbackpack:standard":1,"mmorpg:skill_gems/support/int":1,"minecraft:coal":19,"mmorpg:weapon/staff/wood":9,"minecraft:stick":14,"minecraft:dirt":36,"minecraft:cut_sandstone":3,"mmorpg:gems/azurite/0":1,"minecraft:dark_oak_planks":1,"minecraft:bone":64,"minecraft:stone_axe":1,"minecraft:cobbled_deepslate":128,"minecraft:raw_copper":7,"minecraft:raw_iron":3,"minecraft:stone_shovel":1,"iceandfire:witherbone":64,"minecraft:wither_skeleton_skull":2,"minecraft:iron_boots":1,"minecraft:diamond_sword":2,"minecraft:cobblestone_slab":7,"minecolonies:blockhuttownhall":1,"minecraft:diamond_pickaxe":1,"mmorpg:offhand/tome/iron":1,"minecraft:andesite":10,"minecraft:sandstone":2,"minecraft:wooden_pickaxe":1,"structurize:sceptergold":2},"minecraft:broken":{"minecraft:wooden_sword":1,"minecraft:wooden_axe":22}},"DataVersion":3465}