{"stats":{"minecraft:picked_up":{"minecraft:iron_chestplate":36,"minecraft:chainmail_boots":14,"mmorpg:gems/sapphire/0":4,"minecraft:flower_pot":7,"regions_unexplored:silt_dirt":1,"minecraft:stone_slab":2,"minecraft:diamond_sword":287,"minecraft:oak_stairs":1,"mcwfences:stone_grass_topped_wall":110,"minecraft:enchanted_book":32,"magistuarmory:barding":5,"minecraft:golden_sword":9,"minecraft:amethyst_block":1,"magistuarmory:steel_lucernhammer":13,"minecraft:music_disc_cat":8,"minecraft:string":475,"minecraft:dark_oak_trapdoor":13,"minecraft:soul_soil":74,"minecraft:red_nether_bricks":2,"mcwfences:stone_pillar_wall":3,"minecraft:pufferfish":11,"mmorpg:jewel/dex":11,"minecraft:beetroot":12,"mmorpg:map":60,"minecraft:diamond_leggings":11,"regions_unexplored:pine_log":11,"minecraft:gold_nugget":8,"minecraft:cobbled_deepslate":1520,"mmorpg:gems/tourmaline/0":7,"minecraft:spruce_planks":10,"mcwbridges:bridge_torch":2,"regions_unexplored:larch_log":1,"mmorpg:material/fishing/0":36,"minecraft:enchanted_golden_apple":1,"minecraft:melon_slice":118,"mmorpg:gems/emerald/1":2,"minecraft:coal_block":60,"mmorpg:gems/amethyst/0":7,"mmorpg:currency/socket_adder":12,"mmorpg:runes/dos":4,"mmorpg:gems/opal/0":6,"minecraft:golden_helmet":2,"mmorpg:gems/emerald/0":4,"minecraft:jukebox":4,"minecraft:golden_axe":1,"minecraft:lightning_rod":9,"mmorpg:jewelry/necklace/iron":16,"mmorpg:gems/opal/1":3,"magistuarmory:rustedcrusader_chestplate":1,"minecraft:golden_chestplate":3,"minecraft:chiseled_nether_bricks":2,"minecraft:brown_carpet":1,"minecraft:orange_bed":1,"minecraft:stone_sword":10,"minecraft:tropical_fish":4,"minecraft:carved_pumpkin":1,"minecraft:cyan_terracotta":1,"minecraft:glowstone":85,"minecraft:white_terracotta":252,"minecraft:blaze_rod":82,"mmorpg:runes/eno":4,"minecraft:iron_bars":62,"minecraft:birch_log":137,"minecraft:magma_block":21,"travelersbackpack:iron_golem":6,"minecraft:mossy_cobblestone_slab":1,"minecraft:feather":26,"minecraft:water_bucket":1,"minecraft:jungle_log":1138,"minecraft:brown_wool":8,"mmorpg:chest/common_gear":7,"regions_unexplored:dead_steppe_shrub":2,"minecraft:flint":100,"regions_unexplored:viridescent_nylium":1,"minecolonies:blockhutbuilder":4,"travelersbackpack:gold_tier_upgrade":1,"mmorpg:seafood/lesser_exp":1,"mmorpg:currency/jewel_corrupt":12,"mmorpg:tp_back":2,"mmorpg:gems/garnet/1":1,"minecraft:chipped_anvil":6,"minecraft:stonecutter":4,"mmorpg:gems/ruby/1":1,"regions_unexplored:pink_bioshroom":1,"minecraft:glowstone_dust":125,"mmorpg:keys/1":1,"mmorpg:skill_gems/support/str":21,"mmorpg:material/fishing/1":63,"mcwfences:deepslate_grass_topped_wall":9,"regions_unexplored:pine_sapling":5,"mmorpg:harvest/purple_gem":17,"mmorpg:runes/har":3,"minecraft:ink_sac":46,"domum_ornamentum:shingle_slab":1,"minecraft:dark_oak_log":6837,"minecraft:red_terracotta":261,"minecraft:barrel":22,"minecraft:polished_andesite":1,"mmorpg:gems/garnet/0":8,"regions_unexplored:hyssop":5,"mmorpg:rare_mats/mining/greater":1,"minecraft:deepslate":1437,"mmorpg:gems/ruby/0":5,"regions_unexplored:tall_pink_bioshroom":2,"minecraft:writable_book":2,"minecraft:deepslate_gold_ore":20,"regions_unexplored:clover":14,"minecraft:granite":248,"minecraft:bread":97,"minecraft:golden_horse_armor":11,"minecraft:chainmail_helmet":16,"mmorpg:skill_gems/aura/int":45,"minecraft:diamond_pickaxe":12,"mmorpg:gems/topaz/1":1,"minecraft:crafting_table":10,"minecraft:coarse_dirt":2,"minecolonies:blockhuttownhall":4,"minecraft:purple_wool":11,"iceandfire:witherbone":58,"minecraft:nether_wart":86,"minecraft:clay_ball":1206,"minecraft:leather_leggings":1,"mmorpg:skill_gems/aura/str":26,"magistuarmory:maximilian_helmet":2,"minecraft:cornflower":4,"minecraft:jungle_trapdoor":1,"minecraft:red_bed":19,"minecraft:iron_shovel":1,"minecraft:netherite_sword":4,"minecraft:deepslate_diamond_ore":13,"minecraft:music_disc_otherside":1,"minecraft:beef":51,"minecraft:cyan_wool":19,"minecraft:jungle_sapling":113,"minecraft:iron_nugget":4,"minecraft:poppy":28,"minecraft:spruce_slab":6,"minecraft:birch_sapling":69,"minecraft:chest":54,"minecraft:copper_ore":32,"minecraft:egg":22,"mmorpg:skill_gems/support/dex":28,"minecraft:sandstone":45,"minecraft:stone":2367,"travelersbackpack:cactus":1,"minecraft:spruce_fence":15,"minecraft:fire_charge":15,"structurize:sceptergold":5,"minecraft:carrot":11,"mmorpg:skill_gems/support/int":40,"minecraft:redstone":76,"untamedwilds:hide_white":3,"minecraft:stone_shovel":3,"minecraft:diamond_chestplate":7,"mmorpg:runes/fey":3,"untamedwilds:hide_beige":2,"minecraft:beetroot_seeds":24,"mmorpg:currency/affix_common_reroll":11,"minecraft:diamond_boots":4,"minecraft:hay_block":18,"magistuarmory:steel_zweihander":18,"minecraft:yellow_terracotta":476,"mmorpg:currency/level_up_orb":4,"minecraft:gold_ingot":161,"minecraft:mutton":22,"minecraft:bone_block":6,"minecraft:white_wool":30,"minecraft:lapis_ore":6,"mmorpg:rare_mats/husbandry/lesser":1,"magistuarmory:rustedhalfarmor_chestplate":1,"regions_unexplored:eucalyptus_log":1,"mcwfences:railing_stone_brick_wall":92,"minecraft:fern":65,"minecraft:jungle_fence":1,"minecraft:red_mushroom":1,"minecraft:filled_map":4,"waystones:sandy_waystone":1,"minecraft:oak_log":704,"minecraft:lily_pad":2,"magistuarmory:chainmail_horse_armor":4,"minecraft:paper":6,"minecraft:white_banner":5,"minecraft:spawner":17,"untamedwilds:spawn_tortoise":1,"minecraft:apple":126,"minecraft:stone_bricks":154,"minecraft:kelp":5,"mmorpg:currency/unique_reroll":1,"minecraft:iron_ore":60,"minecraft:cobweb":6,"minecolonies:blockhutuniversity":1,"minecraft:iron_sword":44,"minecraft:dark_oak_stairs":8,"minecraft:polished_andesite_stairs":3,"minecraft:smooth_basalt":11,"minecraft:dark_oak_slab":13,"minecraft:red_wool":7,"minecraft:cracked_nether_bricks":1,"minecraft:gravel":266,"mmorpg:stat_soul":20,"magistuarmory:rustednorman_helmet":1,"magistuarmory:rustedchainmail_leggings":3,"minecraft:crying_obsidian":26,"mmorpg:weapon/staff/iron":6,"minecraft:leather_helmet":4,"travelersbackpack:standard":15,"minecraft:oak_wood":10,"minecraft:diamond_shovel":9,"minecraft:coal_ore":213,"mmorpg:gems/tourmaline/1":5,"regions_unexplored:fireweed":3,"minecraft:stone_axe":5,"mmorpg:runes/ano":2,"minecraft:rib_armor_trim_smithing_template":1,"mmorpg:jewelry/necklace/gold":3,"minecraft:diamond_axe":2,"minecraft:gray_wool":4,"naturescompass:naturescompass":1,"minecraft:baked_potato":19,"minecraft:melon_seeds":25,"minecraft:stripped_dark_oak_log":50,"minecraft:hopper":3,"minecraft:ender_pearl":1,"mmorpg:currency/orb_of_quality":10,"minecraft:wheat":26,"minecolonies:spear":1,"travelersbackpack:bat":3,"mmorpg:runes/toq":1,"minecraft:nether_brick_fence":12,"minecraft:yellow_wool":12,"enemyexpansion:wasp_thorax":1,"minecraft:potion":1,"minecraft:stone_brick_stairs":261,"untamedwilds:flora_hemlock":1,"mmorpg:skill_gems/aura/dex":39,"minecraft:raw_copper":217,"domum_ornamentum:shingle":4,"minecraft:deepslate_lapis_ore":12,"minecraft:smooth_stone_slab":10,"minecraft:iron_leggings":45,"minecraft:zombie_head":25,"minecraft:experience_bottle":31,"magistuarmory:demon_horns_decoration":3,"minecraft:sea_pickle":7,"travelersbackpack:blaze":1,"minecraft:red_sand":640,"minecraft:smooth_stone":2,"minecraft:bucket":13,"minecraft:white_tulip":5,"domum_ornamentum:plain":64,"minecraft:rose_bush":6,"minecraft:redstone_torch":3,"minecraft:cobblestone_slab":3,"minecraft:smooth_quartz":45,"minecraft:calcite":1,"minecraft:iron_pickaxe":1,"mmorpg:currency/chaos_orb":11,"mmorpg:runes/mos":2,"regions_unexplored:blackwood_log":192,"minecraft:deepslate_iron_ore":3,"minecraft:iron_boots":36,"minecraft:furnace":3,"minecraft:blue_wool":10,"minecraft:stick":1107,"minecraft:brown_terracotta":854,"minecraft:torch":178,"mmorpg:rare_mats/fishing/greater":24,"minecraft:spruce_stairs":7,"minecraft:porkchop":27,"iceandfire:rotten_egg":1,"minecraft:diorite":309,"regions_unexplored:daisy":2,"minecolonies:blockhutcitizen":3,"regions_unexplored:barley":9,"mcwtrpdoors:jungle_ranch_trapdoor":1,"minecraft:rotten_flesh":243,"minecraft:green_wool":6,"mmorpg:runes/ita":6,"minecraft:obsidian":39,"untamedwilds:flora_yarrow":1,"minecraft:cod":64,"minecraft:cobblestone":3408,"minecraft:nautilus_shell":2,"minecraft:enchanting_table":5,"minecraft:leather_chestplate":6,"minecraft:magma_cream":86,"mmorpg:rare_mats/fishing/medium":22,"mcwwindows:stone_brick_arrow_slit":11,"minecraft:andesite":355,"minecraft:golden_leggings":1,"mmorpg:gems/azurite/0":5,"minecraft:potato":295,"minecraft:tuff":45,"minecraft:wither_skeleton_skull":124,"minecraft:lapis_lazuli":101,"minecraft:dirt":19695,"minecraft:name_tag":17,"minecraft:leather_boots":2,"minecraft:bone":5273,"mmorpg:harvest/green_gem":31,"mcwfences:stone_brick_railing_gate":2,"mmorpg:gems/azurite/1":1,"minecraft:bow":45,"minecraft:wheat_seeds":234,"minecraft:raw_gold":5,"minecraft:bamboo":73,"minecraft:oak_planks":10,"minecraft:cooked_porkchop":23,"minecraft:music_disc_13":11,"minecraft:poisonous_potato":2,"torchmaster:megatorch":2,"minecraft:jungle_planks":26,"minecraft:sand":1391,"minecraft:dead_bush":24,"minecraft:nether_brick_stairs":15,"minecraft:diamond_block":2,"minecraft:grass_block":2,"minecraft:cyan_bed":1,"mmorpg:jewelry/ring/gold":1,"minecraft:jungle_slab":13,"mcwfences:deepslate_brick_grass_topped_wall":12,"minecraft:orange_wool":13,"minecraft:mossy_cobblestone":11,"minecraft:dark_prismarine":3,"mmorpg:jewel/int":5,"minecraft:light_gray_terracotta":134,"mmorpg:rare_mats/fishing/lesser":23,"minecraft:diamond":161,"minecraft:netherite_helmet":2,"minecraft:soul_lantern":44,"magistuarmory:corruptedroundshield":1,"minecraft:crossbow":19,"minecraft:bone_meal":25,"minecraft:grass":211,"minecraft:golden_apple":18,"minecraft:netherrack":27,"minecraft:emerald":66,"minecraft:oak_sapling":457,"minecraft:chorus_fruit":7,"mmorpg:chest/uncommon_gear":14,"minecraft:andesite_slab":12,"minecraft:fishing_rod":14,"minecraft:cocoa_beans":57,"mmorpg:gems/topaz/0":7,"minecraft:chicken":3,"minecraft:brown_mushroom":1,"mmorpg:jewelry/ring/iron":20,"minecraft:stone_brick_wall":53,"minecraft:gold_block":2,"corail_recycler:diamond_shard":21,"minecraft:diamond_horse_armor":8,"minecraft:brick":7,"minecraft:shield":22,"minecraft:moss_carpet":2,"minecraft:iron_axe":4,"untamedwilds:food_bear_raw":2,"minecraft:item_frame":21,"minecraft:cyan_carpet":451,"minecolonies:blockhutguardtower":2,"minecraft:blue_orchid":1,"minecraft:oak_boat":19,"minecraft:player_head":14,"mmorpg:stone/0":29,"minecraft:light_gray_wool":3,"minecraft:sugar_cane":741,"mmorpg:offhand/tome/iron":19,"minecraft:spruce_trapdoor":20,"mcwfences:modern_stone_brick_wall":12,"minecraft:lime_wool":7,"minecraft:dark_oak_sapling":684,"minecraft:raw_iron":55,"minecraft:stripped_crimson_hyphae":1,"minecraft:copper_ingot":34,"minecraft:bowl":1,"mmorpg:currency/affix_tier_up_down":13,"minecraft:music_disc_11":1,"magistuarmory:maximilian_chestplate":1,"mmorpg:jewel/str":5,"mmorpg:runes/nos":4,"minecraft:light_gray_stained_glass_pane":1,"minecraft:iron_horse_armor":15,"minecraft:dark_oak_planks":10,"minecraft:arrow":128,"minecolonies:resourcescroll":5,"mmorpg:runes/cen":7,"minecraft:jungle_stairs":6,"minecraft:nether_bricks":6,"minecraft:pink_tulip":1,"minecraft:saddle":29,"minecraft:skeleton_skull":16,"minecraft:jungle_boat":1,"travelersbackpack:ghast":2,"minecraft:golden_carrot":64,"minecraft:glow_ink_sac":6,"minecraft:salmon":65,"minecraft:leather":43,"minecraft:chainmail_chestplate":14,"mmorpg:currency/map_rarity_upgrade":12,"minecraft:gunpowder":119,"minecraft:cobblestone_stairs":94,"minecraft:orange_terracotta":1354,"minecolonies:ancienttome":1,"minecraft:red_carpet":3,"minecraft:red_nether_brick_stairs":1,"magistuarmory:steel_flamebladedsword":15,"untamedwilds:material_fat":13,"minecraft:red_sandstone":7,"minecraft:spruce_wood":12,"minecraft:iron_ingot":40,"minecraft:soul_sand":318,"minecraft:music_disc_chirp":1,"minecraft:book":90,"minecraft:scaffolding":1,"minecraft:oak_slab":1,"minecraft:pumpkin":12,"magistuarmory:rustedchainmail_chestplate":1,"minecraft:chiseled_stone_bricks":36,"minecraft:stone_brick_slab":101,"minecraft:dandelion":17,"minecraft:lava_bucket":1,"minecraft:amethyst_shard":16,"minecraft:blast_furnace":1,"mmorpg:weapon/staff/wood":43,"minecraft:white_bed":1,"minecraft:nether_brick_slab":16,"minecraft:gold_ore":6,"mmorpg:harvest/blue_gem":8,"minecraft:spider_eye":96,"minecolonies:clipboard":1,"magistuarmory:rustedchainmail_helmet":1,"minecraft:pumpkin_seeds":20,"minecraft:campfire":1,"magistuarmory:rusted_bastardsword":2,"regions_unexplored:blackwood_sapling":40,"minecraft:chainmail_leggings":16,"minecraft:iron_helmet":42,"minecraft:terracotta":1435,"minecraft:damaged_anvil":1,"minecraft:black_wool":22,"minecraft:dark_oak_wood":2,"mmorpg:offhand/dodge/iron":22,"minecraft:coal":2707},"minecraft:used":{"regions_unexplored:pine_planks":27,"minecraft:spruce_slab":5,"minecraft:chest":34,"minecolonies:resourcescroll":149,"minecraft:stone":347,"minecraft:soul_sand":1,"mcwfences:deepslate_grass_topped_wall":9,"regions_unexplored:barley":1,"minecraft:grass_block":2,"minecraft:dark_oak_slab":1,"minecraft:stone_brick_stairs":611,"mcwfences:stone_brick_railing_gate":4,"minecraft:bow":195,"magistuarmory:rusted_bastardsword":132,"minecraft:furnace":9,"minecraft:cooked_cod":7,"minecraft:egg":12,"minecraft:potato":334,"minecraft:diorite":2,"minecraft:damaged_anvil":1,"minecraft:wooden_pickaxe":44,"minecraft:jungle_boat":1,"minecraft:dark_oak_trapdoor":13,"minecraft:sand":29,"minecraft:blast_furnace":2,"minecraft:lightning_rod":33,"minecraft:red_sandstone":7,"minecraft:cyan_carpet":23,"minecraft:diamond_sword":5347,"minecraft:coal_block":1,"minecraft:birch_log":1,"minecraft:oak_boat":18,"minecraft:iron_bars":267,"minecraft:stone_sword":25,"waystones:sandy_waystone":1,"mcwfences:deepslate_brick_grass_topped_wall":12,"mcwwindows:stone_brick_arrow_slit":11,"minecraft:cooked_salmon":5,"travelersbackpack:bat":62,"minecraft:netherrack":12,"minecraft:torch":706,"minecraft:anvil":1,"regions_unexplored:clover":14,"minecraft:fern":1,"minecraft:chipped_anvil":3,"minecraft:iron_axe":150,"minecraft:smooth_quartz":24,"mcwfences:stone_grass_topped_wall":169,"minecraft:barrel":7,"minecraft:glowstone":32,"torchmaster:megatorch":4,"minecraft:orange_terracotta":106,"minecraft:wheat_seeds":807,"minecraft:water_bucket":21,"regions_unexplored:dead_steppe_shrub":1,"minecraft:mossy_cobblestone":7,"minecraft:crafting_table":19,"minecraft:red_bed":19,"minecraft:diamond_pickaxe":15001,"minecraft:diamond_shovel":15115,"minecraft:iron_pickaxe":429,"minecraft:spruce_trapdoor":9,"minecraft:chiseled_stone_bricks":148,"minecraft:cobblestone":947,"travelersbackpack:standard":76,"minecraft:cooked_porkchop":54,"minecolonies:clipboard":13,"structurize:sceptergold":116,"mcwfences:stone_pillar_wall":3,"minecraft:red_sand":12,"minecraft:iron_shovel":4274,"minecraft:shield":223,"minecraft:iron_sword":1179,"minecraft:grass":2,"minecraft:carrot":212,"minecraft:jungle_planks":4,"minecolonies:spear":1,"minecraft:music_disc_13":1,"minecraft:milk_bucket":1,"minecraft:coal_ore":1,"minecraft:spruce_wood":1,"minecraft:item_frame":8,"minecraft:stone_bricks":710,"minecraft:deepslate_diamond_ore":2,"minecraft:magma_block":4,"minecraft:brown_carpet":1,"minecraft:scaffolding":1,"minecraft:dark_oak_sapling":249,"minecraft:dark_oak_stairs":7,"minecraft:stone_pickaxe":295,"minecraft:oak_planks":34,"minecraft:sandstone":9,"travelersbackpack:iron_golem":45,"minecraft:sugar_cane":1,"minecraft:diamond_axe":240,"minecraft:white_wool":1,"minecraft:yellow_terracotta":238,"minecraft:stone_brick_wall":119,"minecraft:deepslate_lapis_ore":5,"minecraft:shears":279,"minecraft:melon_slice":82,"minecraft:dark_oak_log":69,"minecraft:bread":387,"minecraft:cyan_bed":2,"minecraft:deepslate":1463,"minecraft:gravel":6,"minecraft:chainmail_boots":1,"domum_ornamentum:shingle_slab":1,"minecraft:andesite":6,"minecraft:coarse_dirt":2,"minecraft:bone_meal":695,"minecraft:cobweb":2,"minecraft:netherite_sword":738,"travelersbackpack:blaze":1,"minecraft:flint_and_steel":11,"minecraft:stone_shovel":746,"minecraft:redstone":1,"minecraft:spruce_planks":18,"minecraft:stone_hoe":1,"minecraft:cooked_chicken":12,"magistuarmory:steel_lucernhammer":2,"minecraft:dirt":19592,"minecraft:spyglass":11,"minecraft:spruce_stairs":4,"minecraft:bee_nest":1,"minecraft:granite":13,"minecraft:spruce_fence":1,"minecraft:iron_hoe":9,"minecraft:stone_brick_slab":466,"minecraft:brown_terracotta":277,"minecraft:dark_oak_planks":10,"minecraft:bookshelf":11,"minecraft:iron_boots":1,"minecraft:golden_carrot":12,"minecraft:soul_soil":2,"minecraft:cooked_beef":49,"minecraft:cooked_mutton":11,"minecraft:cobblestone_stairs":175,"minecraft:glass_bottle":24,"minecraft:baked_potato":332,"minecraft:andesite_slab":5,"minecraft:stonecutter":5,"minecraft:chiseled_nether_bricks":1,"minecraft:terracotta":438,"mcwfences:modern_stone_brick_wall":74,"travelersbackpack:ghast":3,"minecraft:flower_pot":2,"minecraft:black_wool":6,"minecraft:apple":20,"mcwbridges:bridge_torch":1,"minecraft:lapis_ore":5,"minecraft:jungle_stairs":3,"minecraft:stone_axe":931,"mmorpg:weapon/staff/wood":1,"minecraft:fishing_rod":155,"minecraft:white_banner":5,"minecraft:bucket":23,"minecraft:sea_pickle":7,"mcwfences:railing_stone_brick_wall":220},"minecraft:mined":{"minecraft:dark_oak_planks":2,"minecraft:white_bed":1,"mcwfences:stone_pillar_wall":3,"minecraft:jungle_leaves":14,"minecraft:obsidian":36,"minecraft:carved_pumpkin":1,"minecraft:potted_dead_bush":1,"minecraft:granite":248,"minecraft:red_sand":660,"minecraft:stone_brick_wall":46,"minecraft:jungle_log":1058,"minecraft:coal_block":56,"minecraft:chiseled_stone_bricks":34,"minecraft:nether_wart":27,"minecraft:spawner":41,"regions_unexplored:stone_bud":4,"minecraft:magma_block":25,"minecraft:dark_oak_trapdoor":13,"minecraft:barrel":23,"minecraft:fire":55,"minecraft:moss_carpet":2,"minecraft:pumpkin":11,"minecraft:deepslate_lapis_ore":18,"minecraft:nether_brick_stairs":16,"minecraft:enchanting_table":4,"minecraft:dirt_path":70,"minecraft:oak_stairs":1,"minecraft:pink_tulip":1,"minecraft:spruce_wood":1,"minecraft:player_head":14,"minecraft:orange_bed":1,"regions_unexplored:dead_steppe_shrub":2,"travelersbackpack:ghast":1,"minecraft:red_bed":18,"minecraft:soul_fire":28,"minecraft:amethyst_cluster":4,"minecraft:torch":40,"minecraft:blast_furnace":2,"minecraft:dark_oak_wood":1,"minecraft:polished_andesite_stairs":3,"minecraft:melon":18,"minecraft:dead_bush":67,"minecraft:nether_brick_slab":12,"mcwfences:deepslate_brick_grass_topped_wall":12,"minecraft:cyan_bed":1,"minecraft:sugar_cane":362,"minecraft:damaged_anvil":1,"minecraft:amethyst_block":1,"regions_unexplored:pine_log":12,"minecraft:skeleton_skull":13,"minecraft:white_terracotta":259,"minecraft:cyan_wool":2,"regions_unexplored:hyssop":4,"minecraft:wheat":799,"minecraft:jukebox":4,"minecraft:stone_brick_stairs":228,"minecraft:potted_poppy":1,"minecraft:grass":1034,"minecraft:dark_oak_sapling":9,"minecraft:smooth_quartz":27,"regions_unexplored:clover":5,"minecraft:smooth_basalt":11,"minecraft:stonecutter":4,"minecraft:deepslate":2187,"minecraft:yellow_terracotta":459,"regions_unexplored:fireweed":3,"minecraft:dark_prismarine":2,"minecolonies:blockhutcitizen":2,"minecraft:mossy_cobblestone":7,"mcwfences:stone_grass_topped_wall":110,"minecraft:dark_oak_log":6634,"minecraft:cyan_stained_glass":2,"mcwfences:stone_brick_railing_gate":2,"minecraft:nether_bricks":22,"minecraft:spruce_fence":4,"minecraft:jungle_planks":7,"minecraft:redstone_wire":1,"minecraft:redstone_ore":3,"minecraft:red_sandstone":7,"domum_ornamentum:shingle_slab":1,"minecraft:andesite":349,"mcwwindows:stone_brick_arrow_slit":11,"minecraft:potatoes":327,"minecraft:vine":76,"minecraft:cobblestone_slab":2,"minecraft:bamboo":90,"regions_unexplored:windswept_grass":24,"minecraft:white_wool":1,"minecraft:oak_slab":1,"minecraft:soul_sand":349,"minecraft:chiseled_nether_bricks":2,"minecraft:stone_brick_slab":95,"minecraft:dandelion":18,"regions_unexplored:silt_dirt":1,"regions_unexplored:blackwood_log":158,"minecraft:lightning_rod":9,"minecraft:copper_ore":51,"minecraft:tall_grass":52,"minecraft:deepslate_gold_ore":22,"minecraft:diorite":299,"minecolonies:blockhutguardtower":1,"minecraft:red_terracotta":232,"minecraft:coarse_dirt":2,"minecraft:birch_leaves":6,"regions_unexplored:sandy_grass":3,"minecraft:zombie_head":25,"minecraft:gravel":394,"minecraft:cobweb":19,"minecraft:brown_terracotta":863,"minecraft:stone_bricks":141,"minecraft:gold_ore":10,"minecraft:chipped_anvil":5,"minecraft:fern":314,"minecraft:spruce_planks":5,"minecraft:jungle_slab":1,"minecraft:cobblestone_stairs":92,"minecraft:spruce_trapdoor":9,"travelersbackpack:iron_golem":5,"minecraft:grass_block":9783,"minecraft:soul_soil":99,"minecraft:frosted_ice":5,"mcwfences:railing_stone_brick_wall":92,"regions_unexplored:blue_bioshroom_block":5,"minecraft:mossy_cobblestone_slab":1,"minecraft:glowstone":118,"minecolonies:blockconstructiontape":10,"minecraft:iron_ore":113,"minecraft:potted_red_mushroom":1,"minecraft:dark_oak_stairs":8,"mcwbridges:bridge_torch":2,"mcwfences:modern_stone_brick_wall":11,"minecraft:iron_bars":62,"minecraft:potted_cornflower":1,"regions_unexplored:larch_log":1,"minecraft:spruce_slab":6,"minecraft:cyan_terracotta":1,"minecraft:orange_terracotta":1276,"minecraft:soul_lantern":41,"minecraft:clay":300,"minecraft:light_gray_terracotta":132,"minecraft:jungle_stairs":6,"minecraft:calcite":1,"minecraft:poppy":25,"minecraft:chest":54,"regions_unexplored:small_desert_shrub":1,"minecraft:mushroom_stem":5,"minecraft:cobblestone":110,"minecraft:birch_wood":1,"minecraft:oak_planks":12,"minecraft:wall_torch":24,"minecraft:dark_oak_slab":1,"minecraft:birch_log":160,"minecraft:smooth_stone_slab":7,"minecraft:oak_log":793,"minecraft:dirt":7350,"minecraft:sand":1069,"minecraft:netherrack":30,"minecraft:oak_leaves":358,"regions_unexplored:tall_pink_bioshroom":1,"minecraft:crying_obsidian":21,"minecraft:tuff":46,"minecraft:red_carpet":3,"regions_unexplored:barley":10,"minecraft:deepslate_diamond_ore":13,"minecolonies:blockhuttownhall":1,"minecolonies:blockhutbuilder":4,"torchmaster:megatorch":1,"untamedwilds:flora_hemlock":3,"minecraft:spruce_leaves":3,"minecraft:sandstone":49,"minecraft:cracked_nether_bricks":2,"untamedwilds:flora_yarrow":1,"minecraft:hay_block":18,"minecraft:furnace":3,"minecraft:carrots":216,"minecraft:gold_block":1,"minecraft:nether_brick_fence":20,"minecraft:bookshelf":11,"minecraft:shroomlight":3,"minecraft:deepslate_iron_ore":5,"regions_unexplored:medium_grass":19,"minecraft:white_tulip":10,"minecraft:stone":5611,"minecraft:redstone_wall_torch":3,"minecraft:scaffolding":1,"minecolonies:blockminecoloniesgrave":13,"minecraft:stripped_dark_oak_log":48,"travelersbackpack:standard":4,"minecraft:crafting_table":11,"minecraft:oak_wood":10,"mcwfences:deepslate_grass_topped_wall":9,"minecraft:rose_bush":5,"minecraft:deepslate_coal_ore":2,"minecraft:lapis_ore":12,"minecraft:spruce_stairs":4,"untamedwilds:block_burrow":6,"minecraft:sea_pickle":7,"minecraft:mangrove_planks":1,"minecraft:bee_nest":1,"minecraft:black_wool":6,"minecraft:coal_ore":398,"minecraft:cocoa":1,"minecraft:cyan_carpet":292,"minecraft:terracotta":1394},"minecraft:broken":{"minecraft:shears":1,"minecraft:iron_boots":2,"minecraft:iron_leggings":1,"minecraft:chainmail_helmet":1,"minecraft:shield":3,"minecraft:iron_pickaxe":1,"minecraft:iron_helmet":2,"minecraft:iron_shovel":17,"minecraft:stone_pickaxe":2,"minecraft:stone_axe":24,"minecraft:stone_shovel":5,"magistuarmory:rusted_bastardsword":1},"minecraft:custom":{"minecraft:dexterity":40,"minecraft:interact_with_crafting_table":436,"minecraft:open_barrel":531,"minecraft:leave_game":34,"minecraft:time_since_death":2772128,"minecraft:damage_blocked_by_shield":11323,"minecraft:play_time":4659276,"minecraft:deaths":9,"minecraft:jump":57423,"minecraft:enchant_item":55,"minecraft:interact_with_furnace":170,"minecraft:intelligence":36,"minecraft:play_record":1,"minecraft:traded_with_villager":4,"minecraft:sleep_in_bed":325,"minecraft:waystone_activated":3,"minecraft:damage_dealt":306802,"minecraft:interact_with_smoker":11,"minecraft:interact_with_smithing_table":1,"minecraft:interact_with_anvil":41,"minecraft:inspect_hopper":43,"minecraft:mana":1017,"minecraft:magic_shield":47,"minecraft:sneak_time":93018,"minecraft:interact_with_blast_furnace":8,"minecraft:total_world_time":4659276,"minecraft:move_speed":0,"minecraft:tune_noteblock":28,"minecraft:interact_with_stonecutter":81,"minecraft:time_since_rest":4451,"minecraft:swim_one_cm":796195,"minecraft:fly_one_cm":12470005,"minecraft:open_chest":6372,"minecraft:fish_caught":107,"minecraft:fall_one_cm":983113,"minecraft:blood":0,"minecraft:animals_bred":2,"minecraft:sprint_one_cm":12082417,"minecraft:drop":952,"minecraft:health":1071,"minecraft:play_noteblock":90,"minecraft:talked_to_villager":5,"minecraft:interact_with_brewingstand":4,"minecraft:energy":890,"minecraft:walk_on_water_one_cm":213013,"minecraft:levels_gained":40,"minecraft:crouch_one_cm":306067,"minecraft:mob_kills":4673,"minecraft:fill_cauldron":1,"minecraft:damage_dealt_resisted":128098,"minecraft:climb_one_cm":62402,"minecraft:walk_one_cm":17312008,"minecraft:walk_under_water_one_cm":289838,"minecraft:boat_one_cm":2126773,"minecraft:pot_flower":1,"minecraft:interact_with_grindstone":70,"minecraft:damage_taken":47657,"minecraft:damage_absorbed":1174,"minecraft:strength":66},"minecraft:dropped":{"naturescompass:naturescompass":1,"minecraft:iron_sword":8,"minecraft:lapis_lazuli":3,"mmorpg:skill_gems/support/str":3,"mmorpg:stone/0":1,"minecraft:cooked_beef":19,"minecraft:diamond":2,"minecraft:cooked_porkchop":6,"minecraft:red_carpet":3,"minecraft:dirt":454,"minecraft:red_bed":1,"mmorpg:gems/emerald/0":4,"minecraft:jungle_sapling":1,"minecraft:gold_nugget":3,"minecraft:bone_meal":133,"minecraft:bone_block":6,"minecraft:sand":214,"minecraft:iron_pickaxe":1,"mmorpg:harvest/blue_gem":8,"minecraft:fishing_rod":2,"minecraft:white_wool":1,"minecraft:cyan_carpet":231,"minecraft:bone":543,"magistuarmory:barding":2,"minecraft:stone_axe":10,"minecraft:sugar_cane":6,"minecraft:iron_nugget":4,"minecraft:golden_chestplate":2,"minecraft:birch_sapling":1,"minecraft:netherite_sword":3,"minecraft:wheat":11,"minecraft:rotten_flesh":205,"minecraft:glowstone_dust":13,"mmorpg:harvest/green_gem":18,"minecraft:nether_brick_fence":12,"minecraft:jungle_trapdoor":85,"mmorpg:weapon/staff/iron":1,"minecolonies:resourcescroll":2,"minecraft:coal_ore":32,"magistuarmory:steel_zweihander":4,"minecraft:red_nether_bricks":2,"minecraft:glass":31,"domum_ornamentum:plain":64,"regions_unexplored:blackwood_log":151,"minecraft:enchanted_book":1,"minecraft:iron_ingot":64,"mmorpg:stat_soul":6,"minecraft:chiseled_nether_bricks":2,"regions_unexplored:fireweed":3,"mmorpg:jewel/dex":2,"minecraft:wheat_seeds":748,"mmorpg:offhand/dodge/iron":1,"minecraft:light_gray_stained_glass_pane":1,"minecraft:netherite_helmet":1,"minecraft:yellow_terracotta":129,"minecraft:iron_helmet":3,"minecraft:feather":24,"minecraft:cobblestone":141,"mmorpg:skill_gems/aura/dex":3,"mmorpg:skill_gems/support/int":1,"minecraft:coal":92,"regions_unexplored:daisy":2,"mcwfences:stone_grass_topped_wall":31,"minecraft:lava_bucket":5,"minecraft:cobweb":4,"minecraft:diamond_horse_armor":3,"minecraft:jungle_slab":13,"magistuarmory:steel_lucernhammer":5,"regions_unexplored:eucalyptus_log":1,"minecraft:rose_bush":4,"regions_unexplored:barley":8,"minecraft:diamond_helmet":1,"minecraft:potion":1,"minecraft:brown_terracotta":65,"minecraft:oak_stairs":1,"minecraft:pumpkin":12,"minecraft:paper":3,"minecraft:iron_shovel":1,"minecraft:string":168,"minecraft:moss_carpet":2,"regions_unexplored:larch_log":1,"minecraft:soul_soil":22,"minecraft:stone_sword":10,"minecraft:smooth_stone_slab":5,"minecraft:bowl":1,"minecraft:stone_shovel":3,"minecraft:chicken":2,"regions_unexplored:tall_pink_bioshroom":2,"minecraft:iron_boots":3,"minecraft:stone_slab":2,"minecraft:name_tag":1,"regions_unexplored:hyssop":5,"minecraft:white_terracotta":172,"minecraft:nether_bricks":6,"minecraft:spruce_fence":11,"minecraft:pumpkin_seeds":10,"minecraft:suspicious_stew":1,"minecraft:diamond_sword":4,"minecraft:potato":6,"minecraft:cobblestone_slab":3,"minecraft:stone":258,"minecraft:flower_pot":4,"minecraft:spruce_trapdoor":11,"minecraft:diamond_pickaxe":5,"minecraft:carved_pumpkin":1,"minecraft:spider_eye":35,"minecraft:redstone_torch":2,"minecraft:stone_bricks":7,"minecraft:bamboo":9,"minecraft:bow":7,"minecraft:red_sand":93,"untamedwilds:spawn_tortoise":1,"domum_ornamentum:shingle_slab":20,"minecraft:terracotta":636,"minecraft:nether_brick_stairs":15,"mmorpg:currency/map_rarity_upgrade":1,"minecraft:soul_sand":80,"minecraft:diamond_axe":1,"minecraft:baked_potato":128,"minecraft:dark_oak_sapling":260,"minecraft:leather":37,"minecraft:jungle_planks":1,"minecraft:iron_horse_armor":2,"regions_unexplored:viridescent_nylium":1,"travelersbackpack:standard":1,"minecraft:flint":1,"minecraft:music_disc_13":2,"minecraft:dark_oak_log":256,"minecraft:cornflower":4,"minecraft:mutton":7,"minecraft:gravel":1,"minecraft:white_tulip":3,"minecraft:spyglass":1,"regions_unexplored:pink_bioshroom":1,"minecraft:beetroot":7,"minecraft:diamond_shovel":8,"travelersbackpack:bat":1,"travelersbackpack:cactus":1,"minecraft:carrot":2,"travelersbackpack:gold_tier_upgrade":2,"magistuarmory:demon_horns_decoration":4,"minecraft:gunpowder":3,"domum_ornamentum:shingle":8,"travelersbackpack:iron_golem":1,"minecraft:beetroot_seeds":17,"minecraft:melon_seeds":13,"minecraft:stone_brick_wall":7,"minecraft:spruce_wood":11,"minecraft:chest":1,"minecraft:arrow":3,"minecraft:cracked_nether_bricks":1,"structurize:sceptergold":2,"minecraft:water_bucket":1,"minecraft:stone_hoe":1,"minecraft:bread":39,"minecraft:oak_slab":1,"mmorpg:skill_gems/support/dex":2,"mmorpg:harvest/purple_gem":10,"minecraft:diamond_leggings":4,"minecraft:poisonous_potato":6,"mmorpg:chest/uncommon_gear":1,"mmorpg:skill_gems/aura/int":13,"regions_unexplored:pine_sapling":5,"minecraft:tropical_fish":2,"minecraft:spruce_stairs":3,"minecraft:stick":7,"mmorpg:weapon/staff/wood":2,"mmorpg:map":1,"minecraft:iron_block":87,"mmorpg:jewelry/necklace/gold":1,"minecraft:diorite":65,"minecraft:torch":127,"minecraft:smooth_quartz":1,"minecraft:iron_leggings":3,"regions_unexplored:dead_steppe_shrub":1,"minecraft:polished_andesite_stairs":3,"minecraft:iron_axe":4,"minecraft:music_disc_cat":1,"minecraft:smooth_basalt":11,"minecraft:redstone":4,"minecraft:nether_brick_slab":16,"minecraft:kelp":5,"minecraft:nether_wart":5,"minecraft:blaze_rod":2,"minecraft:light_gray_terracotta":134,"minecolonies:ancienttome":1,"mmorpg:jewelry/necklace/iron":2,"minecraft:red_nether_brick_stairs":1,"minecraft:copper_ore":6,"minecraft:filled_map":5,"minecolonies:blockhuttownhall":2,"mmorpg:currency/orb_of_quality":1,"minecraft:shield":7,"mmorpg:gems/ruby/0":5,"minecraft:diamond_chestplate":1,"minecraft:orange_terracotta":338,"minecraft:iron_chestplate":8,"mmorpg:offhand/tome/iron":1,"regions_unexplored:blackwood_sapling":40,"minecraft:oak_boat":1,"minecraft:oak_sapling":11,"minecraft:golden_sword":1,"minecraft:diamond_boots":2,"minecraft:wooden_pickaxe":1,"untamedwilds:flora_hemlock":1,"magistuarmory:steel_flamebladedsword":3,"mmorpg:skill_gems/aura/str":9},"minecraft:crafted":{"minecraft:black_dye":22,"domum_ornamentum:plain":848,"minecraft:smooth_stone":14,"magistuarmory:steel_zweihander":11,"minecraft:dark_oak_pressure_plate":16,"mcwfences:stone_brick_railing_gate":4,"minecraft:dark_oak_wood":24,"minecraft:blaze_powder":46,"minecraft:chain":3,"mcwfences:stone_grass_topped_wall":120,"minecraft:diamond_shovel":5,"minecraft:gray_wool":6,"minecraft:cooked_mutton":21,"minecraft:iron_bars":160,"minecraft:glass":51,"minecolonies:blockhutgraveyard":1,"mcwfences:deepslate_grass_topped_wall":6,"domum_ornamentum:red_brick_extra":20,"minecraft:gray_stained_glass_pane":8,"domum_ornamentum:blockbarreldeco_onside":3,"minecraft:black_wool":9,"minecolonies:resourcescroll":1,"minecraft:gray_bed":5,"minecraft:flower_pot":10,"minecraft:glass_bottle":24,"domum_ornamentum:double_crossed":144,"minecraft:cooked_porkchop":55,"minecraft:diamond_axe":3,"minecraft:polished_andesite_stairs":4,"domum_ornamentum:side_framed":56,"minecraft:golden_pickaxe":1,"minecraft:copper_ingot":16,"minecraft:hay_block":114,"minecraft:campfire":9,"minecraft:stone_brick_stairs":60,"naturescompass:naturescompass":1,"mcwfences:stone_pillar_wall":5,"minecraft:iron_pickaxe":2,"minecraft:iron_block":25,"minecraft:gold_ingot":63,"magistuarmory:rusted_bastardsword":1,"minecraft:golden_carrot":10,"domum_ornamentum:wheat_extra":28,"minecraft:stone_shovel":11,"minecraft:smooth_stone_slab":6,"minecraft:spyglass":2,"minecraft:diamond_hoe":2,"minecolonies:blockhutcitizen":3,"minecraft:bone_meal":12074,"mcwfences:deepslate_brick_grass_topped_wall":6,"domum_ornamentum:one_crossed_rl":36,"domum_ornamentum:cobblestone_extra":176,"mcwfences:railing_stone_brick_wall":62,"minecraft:lantern":1,"minecraft:diamond":81,"magistuarmory:steel_lucernhammer":13,"minecraft:dark_oak_fence":441,"minecraft:polished_diorite":1,"minecraft:ladder":33,"minecraft:spruce_slab":6,"minecraft:stone_pickaxe":3,"domum_ornamentum:up_gated":40,"minecraft:dark_oak_planks":3724,"domum_ornamentum:framed":52,"minecraft:wheat":234,"minecraft:coal_block":137,"domum_ornamentum:brick_extra":80,"minecraft:cyan_bed":1,"domum_ornamentum:one_crossed_lr":40,"minecraft:polished_granite":4,"magistuarmory:corruptedroundshield":1,"minecraft:deepslate_tiles":7,"minecolonies:blockhuttavern":1,"domum_ornamentum:paper_extra":100,"regions_unexplored:pine_planks":44,"domum_ornamentum:shingle":728,"minecraft:wooden_axe":1,"minecraft:iron_leggings":3,"minecraft:iron_shovel":17,"minecraft:white_bed":2,"minecolonies:blockminecoloniesrack":5,"minecraft:brick":2,"minecraft:oak_planks":120,"minecraft:cobblestone_slab":162,"minecraft:barrel":4,"magistuarmory:steel_flamebladedsword":6,"minecraft:cooked_chicken":32,"minecraft:lightning_rod":16,"domum_ornamentum:down_gated":32,"minecraft:cobblestone_stairs":51,"minecraft:heavy_weighted_pressure_plate":1,"mcwdoors:dark_oak_barn_door":2,"minecraft:dark_oak_door":30,"minecraft:bow":2,"minecraft:iron_boots":4,"minecraft:chest":4,"minecraft:copper_block":86,"minecraft:chiseled_stone_bricks":48,"minecraft:rail":32,"minecraft:bricks":9,"mmorpg:keys/0":2,"minecraft:white_banner":2,"minecraft:oak_slab":6,"minecraft:item_frame":4,"minecraft:arrow":20,"minecraft:cauldron":1,"minecraft:crafting_table":18,"minecraft:spruce_planks":108,"minecraft:wooden_pickaxe":1,"minecraft:iron_helmet":3,"minecraft:baked_potato":128,"minecraft:gold_block":7,"mcwfences:modern_stone_brick_wall":61,"minecraft:birch_planks":8,"minecraft:dark_oak_slab":624,"minecraft:book":2,"minecraft:iron_chestplate":3,"minecraft:paper":228,"minecraft:diamond_pickaxe":13,"minecraft:shield":7,"minecraft:stick":1048,"minecraft:iron_ingot":674,"minecraft:stone_sword":1,"minecraft:black_bed":7,"minecraft:gray_carpet":9,"minecraft:dark_oak_fence_gate":8,"minecolonies:blockhutlumberjack":1,"minecraft:light_gray_stained_glass_pane":8,"minecraft:shears":2,"minecraft:sandstone_stairs":9,"minecraft:polished_andesite":7,"minecraft:coarse_dirt":124,"minecraft:oak_door":3,"minecraft:coal":207,"minecraft:stone_brick_wall":1,"magistuarmory:maximilian_helmet":1,"minecraft:furnace":14,"minecraft:dark_oak_trapdoor":32,"minecolonies:blockhutbuilder":1,"minecraft:jungle_trapdoor":84,"minecraft:gray_dye":16,"minecraft:dark_oak_sign":12,"minecraft:diamond_block":1,"minecraft:glass_pane":80,"magistuarmory:demon_horns_decoration":4,"minecraft:leather":33,"minecraft:polished_deepslate":12,"minecraft:black_terracotta":8,"minecraft:iron_axe":3,"minecraft:iron_hoe":1,"minecraft:cobblestone_wall":10,"minecraft:cooked_beef":68,"minecraft:sugar":31,"minecraft:red_dye":5,"minecraft:cooked_cod":7,"minecraft:bone_block":1211,"minecraft:diamond_sword":80,"minecraft:jungle_wood":6,"minecraft:dark_oak_stairs":1140,"mcwwindows:stone_brick_arrow_slit":3,"minecolonies:blockhutschool":1,"minecraft:iron_sword":1,"minecraft:black_banner":3,"minecraft:cooked_salmon":8,"minecraft:stone_axe":30,"domum_ornamentum:shingle_slab":148,"minecraft:bread":30,"minecraft:air":0,"minecraft:jungle_planks":600,"domum_ornamentum:blockbarreldeco_standing":18,"minecraft:oak_boat":2,"minecolonies:blockwaypoint":16,"minecraft:gold_nugget":144,"minecraft:white_dye":7,"minecraft:black_carpet":12,"minecraft:anvil":1,"minecraft:stonecutter":2,"minecraft:andesite":128,"minecraft:torch":760,"minecraft:orange_bed":1,"minecraft:lapis_lazuli":72},"minecraft:killed":{"minecraft:cave_spider":75,"enemyexpansion:equestrian":2,"minecraft:skeleton":107,"minecraft:chicken":2,"minecraft:skeleton_horse":4,"minecraft:tropical_fish":1,"enemyexpansion:vampflyer":2,"minecolonies:archerbarbarian":6,"minecraft:magma_cube":43,"minecraft:salmon":35,"minecraft:pillager":20,"minecraft:zombie":148,"enemyexpansion:botfly":43,"untamedwilds:bison":8,"minecraft:glow_squid":4,"minecraft:cow":20,"minecraft:evoker":2,"minecolonies:chiefbarbarian":3,"minecraft:endermite":1,"minecraft:vindicator":3,"minecolonies:amazonspearman":3,"enemyexpansion:faller":3,"enemyexpansion:scorpion":1,"minecraft:husk":4,"enemyexpansion:sprinter":1,"minecraft:wandering_trader":1,"untamedwilds:big_cat":1,"minecraft:enderman":1,"minecolonies:amazon":2,"minecraft:zombified_piglin":14,"minecraft:witch":4,"minecraft:spider":160,"minecolonies:amazonchief":2,"minecraft:silverfish":4,"minecraft:pig":14,"untamedwilds:tarantula":1,"minecraft:creeper":21,"minecraft:sheep":3,"untamedwilds:bear":1,"minecraft:stray":9,"enemyexpansion:wasp":4,"minecraft:blaze":67,"minecraft:vex":15,"enemyexpansion:direwolf":9,"minecraft:drowned":36,"minecraft:bat":1,"minecolonies:barbarian":7,"minecraft:squid":21,"enemyexpansion:crawler":3,"enemyexpansion:huntsman":2,"minecraft:wither_skeleton":3696,"enemyexpansion:slugger":2}},"DataVersion":3465}