{"stats":{"minecraft:killed":{"minecraft:tropical_fish":1,"minecraft:skeleton_horse":4,"minecolonies:archerbarbarian":6,"minecraft:salmon":42,"minecraft:pillager":20,"minecraft:zombie":148,"untamedwilds:bison":8,"untamedwilds:snake":2,"iceandfire:sea_serpent":5,"minecraft:evoker":2,"minecraft:vindicator":3,"minecraft:endermite":1,"minecolonies:amazonspearman":8,"enemyexpansion:faller":3,"iceandfire:siren":2,"minecraft:husk":9,"enemyexpansion:sprinter":1,"minecraft:frog":2,"untamedwilds:big_cat":1,"iceandfire:ghost":7,"minecraft:zombified_piglin":14,"minecraft:witch":4,"minecraft:spider":169,"minecolonies:amazonchief":3,"minecraft:silverfish":4,"minecraft:piglin":1,"untamedwilds:tarantula":1,"minecraft:sheep":4,"minecraft:vex":15,"enemyexpansion:direwolf":9,"minecraft:drowned":54,"minecolonies:drownedchiefpirate":13,"minecraft:squid":22,"minecraft:wither_skeleton":4198,"enemyexpansion:slugger":2,"minecraft:cave_spider":90,"enemyexpansion:equestrian":2,"minecraft:skeleton":113,"minecraft:chicken":2,"enemyexpansion:vampflyer":2,"minecraft:magma_cube":43,"iceandfire:cockatrice":2,"enemyexpansion:botfly":43,"minecraft:glow_squid":5,"minecraft:cow":20,"minecolonies:chiefbarbarian":3,"untamedwilds:catfish":1,"enemyexpansion:scorpion":1,"minecraft:wandering_trader":1,"minecolonies:drownedarcherpirate":6,"untamedwilds:spadefish":1,"minecraft:enderman":1,"minecolonies:amazon":5,"minecraft:pig":15,"minecraft:creeper":21,"untamedwilds:bear":1,"minecraft:stray":10,"minecraft:blaze":67,"enemyexpansion:wasp":4,"iceandfire:fire_dragon":1,"minecolonies:drownedpirate":8,"minecraft:bat":3,"minecolonies:barbarian":7,"enemyexpansion:crawler":3,"enemyexpansion:huntsman":2},"minecraft:broken":{"minecraft:shears":1,"minecraft:iron_leggings":1,"minecraft:shield":3,"minecraft:iron_pickaxe":1,"minecraft:iron_shovel":17,"minecraft:stone_pickaxe":2,"minecraft:stone_axe":24,"minecraft:stone_shovel":5,"minecraft:iron_boots":2,"minecraft:chainmail_helmet":1,"minecraft:iron_helmet":2,"magistuarmory:rusted_bastardsword":1},"minecraft:dropped":{"naturescompass:naturescompass":1,"minecraft:iron_sword":8,"minecraft:lapis_lazuli":3,"mmorpg:skill_gems/support/str":3,"mmorpg:stone/0":7,"minecraft:diamond":2,"minecraft:cooked_porkchop":6,"minecraft:glow_berries":1,"minecraft:cracked_stone_bricks":4,"minecraft:red_bed":1,"minecraft:gold_nugget":3,"minecraft:sand":214,"minecraft:fishing_rod":2,"mmorpg:harvest/blue_gem":8,"minecraft:white_wool":11,"magistuarmory:barding":2,"minecraft:stone_axe":10,"minecraft:iron_nugget":4,"minecraft:netherite_sword":3,"minecraft:wheat":75,"minecraft:rotten_flesh":240,"minecraft:glowstone_dust":13,"regions_unexplored:mauve_shrub":1,"minecraft:nether_brick_fence":12,"minecraft:coal_ore":32,"magistuarmory:steel_zweihander":4,"minecraft:red_nether_bricks":2,"minecraft:glass":31,"minecraft:stone_brick_stairs":2,"domum_ornamentum:plain":64,"minecraft:wheat_seeds":1416,"mmorpg:offhand/dodge/iron":1,"minecraft:light_gray_stained_glass_pane":1,"regions_unexplored:tassel":6,"mmorpg:skill_gems/aura/dex":3,"mmorpg:skill_gems/support/int":1,"minecraft:lava_bucket":5,"minecraft:cobweb":16,"minecraft:diamond_horse_armor":3,"magistuarmory:steel_lucernhammer":5,"regions_unexplored:barley":8,"travelersbackpack:blaze":1,"minecraft:potion":1,"minecraft:oak_stairs":1,"minecraft:pumpkin":12,"regions_unexplored:silver_birch_leaf_pile":67,"minecraft:soul_soil":22,"minecraft:stone_shovel":3,"minecraft:iron_boots":3,"minecraft:name_tag":1,"minecraft:white_terracotta":172,"regions_unexplored:aster":1,"minecraft:suspicious_stew":1,"minecraft:diamond_sword":4,"minecraft:flower_pot":9,"minecraft:sea_pickle":3,"minecraft:spruce_trapdoor":11,"minecraft:diamond_pickaxe":10,"minecraft:redstone_torch":2,"minecraft:stone_bricks":17,"minecraft:bamboo":9,"minecraft:red_sand":93,"minecraft:bow":10,"regions_unexplored:orange_maple_leaf_pile":40,"minecraft:terracotta":636,"minecraft:nether_brick_stairs":16,"minecraft:soul_sand":80,"minecraft:dark_oak_sapling":260,"travelersbackpack:black_sleeping_bag":3,"minecraft:leather":37,"minecraft:jungle_planks":1,"minecraft:iron_horse_armor":2,"regions_unexplored:viridescent_nylium":1,"travelersbackpack:standard":1,"minecraft:music_disc_13":2,"minecraft:redstone_lamp":50,"minecraft:dark_oak_log":256,"iceandfire:sea_serpent_scales_purple":21,"minecraft:mutton":7,"minecraft:snowball":211,"minecraft:gold_ingot":10,"minecraft:spyglass":1,"minecraft:beetroot":7,"iceandfire:fire_lily":2,"travelersbackpack:bat":1,"travelersbackpack:gold_tier_upgrade":2,"magistuarmory:demon_horns_decoration":4,"minecraft:leather_chestplate":1,"travelersbackpack:iron_golem":1,"minecraft:beetroot_seeds":17,"minecraft:stone_brick_wall":7,"minecraft:cracked_nether_bricks":1,"structurize:sceptergold":2,"minecraft:stone_hoe":1,"minecraft:bread":39,"minecraft:lilac":14,"mmorpg:skill_gems/support/dex":2,"mmorpg:chest/uncommon_gear":1,"mmorpg:skill_gems/aura/int":13,"minecraft:tropical_fish":4,"minecraft:spruce_stairs":3,"mmorpg:weapon/staff/wood":2,"minecraft:iron_block":87,"mmorpg:jewelry/necklace/gold":1,"minecraft:repeater":20,"regions_unexplored:dead_steppe_shrub":1,"minecraft:polished_andesite_stairs":3,"minecraft:kelp":5,"minecraft:light_gray_terracotta":134,"minecolonies:ancienttome":1,"mmorpg:jewelry/necklace/iron":2,"minecraft:copper_ore":6,"mmorpg:currency/orb_of_quality":1,"minecolonies:blockhuttownhall":2,"mmorpg:gems/ruby/0":5,"regions_unexplored:maple_leaf_pile":15,"mmorpg:offhand/tome/iron":1,"minecraft:oak_sapling":11,"minecraft:wooden_pickaxe":1,"untamedwilds:flora_hemlock":1,"magistuarmory:steel_flamebladedsword":3,"mmorpg:skill_gems/aura/str":9,"minecraft:cooked_beef":19,"minecraft:spore_blossom":1,"minecraft:orange_tulip":6,"minecraft:red_carpet":3,"minecraft:dirt":477,"mmorpg:gems/emerald/0":4,"minecraft:jungle_sapling":1,"minecraft:chain":2,"minecraft:bone_meal":133,"minecraft:bone_block":6,"minecraft:iron_pickaxe":1,"minecraft:cyan_carpet":231,"minecraft:bone":559,"minecraft:sugar_cane":83,"minecraft:golden_chestplate":2,"minecraft:birch_sapling":1,"mmorpg:harvest/green_gem":18,"minecraft:jungle_trapdoor":85,"minecolonies:resourcescroll":2,"mmorpg:weapon/staff/iron":1,"regions_unexplored:white_trillium":7,"mmorpg:material/farming/1":2,"minecraft:enchanted_book":1,"minecraft:iron_ingot":71,"regions_unexplored:blackwood_log":151,"mmorpg:stat_soul":6,"regions_unexplored:fireweed":3,"minecraft:chiseled_nether_bricks":2,"mmorpg:jewel/dex":2,"travelersbackpack:squid":1,"minecraft:netherite_helmet":1,"minecraft:feather":24,"minecraft:iron_helmet":3,"minecraft:yellow_terracotta":129,"minecraft:cobblestone":146,"regions_unexplored:enchanted_birch_leaf_pile":18,"minecraft:coal":92,"regions_unexplored:daisy":2,"mcwfences:stone_grass_topped_wall":31,"minecraft:oxeye_daisy":5,"minecraft:jungle_slab":13,"regions_unexplored:eucalyptus_log":1,"minecraft:rose_bush":26,"minecraft:diamond_helmet":1,"minecraft:brown_terracotta":65,"minecraft:iron_shovel":1,"minecraft:paper":3,"minecraft:string":266,"minecraft:pink_tulip":2,"minecraft:moss_carpet":2,"regions_unexplored:larch_log":1,"minecraft:stone_sword":10,"minecraft:smooth_stone_slab":5,"minecraft:bowl":1,"minecraft:chicken":2,"regions_unexplored:tall_pink_bioshroom":2,"minecraft:stone_slab":2,"regions_unexplored:hyssop":5,"minecraft:nether_bricks":6,"minecraft:spruce_fence":11,"minecraft:pumpkin_seeds":10,"minecraft:lily_of_the_valley":20,"minecraft:potato":10,"minecraft:cobblestone_slab":3,"minecraft:stone":283,"minecraft:carved_pumpkin":1,"minecraft:spider_eye":43,"minecraft:red_tulip":12,"untamedwilds:spawn_tortoise":1,"minecraft:dark_prismarine":297,"domum_ornamentum:shingle_slab":64,"mmorpg:currency/map_rarity_upgrade":1,"minecraft:diamond_axe":2,"minecraft:baked_potato":129,"minecraft:flint":17,"regions_unexplored:red_maple_leaf_pile":10,"minecraft:cornflower":6,"minecraft:gravel":15,"minecraft:white_tulip":3,"regions_unexplored:pink_bioshroom":1,"minecraft:diamond_shovel":8,"minecraft:stone_stairs":1,"travelersbackpack:cactus":1,"minecraft:carrot":2,"minecraft:poppy":6,"iceandfire:chain":1,"minecraft:gunpowder":3,"domum_ornamentum:shingle":23,"minecraft:melon_seeds":13,"minecraft:chest":1,"minecraft:spruce_wood":11,"minecraft:arrow":3,"minecraft:water_bucket":1,"minecraft:spawner":2,"minecraft:oak_slab":1,"regions_unexplored:orange_maple_shrub":1,"mmorpg:harvest/purple_gem":10,"minecraft:diamond_leggings":4,"minecraft:poisonous_potato":7,"regions_unexplored:pine_sapling":5,"minecraft:grass_block":1,"minecraft:stick":7,"mmorpg:map":1,"minecraft:diorite":66,"minecraft:torch":127,"iceandfire:lightning_lily":1,"minecraft:smooth_quartz":1,"minecraft:iron_leggings":3,"minecraft:wither_rose":1,"minecraft:iron_axe":4,"minecraft:music_disc_cat":1,"minecraft:dandelion":8,"minecraft:smooth_basalt":11,"minecraft:redstone":4,"minecraft:nether_brick_slab":16,"minecraft:nether_wart":5,"minecraft:blaze_rod":2,"minecraft:red_nether_brick_stairs":1,"minecraft:filled_map":8,"minecraft:shield":7,"minecraft:diamond_chestplate":1,"minecraft:orange_terracotta":338,"minecraft:iron_chestplate":8,"regions_unexplored:blackwood_sapling":40,"minecraft:oak_boat":1,"minecraft:golden_sword":1,"minecraft:diamond_boots":2,"minecraft:calcite":2},"minecraft:picked_up":{"minecraft:lead":1,"minecraft:stone_slab":2,"regions_unexplored:silt_dirt":1,"minecraft:enchanted_book":32,"mmorpg:gems/sapphire/1":1,"minecraft:string":609,"magistuarmory:steel_lucernhammer":13,"minecraft:music_disc_cat":8,"minecraft:pufferfish":15,"mmorpg:jewel/dex":11,"minecraft:diamond_leggings":11,"mmorpg:map":75,"regions_unexplored:larch_log":1,"mcwbridges:bridge_torch":2,"mmorpg:material/fishing/0":36,"mmorpg:currency/socket_adder":16,"mmorpg:gems/emerald/0":4,"minecraft:jukebox":6,"iceandfire:silver_ore":24,"minecraft:golden_axe":1,"minecraft:lightning_rod":9,"mmorpg:jewelry/necklace/iron":18,"mmorpg:gems/opal/1":3,"magistuarmory:rustedcrusader_chestplate":1,"minecraft:golden_chestplate":3,"minecraft:brown_carpet":1,"minecraft:orange_bed":1,"iceandfire:lightning_lily":1,"minecraft:stone_sword":10,"minecraft:carved_pumpkin":5,"minecraft:red_tulip":12,"minecolonies:pirate_legs":1,"minecraft:glowstone":85,"minecraft:bookshelf":71,"minecraft:white_terracotta":252,"minecraft:blaze_rod":82,"mmorpg:runes/eno":5,"minecraft:iron_bars":64,"minecraft:snowball":195,"travelersbackpack:iron_golem":6,"minecraft:feather":33,"minecraft:water_bucket":2,"minecraft:brown_wool":34,"mmorpg:chest/common_gear":8,"minecraft:flint":183,"travelersbackpack:gold_tier_upgrade":1,"minecraft:lantern":1,"mmorpg:seafood/lesser_exp":1,"mmorpg:tp_back":2,"mmorpg:gems/garnet/1":1,"mcwfences:blackstone_grass_topped_wall":16,"minecraft:stonecutter":6,"minecolonies:iron_scimitar":2,"mmorpg:keys/1":1,"mcwfences:deepslate_grass_topped_wall":9,"regions_unexplored:pine_sapling":5,"iceandfire:chain_sticky":1,"mmorpg:runes/har":3,"domum_ornamentum:shingle_slab":1,"minecraft:polished_andesite":1,"minecraft:deepslate":1437,"mmorpg:gems/ruby/0":5,"regions_unexplored:clover":14,"minecraft:granite":433,"minecraft:golden_horse_armor":11,"mmorpg:skill_gems/aura/int":52,"minecraft:diamond_pickaxe":17,"iceandfire:dragon_skull_lightning":5,"mmorpg:gems/topaz/1":2,"minecolonies:blockhuttownhall":4,"minecolonies:pirate_boots":1,"minecraft:clay_ball":1206,"minecraft:leather_leggings":1,"minecraft:redstone_lamp":50,"mmorpg:skill_gems/aura/str":27,"minecraft:cornflower":7,"minecolonies:pirate_cap":2,"minecraft:iron_shovel":1,"iceandfire:graveyard_soil":2,"minecraft:netherite_sword":4,"minecraft:spruce_slab":6,"minecraft:jungle_sapling":113,"minecraft:poppy":34,"untamedwilds:material_pearl":1,"minecraft:birch_sapling":69,"minecraft:diamond_hoe":2,"minecraft:copper_ore":43,"mmorpg:skill_gems/support/dex":33,"minecraft:stone":4994,"minecraft:fire_charge":15,"minecraft:diamond_chestplate":9,"minecraft:stone_shovel":3,"minecraft:hay_block":19,"minecraft:yellow_terracotta":476,"minecraft:mutton":26,"minecraft:bone_block":6,"minecraft:oxeye_daisy":7,"mmorpg:rare_mats/husbandry/lesser":1,"iceandfire:sea_serpent_fang":3,"minecraft:jungle_fence":3,"minecraft:fern":65,"minecraft:lily_pad":4,"magistuarmory:chainmail_horse_armor":4,"minecraft:paper":37,"minecraft:spawner":25,"untamedwilds:spawn_tortoise":1,"regions_unexplored:aster":1,"minecraft:apple":126,"minecraft:spore_blossom":1,"minecraft:iron_ore":68,"minecolonies:blockhutuniversity":1,"minecraft:dark_oak_stairs":23,"minecraft:polished_andesite_stairs":3,"minecraft:smooth_basalt":11,"minecraft:milk_bucket":1,"minecraft:red_wool":22,"minecraft:cracked_nether_bricks":6,"mmorpg:stat_soul":21,"mcwfences:railing_blackstone_wall":20,"magistuarmory:rustednorman_helmet":1,"minecraft:crying_obsidian":26,"mmorpg:weapon/staff/iron":6,"minecraft:leather_helmet":4,"travelersbackpack:standard":20,"minecraft:oak_wood":10,"minecraft:diamond_shovel":9,"minecraft:coal_ore":250,"mmorpg:gems/tourmaline/1":5,"minecraft:slime_ball":15,"regions_unexplored:fireweed":3,"minecolonies:pirate_top":1,"minecraft:rib_armor_trim_smithing_template":1,"mmorpg:jewelry/necklace/gold":3,"minecraft:deepslate_redstone_ore":96,"minecraft:painting":5,"minecraft:baked_potato":20,"minecraft:hopper":3,"minecolonies:spear":3,"mmorpg:material/farming/1":2,"travelersbackpack:bat":4,"minecraft:nether_brick_fence":12,"minecraft:yellow_wool":12,"alexscaves:cave_tablet":8,"enemyexpansion:wasp_thorax":1,"untamedwilds:flora_hemlock":1,"minecraft:stone_brick_stairs":277,"travelersbackpack:spider":1,"mmorpg:skill_gems/aura/dex":41,"minecraft:deepslate_lapis_ore":33,"domum_ornamentum:shingle":4,"minecraft:experience_bottle":34,"travelersbackpack:blaze":2,"minecraft:red_sand":640,"minecraft:smooth_stone":2,"minecraft:bucket":13,"minecraft:white_tulip":5,"minecraft:rose_bush":28,"minecraft:cobblestone_slab":3,"minecraft:iron_pickaxe":1,"domum_ornamentum:plain":64,"minecraft:smooth_quartz":45,"regions_unexplored:blackwood_log":192,"minecraft:deepslate_iron_ore":5,"minecraft:blue_wool":19,"minecraft:tipped_arrow":2,"minecraft:spruce_stairs":7,"iceandfire:rotten_egg":2,"minecraft:diorite":411,"regions_unexplored:peat_mud":1,"regions_unexplored:daisy":2,"iceandfire:dragon_bone_wall":2,"minecolonies:blockhutcitizen":3,"minecraft:rotten_flesh":278,"minecraft:obsidian":39,"minecraft:cobblestone":4063,"minecraft:enchanting_table":5,"minecraft:leather_chestplate":6,"minecraft:lilac":14,"mmorpg:rare_mats/fishing/medium":27,"minecraft:repeater":20,"minecraft:andesite":646,"minecraft:black_bed":3,"minecraft:golden_leggings":1,"mmorpg:gems/azurite/0":6,"minecraft:potato":738,"minecraft:dirt":20180,"minecraft:name_tag":18,"minecraft:bone":6520,"mmorpg:harvest/green_gem":31,"minecraft:bow":55,"minecraft:wheat_seeds":1000,"minecraft:orange_tulip":6,"minecraft:mossy_stone_bricks":1,"minecraft:bamboo":73,"minecraft:prismarine":3,"minecraft:nether_brick_stairs":19,"minecraft:grass_block":56,"minecraft:diamond_block":2,"minecraft:jungle_slab":13,"mmorpg:jewelry/ring/gold":1,"mcwbridges:balustrade_blackstone_bridge":11,"mcwfences:deepslate_brick_grass_topped_wall":12,"minecraft:mossy_cobblestone":13,"minecraft:light_gray_terracotta":134,"minecraft:netherite_helmet":2,"minecraft:soul_lantern":45,"waystones:waystone":1,"minecraft:crossbow":19,"minecraft:bone_meal":25,"minecraft:grass":211,"minecraft:golden_apple":19,"minecraft:emerald":68,"minecraft:netherrack":525,"minecraft:chorus_fruit":7,"mmorpg:chest/uncommon_gear":15,"minecraft:andesite_slab":12,"minecraft:azure_bluet":1,"minecraft:splash_potion":3,"minecraft:ladder":4,"minecraft:brown_mushroom":1,"mmorpg:jewelry/ring/iron":25,"iceandfire:chain":1,"minecraft:stone_brick_wall":53,"minecraft:shield":23,"minecraft:brick":7,"minecraft:moss_carpet":2,"minecraft:blackstone":753,"minecraft:blue_orchid":1,"minecolonies:pirate_hat":1,"mcwfences:modern_stone_brick_wall":22,"minecraft:lime_wool":7,"mmorpg:material/mining/1":6,"minecraft:music_disc_11":1,"minecraft:light_gray_stained_glass_pane":1,"mmorpg:runes/cen":7,"minecraft:nether_bricks":209,"minecraft:pink_tulip":3,"minecraft:black_banner":2,"minecraft:skeleton_skull":16,"minecraft:jungle_boat":2,"minecraft:basalt":7,"minecraft:golden_carrot":64,"minecraft:leather":43,"minecraft:chainmail_chestplate":14,"mmorpg:currency/map_rarity_upgrade":17,"minecraft:gunpowder":120,"minecraft:orange_terracotta":1354,"minecraft:red_carpet":3,"minecraft:spruce_wood":12,"minecraft:iron_ingot":44,"minecraft:cooked_chicken":3,"regions_unexplored:orange_maple_leaf_pile":40,"minecraft:nether_quartz_ore":33,"minecraft:stone_brick_slab":107,"minecraft:dandelion":38,"minecraft:lava_bucket":1,"minecraft:amethyst_shard":16,"minecraft:nether_brick_slab":22,"mmorpg:harvest/blue_gem":8,"minecolonies:clipboard":1,"minecraft:pumpkin_seeds":37,"regions_unexplored:blackwood_sapling":40,"magistuarmory:rusted_bastardsword":2,"minecraft:chainmail_leggings":16,"minecraft:terracotta":1435,"minecraft:damaged_anvil":1,"minecraft:dark_oak_wood":2,"mmorpg:offhand/dodge/iron":23,"minecraft:iron_chestplate":38,"minecraft:prismarine_shard":9,"minecraft:chainmail_boots":14,"mmorpg:gems/sapphire/0":4,"minecraft:flower_pot":15,"minecraft:diamond_sword":344,"minecolonies:pirate_chest":1,"minecraft:oak_stairs":1,"mcwfences:stone_grass_topped_wall":111,"minecraft:wither_rose":1,"magistuarmory:barding":5,"minecraft:brewing_stand":3,"minecraft:golden_sword":9,"minecraft:amethyst_block":1,"minecraft:dark_oak_trapdoor":13,"minecraft:soul_soil":88,"minecraft:red_nether_bricks":18,"mcwfences:stone_pillar_wall":3,"minecraft:beetroot":12,"regions_unexplored:pine_log":11,"minecraft:gold_nugget":13,"minecraft:cobbled_deepslate":1520,"mcwbridges:blackstone_bridge_stair":3,"mmorpg:gems/tourmaline/0":8,"minecraft:spruce_planks":10,"minecraft:coal_block":60,"minecraft:enchanted_golden_apple":1,"mmorpg:gems/emerald/1":3,"minecraft:melon_slice":125,"mmorpg:gems/amethyst/0":8,"mmorpg:runes/dos":4,"minecraft:golden_helmet":2,"mmorpg:gems/opal/0":7,"minecraft:chiseled_nether_bricks":2,"minecraft:tropical_fish":8,"minecraft:iron_block":2,"minecraft:cyan_terracotta":1,"minecraft:birch_log":137,"minecraft:magma_block":88,"minecraft:mossy_cobblestone_slab":1,"minecraft:jungle_log":1138,"regions_unexplored:dead_steppe_shrub":4,"regions_unexplored:viridescent_nylium":1,"minecolonies:blockhutbuilder":4,"minecraft:map":1,"mmorpg:currency/jewel_corrupt":12,"minecraft:chipped_anvil":6,"mmorpg:gems/ruby/1":1,"regions_unexplored:pink_bioshroom":1,"minecraft:glowstone_dust":125,"mmorpg:skill_gems/support/str":25,"mmorpg:material/fishing/1":102,"mmorpg:harvest/purple_gem":17,"iceandfire:shiny_scales":22,"minecraft:ink_sac":46,"minecraft:dark_oak_log":7117,"minecraft:red_terracotta":261,"minecraft:barrel":22,"mmorpg:gems/garnet/0":11,"regions_unexplored:hyssop":5,"mmorpg:rare_mats/mining/greater":3,"regions_unexplored:tall_pink_bioshroom":2,"minecraft:writable_book":2,"minecraft:deepslate_gold_ore":35,"mmorpg:rare_mats/mining/lesser":2,"minecraft:chainmail_helmet":16,"minecraft:bread":97,"minecraft:dark_oak_fence":3,"minecraft:coarse_dirt":2,"minecraft:crafting_table":10,"minecraft:purple_wool":23,"iceandfire:witherbone":306,"minecraft:nether_wart":86,"magistuarmory:maximilian_helmet":2,"iceandfire:sea_serpent_scales_blue":8,"minecraft:jungle_trapdoor":1,"minecraft:red_bed":19,"minecraft:cracked_stone_bricks":4,"minecraft:deepslate_diamond_ore":26,"minecraft:music_disc_otherside":1,"minecraft:beef":51,"regions_unexplored:maple_leaf_pile":15,"minecraft:cyan_wool":45,"minecraft:iron_nugget":5,"minecraft:chest":54,"minecraft:egg":34,"minecraft:sandstone":45,"travelersbackpack:cactus":1,"minecraft:spruce_fence":15,"structurize:sceptergold":5,"mmorpg:skill_gems/support/int":41,"minecraft:carrot":267,"minecraft:redstone":683,"minecraft:prismarine_crystals":12,"untamedwilds:hide_white":3,"mmorpg:runes/fey":3,"untamedwilds:hide_beige":2,"minecraft:beetroot_seeds":24,"mmorpg:currency/affix_common_reroll":15,"minecraft:diamond_boots":5,"magistuarmory:steel_zweihander":18,"mmorpg:currency/level_up_orb":7,"minecraft:gold_ingot":163,"minecraft:glow_berries":1,"minecraft:white_wool":78,"minecraft:lapis_ore":14,"magistuarmory:rustedhalfarmor_chestplate":1,"regions_unexplored:eucalyptus_log":1,"mcwfences:railing_stone_brick_wall":102,"minecraft:red_mushroom":1,"minecraft:filled_map":4,"waystones:sandy_waystone":1,"minecraft:oak_log":707,"minecraft:white_banner":6,"minecraft:stone_bricks":173,"minecraft:kelp":54,"mmorpg:currency/unique_reroll":1,"minecraft:cobweb":17,"minecraft:iron_sword":45,"minecraft:dark_oak_slab":13,"minecraft:gravel":1018,"magistuarmory:rustedchainmail_leggings":3,"minecraft:sea_lantern":8,"minecraft:stone_axe":5,"mmorpg:runes/ano":3,"minecraft:diamond_axe":3,"minecraft:gray_wool":95,"naturescompass:naturescompass":1,"minecraft:melon_seeds":25,"minecraft:stripped_dark_oak_log":142,"minecraft:ender_pearl":1,"mmorpg:currency/orb_of_quality":12,"minecraft:wheat":197,"mmorpg:runes/toq":2,"mcwbridges:blackstone_bridge":8,"minecraft:potion":6,"minecraft:raw_copper":221,"minecraft:smooth_stone_slab":10,"minecraft:iron_leggings":48,"minecraft:armor_stand":1,"minecraft:zombie_head":25,"magistuarmory:demon_horns_decoration":3,"minecraft:sea_pickle":11,"minecraft:redstone_torch":3,"minecraft:calcite":4,"mmorpg:currency/chaos_orb":12,"mmorpg:runes/mos":2,"minecraft:furnace":3,"minecraft:iron_boots":36,"minecraft:stick":1107,"minecraft:brown_terracotta":854,"mmorpg:rare_mats/fishing/greater":29,"minecraft:torch":189,"minecraft:porkchop":30,"regions_unexplored:barley":10,"mcwtrpdoors:jungle_ranch_trapdoor":1,"minecraft:green_wool":53,"mmorpg:runes/ita":6,"minecraft:leather_horse_armor":1,"untamedwilds:flora_yarrow":1,"minecraft:cod":94,"minecraft:nautilus_shell":2,"mcwwindows:stone_brick_arrow_slit":11,"minecraft:magma_cream":86,"minecraft:tuff":45,"minecraft:wither_skeleton_skull":149,"minecraft:lapis_lazuli":454,"minecraft:polished_granite":8,"minecraft:leather_boots":2,"mcwfences:stone_brick_railing_gate":2,"mmorpg:gems/azurite/1":1,"minecraft:raw_gold":40,"minecraft:cyan_candle":3,"minecraft:oak_planks":10,"minecraft:cooked_porkchop":23,"minecraft:music_disc_13":11,"travelersbackpack:squid":2,"minecraft:poisonous_potato":3,"torchmaster:megatorch":2,"minecraft:jungle_planks":26,"minecraft:sand":1392,"minecraft:dead_bush":24,"minecraft:lily_of_the_valley":20,"minecraft:cyan_bed":1,"minecraft:orange_wool":30,"minecraft:dark_prismarine":300,"mmorpg:jewel/int":5,"mmorpg:rare_mats/fishing/lesser":32,"minecraft:diamond":193,"magistuarmory:corruptedroundshield":1,"minecraft:oak_sapling":457,"minecraft:fishing_rod":18,"minecraft:cocoa_beans":57,"mmorpg:gems/topaz/0":8,"minecraft:chicken":3,"iceandfire:fire_lily":2,"regions_unexplored:white_trillium":7,"minecraft:gold_block":2,"corail_recycler:diamond_shard":21,"minecraft:diamond_horse_armor":8,"regions_unexplored:red_maple_leaf_pile":10,"minecraft:stone_stairs":1,"minecraft:iron_axe":4,"untamedwilds:food_bear_raw":2,"minecraft:item_frame":23,"minecraft:cyan_carpet":451,"minecolonies:blockhutguardtower":2,"mmorpg:runes/xer":1,"regions_unexplored:mauve_shrub":1,"minecraft:oak_boat":19,"minecraft:player_head":19,"mmorpg:stone/0":29,"minecraft:light_gray_wool":26,"mmorpg:offhand/tome/iron":19,"minecraft:sugar_cane":741,"minecraft:spruce_trapdoor":20,"minecraft:dark_oak_sapling":685,"iceandfire:dragonbone":56,"minecraft:stripped_crimson_hyphae":1,"minecraft:raw_iron":80,"regions_unexplored:silver_birch_leaf_pile":65,"minecraft:copper_ingot":34,"minecraft:bowl":2,"mmorpg:currency/affix_tier_up_down":16,"magistuarmory:maximilian_chestplate":1,"mmorpg:jewel/str":5,"mmorpg:runes/nos":5,"minecraft:iron_horse_armor":15,"minecraft:dark_oak_planks":10,"iceandfire:sea_serpent_scales_purple":21,"minecraft:arrow":169,"minecolonies:resourcescroll":5,"regions_unexplored:enchanted_birch_leaf_pile":18,"minecraft:jungle_stairs":6,"mcwfences:modern_blackstone_wall":25,"alexscaves:spelunkery_table":1,"minecraft:saddle":29,"travelersbackpack:ghast":3,"minecraft:glow_ink_sac":9,"minecraft:salmon":82,"regions_unexplored:orange_maple_shrub":1,"minecraft:cobblestone_stairs":94,"regions_unexplored:tassel":6,"minecraft:podzol":4,"minecolonies:ancienttome":7,"minecraft:red_nether_brick_stairs":1,"magistuarmory:steel_flamebladedsword":15,"untamedwilds:material_fat":13,"travelersbackpack:cow":5,"minecraft:red_sandstone":7,"minecraft:soul_sand":332,"minecraft:music_disc_chirp":1,"minecraft:book":94,"minecraft:oak_slab":1,"minecraft:scaffolding":1,"magistuarmory:rustedchainmail_chestplate":1,"minecraft:pumpkin":21,"minecraft:chiseled_stone_bricks":38,"minecolonies:pirate_shoes":1,"mmorpg:weapon/staff/wood":44,"minecraft:blast_furnace":1,"minecraft:white_bed":1,"minecraft:gold_ore":6,"minecraft:spider_eye":139,"magistuarmory:rustedchainmail_helmet":1,"minecraft:campfire":1,"minecraft:iron_helmet":45,"minecraft:black_wool":72,"minecraft:coal":3590},"minecraft:custom":{"minecraft:dexterity":40,"minecraft:interact_with_crafting_table":548,"minecraft:damage_blocked_by_shield":11323,"minecraft:play_time":5511672,"minecraft:deaths":9,"minecraft:jump":72831,"minecraft:intelligence":22,"minecraft:play_record":1,"minecraft:interact_with_smoker":13,"minecraft:interact_with_anvil":61,"minecraft:inspect_hopper":58,"minecraft:move_speed":0,"minecraft:tune_noteblock":33,"minecraft:time_since_rest":5819,"minecraft:swim_one_cm":1188629,"minecraft:open_chest":7201,"minecraft:blood":0,"minecraft:health":1085,"minecraft:play_noteblock":96,"minecraft:talked_to_villager":8,"minecraft:interact_with_brewingstand":42,"minecraft:levels_gained":42,"minecraft:fill_cauldron":1,"minecraft:damage_dealt_resisted":140482,"minecraft:boat_one_cm":2274089,"minecraft:damage_taken":54637,"minecraft:strength":72,"minecraft:open_barrel":625,"minecraft:bell_ring":1,"minecraft:leave_game":42,"minecraft:time_since_death":3624524,"minecraft:enchant_item":59,"minecraft:interact_with_furnace":172,"minecraft:traded_with_villager":10,"minecraft:sleep_in_bed":385,"minecraft:waystone_activated":5,"minecraft:damage_dealt":325783,"minecraft:interact_with_smithing_table":1,"minecraft:mana":815,"minecraft:magic_shield":0,"minecraft:sneak_time":119971,"minecraft:interact_with_blast_furnace":15,"minecraft:total_world_time":5511672,"minecraft:interact_with_stonecutter":113,"minecraft:fly_one_cm":15558244,"minecraft:fish_caught":145,"minecraft:fall_one_cm":1184339,"minecraft:animals_bred":5,"minecraft:sprint_one_cm":14367625,"minecraft:drop":1407,"minecraft:energy":912,"minecraft:walk_on_water_one_cm":314338,"minecraft:crouch_one_cm":395576,"minecraft:mob_kills":5305,"minecraft:climb_one_cm":82880,"minecraft:walk_one_cm":19696564,"minecraft:walk_under_water_one_cm":559096,"minecraft:pot_flower":1,"minecraft:interact_with_grindstone":76,"minecraft:damage_absorbed":1909,"minecraft:trigger_trapped_chest":9},"minecraft:mined":{"minecraft:potted_pink_tulip":1,"minecraft:white_bed":1,"mcwfences:stone_pillar_wall":3,"minecraft:red_nether_bricks":16,"minecraft:potted_dead_bush":1,"minecraft:granite":442,"minecraft:nether_wart":27,"minecraft:spawner":52,"minecraft:magma_block":138,"regions_unexplored:stone_bud":4,"minecolonies:decorationcontroller":1,"minecraft:dark_oak_trapdoor":13,"minecraft:fire":57,"minecraft:barrel":23,"minecraft:deepslate_lapis_ore":39,"minecraft:nether_brick_stairs":20,"regions_unexplored:maple_leaf_pile":6,"minecraft:pink_tulip":2,"minecraft:spruce_wood":1,"minecraft:player_head":18,"minecraft:orange_bed":1,"regions_unexplored:enchanted_birch_leaf_pile":7,"travelersbackpack:ghast":1,"minecraft:kelp_plant":8,"minecraft:powder_snow":44,"minecraft:torch":45,"minecraft:dark_oak_wood":1,"minecraft:melon":19,"minecraft:dead_bush":67,"minecraft:nether_brick_slab":17,"mcwfences:deepslate_brick_grass_topped_wall":12,"minecraft:sugar_cane":362,"minecraft:amethyst_block":1,"regions_unexplored:pine_log":12,"minecraft:white_terracotta":259,"regions_unexplored:hyssop":4,"minecraft:repeater":19,"minecraft:jukebox":6,"minecraft:wither_rose":1,"minecraft:grass":1068,"minecraft:dark_oak_sapling":9,"minecraft:smooth_quartz":27,"minecraft:smooth_basalt":11,"minecraft:deepslate":2187,"minecraft:dark_prismarine":291,"minecolonies:blockhutcitizen":2,"minecraft:mossy_cobblestone":7,"minecraft:dark_oak_log":6634,"minecraft:cyan_stained_glass":2,"minecraft:sea_lantern":9,"mcwfences:stone_brick_railing_gate":2,"minecraft:spruce_fence":4,"minecraft:redstone_wire":3,"minecraft:redstone_ore":3,"mcwbridges:balustrade_blackstone_bridge":22,"minecraft:andesite":641,"mcwwindows:stone_brick_arrow_slit":11,"minecraft:cobblestone_slab":2,"minecraft:vine":76,"minecraft:oak_slab":1,"minecraft:chiseled_nether_bricks":2,"minecraft:soul_sand":371,"minecraft:lily_of_the_valley":20,"minecraft:dandelion":40,"minecraft:cornflower":1,"regions_unexplored:silt_dirt":1,"mcwbridges:blackstone_bridge":17,"minecraft:tall_grass":52,"minecraft:lightning_rod":9,"regions_unexplored:blackwood_log":158,"minecraft:copper_ore":62,"minecraft:deepslate_gold_ore":37,"minecraft:diorite":405,"travelersbackpack:squid":2,"minecraft:red_terracotta":232,"minecraft:coarse_dirt":2,"minecraft:gravel":1325,"minecraft:cobweb":104,"minecraft:brown_terracotta":863,"minecraft:stone_bricks":154,"minecraft:chipped_anvil":5,"minecraft:gold_ore":10,"minecraft:fern":314,"minecraft:brewing_stand":3,"minecraft:spruce_trapdoor":9,"minecraft:frosted_ice":5,"mcwfences:railing_stone_brick_wall":102,"minecraft:mossy_cobblestone_slab":1,"minecolonies:blockconstructiontape":11,"iceandfire:dragon_bone_wall":1,"minecraft:red_tulip":8,"mcwfences:modern_stone_brick_wall":21,"minecraft:iron_bars":64,"minecraft:potted_cornflower":2,"regions_unexplored:larch_log":1,"minecraft:spruce_slab":6,"minecraft:deepslate_redstone_ore":96,"minecraft:orange_terracotta":1276,"minecraft:light_gray_terracotta":132,"minecraft:jungle_stairs":6,"iceandfire:fire_lily":2,"minecraft:nether_quartz_ore":34,"minecraft:oak_planks":12,"mcwfences:railing_blackstone_wall":21,"minecraft:wall_torch":28,"minecraft:stone_stairs":1,"minecraft:dark_oak_slab":1,"minecraft:smooth_stone_slab":7,"minecraft:oak_log":793,"minecraft:dirt":7653,"minecraft:cyan_candle":1,"regions_unexplored:tall_pink_bioshroom":1,"minecraft:crying_obsidian":21,"minecolonies:blockhuttownhall":1,"regions_unexplored:barley":11,"minecolonies:blockhutbuilder":4,"torchmaster:megatorch":1,"untamedwilds:flora_hemlock":3,"regions_unexplored:aster":1,"minecraft:spruce_leaves":3,"minecraft:cracked_nether_bricks":7,"minecraft:hay_block":19,"untamedwilds:flora_yarrow":1,"minecraft:gold_block":1,"minecraft:nether_brick_fence":20,"minecraft:bookshelf":51,"minecraft:deepslate_iron_ore":7,"minecraft:shroomlight":3,"regions_unexplored:orange_maple_shrub":1,"regions_unexplored:orange_maple_leaf_pile":16,"mcwfences:modern_blackstone_wall":29,"minecraft:scaffolding":1,"minecolonies:blockminecoloniesgrave":13,"minecraft:snow_block":43,"minecraft:stripped_dark_oak_log":141,"minecraft:basalt":7,"minecraft:polished_granite":9,"travelersbackpack:standard":9,"regions_unexplored:peat_mud":1,"minecraft:deepslate_coal_ore":2,"minecraft:sea_pickle":7,"minecraft:black_wall_banner":1,"minecraft:mangrove_planks":1,"minecraft:white_wall_banner":1,"minecraft:bee_nest":1,"minecraft:black_wool":6,"minecraft:cocoa":1,"travelersbackpack:cow":4,"minecraft:cyan_carpet":292,"minecraft:cracked_stone_bricks":2,"minecraft:mossy_stone_bricks":1,"minecraft:dark_oak_planks":2,"minecraft:jungle_leaves":14,"minecraft:carved_pumpkin":5,"minecraft:obsidian":36,"minecraft:red_sand":660,"minecraft:stone_brick_wall":46,"minecraft:jungle_log":1058,"minecraft:coal_block":56,"minecraft:oxeye_daisy":7,"minecraft:chiseled_stone_bricks":36,"minecraft:tall_seagrass":1,"minecraft:pumpkin":20,"minecraft:moss_carpet":2,"minecraft:enchanting_table":4,"minecraft:dirt_path":83,"minecraft:oak_stairs":1,"minecraft:iron_block":2,"regions_unexplored:dead_steppe_shrub":4,"minecraft:red_bed":18,"minecraft:soul_fire":28,"minecraft:amethyst_cluster":4,"minecraft:blast_furnace":2,"minecraft:polished_andesite_stairs":3,"minecraft:cyan_bed":1,"minecraft:damaged_anvil":1,"minecraft:skeleton_skull":13,"minecraft:cyan_wool":2,"minecraft:wheat":800,"minecraft:lilac":15,"minecraft:black_bed":2,"minecraft:potted_poppy":1,"minecraft:stone_brick_stairs":243,"regions_unexplored:clover":5,"minecraft:stonecutter":6,"regions_unexplored:fireweed":3,"minecraft:yellow_terracotta":459,"iceandfire:silver_ore":25,"mcwfences:stone_grass_topped_wall":111,"minecraft:nether_bricks":227,"minecraft:jungle_planks":7,"mcwfences:blackstone_grass_topped_wall":16,"minecraft:red_sandstone":7,"domum_ornamentum:shingle_slab":1,"minecraft:snow":13,"minecraft:potatoes":328,"minecraft:bamboo":90,"regions_unexplored:windswept_grass":24,"minecraft:white_wool":12,"minecraft:cake":1,"travelersbackpack:spider":1,"minecraft:stone_brick_slab":105,"minecolonies:blockhutguardtower":1,"minecraft:birch_leaves":6,"minecraft:jungle_fence":2,"regions_unexplored:sandy_grass":3,"minecraft:zombie_head":25,"regions_unexplored:tassel":6,"minecraft:spruce_planks":5,"iceandfire:graveyard_soil":2,"minecraft:jungle_slab":1,"minecraft:cobblestone_stairs":92,"minecraft:cave_vines_plant":1,"travelersbackpack:iron_golem":5,"minecraft:grass_block":9827,"minecraft:soul_soil":115,"regions_unexplored:white_trillium":7,"regions_unexplored:blue_bioshroom_block":5,"minecraft:glowstone":118,"minecraft:iron_ore":133,"minecraft:potted_red_mushroom":1,"minecraft:azure_bluet":1,"minecraft:dark_oak_stairs":8,"mcwbridges:bridge_torch":2,"regions_unexplored:mauve_shrub":1,"minecraft:cyan_terracotta":1,"minecraft:blackstone":787,"minecraft:soul_lantern":41,"minecraft:clay":300,"minecraft:calcite":6,"minecraft:poppy":29,"regions_unexplored:small_desert_shrub":1,"minecraft:chest":54,"minecraft:mushroom_stem":5,"minecraft:cobblestone":166,"minecraft:birch_wood":1,"minecraft:prismarine":3,"minecraft:birch_log":160,"minecraft:orange_tulip":6,"minecraft:sand":1070,"minecraft:potted_red_tulip":4,"minecraft:netherrack":554,"minecraft:oak_leaves":358,"minecraft:redstone_lamp":58,"iceandfire:lightning_lily":1,"alexscaves:spelunkery_table":1,"minecraft:red_carpet":3,"minecraft:tuff":46,"minecraft:deepslate_diamond_ore":26,"minecraft:black_banner":1,"minecraft:sandstone":49,"minecraft:spore_blossom":1,"minecraft:furnace":3,"minecraft:carrots":216,"mcwbridges:blackstone_bridge_stair":3,"regions_unexplored:medium_grass":32,"minecraft:stone":7382,"minecraft:white_tulip":10,"minecraft:redstone_wall_torch":3,"regions_unexplored:silver_birch_leaf_pile":30,"minecraft:crafting_table":11,"minecraft:oak_wood":10,"mcwfences:deepslate_grass_topped_wall":9,"minecraft:rose_bush":28,"minecraft:lapis_ore":28,"minecraft:spruce_stairs":4,"untamedwilds:block_burrow":6,"regions_unexplored:red_maple_leaf_pile":6,"minecraft:coal_ore":426,"minecraft:terracotta":1394},"minecraft:crafted":{"minecraft:black_dye":25,"magistuarmory:steel_zweihander":11,"minecraft:chainmail_helmet":1,"minecraft:blaze_powder":62,"minecraft:chain":29,"mcwfences:stone_grass_topped_wall":120,"minecraft:diamond_shovel":5,"minecraft:gray_wool":6,"minecolonies:blockhutgraveyard":1,"minecraft:gray_stained_glass_pane":8,"minecraft:black_wool":9,"minecraft:jungle_boat":3,"minecraft:polished_andesite_stairs":10,"minecraft:golden_pickaxe":1,"minecraft:stone_brick_stairs":60,"naturescompass:naturescompass":1,"mcwfences:stone_pillar_wall":5,"minecraft:iron_pickaxe":2,"magistuarmory:rusted_bastardsword":1,"minecraft:golden_carrot":10,"minecraft:iron_nugget":468,"minecraft:spyglass":2,"minecraft:diamond_hoe":2,"mcwfences:deepslate_brick_grass_topped_wall":6,"domum_ornamentum:one_crossed_rl":76,"domum_ornamentum:cobblestone_extra":224,"mcwfences:railing_stone_brick_wall":62,"minecraft:lantern":7,"mcwfences:blackstone_grass_topped_wall":126,"minecraft:polished_diorite":1,"minecraft:stone_pickaxe":3,"domum_ornamentum:up_gated":64,"minecraft:chainmail_leggings":1,"travelersbackpack:spider":1,"minecraft:cyan_bed":1,"magistuarmory:corruptedroundshield":1,"minecraft:dark_oak_button":1,"minecraft:red_carpet":9,"minecraft:deepslate_tiles":7,"regions_unexplored:pine_planks":44,"minecraft:chainmail_boots":1,"minecraft:iron_shovel":18,"minecraft:cobblestone_slab":162,"minecraft:barrel":4,"magistuarmory:steel_flamebladedsword":6,"minecraft:cooked_chicken":32,"minecraft:lightning_rod":16,"minecraft:heavy_weighted_pressure_plate":1,"minecraft:brown_carpet":3,"minecraft:bow":3,"minecraft:chest":4,"minecraft:copper_block":86,"minecraft:rail":32,"minecraft:bricks":9,"mmorpg:keys/0":2,"minecraft:white_banner":2,"minecraft:arrow":20,"minecraft:cauldron":2,"minecraft:iron_helmet":3,"minecraft:chainmail_chestplate":1,"mcwfences:modern_stone_brick_wall":61,"minecraft:purple_dye":10,"minecraft:stick":1080,"minecraft:iron_ingot":699,"minecraft:andesite_stairs":4,"minecraft:black_bed":13,"travelersbackpack:cow":1,"minecraft:dark_oak_fence_gate":8,"minecolonies:blockhutlumberjack":1,"minecraft:oak_door":3,"minecraft:stone_brick_wall":1,"magistuarmory:maximilian_helmet":1,"minecraft:mossy_stone_bricks":32,"minecraft:furnace":15,"minecolonies:blockhutbuilder":1,"magistuarmory:demon_horns_decoration":4,"domum_ornamentum:vanilla_stairs_compat":9,"minecraft:cobblestone_wall":10,"minecraft:jungle_wood":6,"minecraft:iron_sword":1,"minecraft:black_banner":9,"minecraft:cooked_salmon":8,"travelersbackpack:black_sleeping_bag":3,"mcwbridges:blackstone_bridge_pier":10,"minecraft:jungle_planks":600,"domum_ornamentum:shingle_slab":308,"travelersbackpack:squid":1,"minecraft:white_dye":7,"minecraft:black_carpet":24,"minecraft:stonecutter":2,"minecraft:anvil":1,"minecraft:andesite":192,"minecraft:torch":760,"minecraft:orange_bed":1,"domum_ornamentum:plain":1196,"minecraft:smooth_stone":14,"minecraft:dark_oak_pressure_plate":18,"mcwfences:stone_brick_railing_gate":4,"minecraft:dark_oak_wood":39,"minecraft:horn_coral_block":6,"minecraft:cooked_mutton":21,"minecraft:iron_bars":192,"minecraft:glass":51,"structurize:sceptergold":1,"mcwfences:deepslate_grass_topped_wall":6,"domum_ornamentum:red_brick_extra":32,"domum_ornamentum:blockbarreldeco_onside":6,"minecolonies:resourcescroll":1,"minecraft:gray_bed":10,"minecraft:flower_pot":17,"minecraft:glass_bottle":33,"domum_ornamentum:double_crossed":144,"minecraft:cooked_porkchop":55,"minecraft:diamond_axe":3,"domum_ornamentum:side_framed":72,"minecraft:copper_ingot":16,"minecraft:hay_block":156,"minecraft:campfire":13,"minecraft:iron_block":25,"minecraft:gold_ingot":63,"minecraft:light_gray_dye":2,"domum_ornamentum:wheat_extra":28,"minecraft:stone_shovel":11,"minecraft:smooth_stone_slab":6,"minecolonies:blockhutcitizen":3,"minecraft:bone_meal":12074,"minecraft:diamond":81,"magistuarmory:steel_lucernhammer":13,"minecraft:dark_oak_fence":495,"minecraft:ladder":60,"minecraft:spruce_slab":6,"minecraft:redstone_block":38,"minecraft:dark_oak_planks":6120,"domum_ornamentum:framed":136,"minecraft:wheat":234,"minecraft:coal_block":137,"domum_ornamentum:brick_extra":80,"minecolonies:blockhutsawmill":1,"domum_ornamentum:one_crossed_lr":56,"minecraft:polished_granite":4,"minecolonies:blockhuttavern":1,"domum_ornamentum:paper_extra":200,"minecraft:mossy_stone_brick_stairs":6,"mcwbridges:blackstone_bridge":20,"domum_ornamentum:shingle":1204,"minecraft:wooden_axe":4,"minecraft:iron_leggings":3,"minecraft:white_bed":5,"minecolonies:blockminecoloniesrack":21,"minecraft:brick":2,"minecraft:oak_planks":248,"domum_ornamentum:down_gated":32,"minecraft:cobblestone_stairs":51,"mcwdoors:dark_oak_barn_door":2,"minecraft:dark_oak_door":39,"minecraft:iron_boots":5,"minecraft:chiseled_stone_bricks":48,"mcwbridges:balustrade_blackstone_bridge":20,"minecraft:item_frame":4,"minecraft:oak_slab":6,"minecraft:crafting_table":26,"minecraft:spruce_planks":108,"minecraft:wooden_pickaxe":1,"minecraft:baked_potato":128,"minecraft:gold_block":7,"minecraft:pumpkin_seeds":20,"minecraft:birch_planks":8,"minecraft:book":8,"minecraft:dark_oak_slab":1242,"minecraft:iron_chestplate":3,"minecraft:paper":354,"minecraft:diamond_pickaxe":14,"minecraft:shield":7,"minecraft:stone_sword":1,"minecraft:gray_carpet":45,"minecraft:shears":4,"minecraft:light_gray_stained_glass_pane":24,"minecraft:sandstone_stairs":9,"domum_ornamentum:brown_bricks":192,"minecraft:polished_andesite":8,"minecraft:coarse_dirt":244,"minecraft:coal":207,"minecraft:dark_oak_trapdoor":32,"minecraft:jungle_trapdoor":84,"minecraft:gray_dye":16,"minecraft:dark_oak_sign":30,"minecraft:glass_pane":144,"minecraft:diamond_block":4,"minecraft:leather":33,"minecraft:polished_deepslate":12,"minecraft:black_terracotta":8,"minecraft:iron_axe":3,"minecraft:iron_hoe":1,"minecraft:cooked_beef":68,"minecraft:sugar":31,"minecraft:red_dye":35,"minecraft:cooked_cod":7,"minecraft:bone_block":1211,"minecraft:diamond_sword":81,"minecraft:dark_oak_stairs":1920,"mcwwindows:stone_brick_arrow_slit":3,"minecolonies:blockhutschool":1,"minecraft:yellow_carpet":3,"minecraft:bucket":1,"minecraft:stone_axe":30,"minecraft:bread":30,"minecraft:air":0,"minecraft:blue_dye":13,"domum_ornamentum:blockbarreldeco_standing":27,"minecraft:oak_boat":2,"minecolonies:blockwaypoint":16,"minecraft:gold_nugget":144,"mcwbridges:blackstone_bridge_stair":20,"minecraft:lapis_lazuli":72,"minecraft:lapis_block":27},"minecraft:used":{"minecraft:stone":415,"minecolonies:resourcescroll":307,"mcwbridges:blackstone_bridge":17,"minecraft:soul_sand":37,"mcwfences:deepslate_grass_topped_wall":9,"minecraft:snowball":16,"regions_unexplored:barley":2,"minecraft:dark_oak_slab":1,"minecraft:bow":196,"mcwfences:stone_brick_railing_gate":4,"minecraft:cooked_cod":13,"magistuarmory:rusted_bastardsword":132,"minecraft:mossy_stone_bricks":1,"minecraft:damaged_anvil":1,"minecraft:blackstone":1,"minecraft:wooden_pickaxe":44,"minecraft:jungle_boat":4,"minecraft:blast_furnace":2,"minecraft:red_sandstone":7,"minecraft:deepslate_iron_ore":2,"minecraft:diamond_sword":5976,"minecraft:coal_block":1,"minecraft:birch_log":1,"minecraft:oak_boat":18,"minecraft:carved_pumpkin":4,"minecraft:armor_stand":1,"mcwfences:deepslate_brick_grass_topped_wall":12,"mcwwindows:stone_brick_arrow_slit":11,"minecraft:cooked_salmon":5,"minecraft:torch":751,"minecraft:brewing_stand":3,"regions_unexplored:clover":14,"minecraft:fern":1,"minecraft:chipped_anvil":3,"minecraft:iron_block":18,"mcwfences:stone_grass_topped_wall":170,"minecraft:barrel":7,"minecraft:calcite":1,"minecraft:wheat_seeds":809,"regions_unexplored:dead_steppe_shrub":2,"minecraft:red_bed":19,"minecraft:diamond_pickaxe":20000,"minecraft:diamond_shovel":16564,"minecraft:spruce_trapdoor":9,"minecraft:potion":3,"minecraft:cooked_porkchop":54,"minecolonies:clipboard":23,"minecraft:red_sand":12,"minecraft:nether_wart":36,"minecraft:grass":2,"minecraft:jungle_planks":4,"minecolonies:spear":1,"minecraft:music_disc_13":1,"minecraft:spruce_wood":1,"minecraft:item_frame":8,"minecraft:deepslate_diamond_ore":15,"minecraft:dark_oak_sapling":249,"travelersbackpack:spider":4,"mcwfences:modern_blackstone_wall":51,"minecraft:stone_pickaxe":295,"minecraft:jungle_fence":2,"minecraft:oak_planks":34,"minecraft:sandstone":9,"minecraft:sugar_cane":1,"minecraft:diamond_axe":462,"minecraft:white_wool":1,"minecraft:deepslate_lapis_ore":26,"minecraft:dark_oak_log":162,"minecraft:bread":389,"mcwbridges:blackstone_bridge_stair":15,"minecraft:deepslate":1463,"minecraft:coarse_dirt":2,"minecraft:bone_meal":695,"minecraft:netherite_sword":738,"minecraft:flint_and_steel":11,"minecraft:redstone":4,"minecraft:deepslate_gold_ore":15,"minecraft:stone_hoe":1,"minecraft:cooked_chicken":12,"magistuarmory:steel_lucernhammer":2,"minecraft:dirt":19925,"minecraft:bee_nest":1,"minecraft:spruce_fence":1,"minecraft:iron_hoe":9,"minecraft:brown_terracotta":277,"iceandfire:dragon_bone_wall":1,"minecraft:iron_boots":1,"minecraft:soul_soil":2,"minecraft:cooked_beef":49,"minecraft:pumpkin":4,"minecraft:cobblestone_stairs":175,"minecraft:baked_potato":447,"travelersbackpack:ghast":3,"regions_unexplored:peat_mud":1,"minecraft:flower_pot":5,"minecraft:black_wool":6,"minecraft:lapis_ore":13,"mcwbridges:balustrade_blackstone_bridge":22,"minecraft:jungle_stairs":3,"minecraft:stone_axe":931,"minecraft:sea_pickle":7,"regions_unexplored:pine_planks":27,"minecraft:spruce_slab":5,"minecraft:chest":34,"minecraft:grass_block":2,"minecraft:stone_brick_stairs":625,"mcwfences:railing_blackstone_wall":21,"minecraft:furnace":9,"minecraft:egg":19,"minecraft:potato":338,"minecraft:diorite":103,"minecraft:dark_oak_trapdoor":13,"minecraft:sand":30,"minecraft:pumpkin_seeds":6,"minecraft:lightning_rod":33,"minecraft:cyan_carpet":23,"minecraft:polished_granite":6,"minecraft:iron_bars":269,"waystones:sandy_waystone":1,"minecraft:stone_sword":25,"travelersbackpack:bat":85,"minecraft:netherrack":12,"minecraft:anvil":1,"minecraft:nether_brick_slab":18,"minecraft:nether_brick_stairs":3,"minecraft:iron_axe":150,"minecraft:spawner":2,"travelersbackpack:squid":1,"minecraft:smooth_quartz":24,"minecraft:glowstone":32,"torchmaster:megatorch":4,"minecraft:orange_terracotta":106,"minecraft:water_bucket":21,"minecraft:mossy_cobblestone":9,"minecraft:crafting_table":19,"minecraft:cod":5,"minecraft:iron_pickaxe":429,"minecraft:chiseled_stone_bricks":150,"minecraft:cobblestone":962,"travelersbackpack:standard":110,"minecraft:jukebox":2,"structurize:sceptergold":119,"mcwfences:stone_pillar_wall":3,"minecraft:iron_shovel":4274,"minecraft:diamond_hoe":10,"minecraft:shield":223,"minecraft:iron_sword":1179,"minecraft:nether_bricks":10,"minecraft:carrot":212,"minecraft:milk_bucket":1,"minecraft:coal_ore":1,"minecraft:stone_bricks":718,"minecraft:magma_block":4,"minecraft:brown_carpet":1,"minecraft:hay_block":1,"minecraft:scaffolding":1,"minecraft:dark_oak_stairs":7,"travelersbackpack:cow":5,"travelersbackpack:iron_golem":45,"minecraft:yellow_terracotta":238,"minecraft:black_banner":2,"minecraft:deepslate_redstone_ore":96,"minecraft:stone_brick_wall":119,"minecraft:shears":283,"minecraft:melon_slice":82,"minecraft:cyan_bed":2,"minecraft:gravel":6,"minecraft:blackstone_slab":104,"minecraft:chainmail_boots":1,"domum_ornamentum:shingle_slab":1,"minecraft:andesite":19,"minecraft:cobweb":6,"travelersbackpack:blaze":1,"minecraft:stone_shovel":746,"minecraft:spruce_planks":18,"minecraft:spyglass":35,"mcwfences:blackstone_grass_topped_wall":142,"minecraft:spruce_stairs":4,"minecraft:granite":198,"minecraft:stone_brick_slab":994,"minecraft:dark_oak_planks":10,"minecraft:bookshelf":11,"minecraft:golden_carrot":12,"minecraft:cooked_mutton":11,"minecraft:glass_bottle":24,"minecraft:cyan_candle":3,"minecraft:andesite_slab":5,"minecraft:stonecutter":7,"minecraft:chiseled_nether_bricks":1,"minecraft:terracotta":438,"mcwfences:modern_stone_brick_wall":82,"minecraft:apple":20,"mcwbridges:bridge_torch":1,"minecraft:map":1,"iceandfire:graveyard_soil":2,"mmorpg:weapon/staff/wood":1,"minecraft:fishing_rod":204,"minecraft:white_banner":5,"minecraft:bucket":30,"mcwfences:railing_stone_brick_wall":230}},"DataVersion":3465}