{"stats":{"minecraft:picked_up":{"minecraft:lead":1,"minecraft:stone_slab":2,"regions_unexplored:silt_dirt":880,"regions_unexplored:glistering_sprout":6,"minecraft:enchanted_book":36,"mmorpg:gems/sapphire/1":2,"magistuarmory:steel_lucernhammer":13,"minecraft:music_disc_cat":8,"minecraft:string":609,"minecraft:pufferfish":23,"mmorpg:jewel/dex":14,"minecraft:diamond_leggings":12,"mmorpg:map":101,"regions_unexplored:larch_log":1,"mcwbridges:bridge_torch":2,"mmorpg:material/fishing/0":36,"mmorpg:currency/socket_adder":18,"mmorpg:material/fishing/2":86,"minecraft:polished_blackstone_brick_slab":32,"mmorpg:gems/emerald/0":6,"minecraft:jukebox":6,"iceandfire:silver_ore":24,"minecraft:golden_axe":1,"minecraft:lightning_rod":9,"mmorpg:jewelry/necklace/iron":27,"mmorpg:gems/opal/1":4,"magistuarmory:rustedcrusader_chestplate":1,"minecraft:golden_chestplate":3,"minecraft:brown_carpet":1,"minecraft:orange_bed":1,"iceandfire:lightning_lily":1,"minecraft:stone_sword":12,"minecraft:carved_pumpkin":5,"minecraft:red_tulip":12,"minecolonies:pirate_legs":1,"minecraft:glowstone":85,"minecraft:bookshelf":71,"minecraft:white_terracotta":257,"minecraft:blaze_rod":82,"mmorpg:runes/eno":5,"minecraft:iron_bars":64,"minecraft:snowball":195,"travelersbackpack:iron_golem":6,"minecraft:feather":33,"minecraft:water_bucket":2,"minecraft:brown_wool":48,"mmorpg:chest/common_gear":10,"minecraft:flint":210,"travelersbackpack:gold_tier_upgrade":1,"minecraft:lantern":1,"mmorpg:seafood/lesser_exp":1,"mmorpg:tp_back":2,"mmorpg:gems/garnet/1":1,"mcwfences:blackstone_grass_topped_wall":16,"minecraft:stonecutter":7,"minecolonies:iron_scimitar":2,"minecraft:diamond_helmet":1,"mmorpg:keys/1":1,"mcwfences:deepslate_grass_topped_wall":9,"regions_unexplored:pine_sapling":5,"iceandfire:chain_sticky":1,"mmorpg:runes/har":7,"domum_ornamentum:shingle_slab":2,"minecraft:polished_andesite":1,"minecraft:deepslate":1437,"mmorpg:gems/ruby/0":5,"regions_unexplored:clover":14,"mmorpg:gems/emerald/2":1,"minecraft:granite":633,"minecraft:golden_horse_armor":11,"mmorpg:skill_gems/aura/int":72,"minecraft:diamond_pickaxe":17,"iceandfire:dragon_skull_lightning":5,"mmorpg:gems/topaz/1":2,"minecolonies:blockhuttownhall":4,"minecolonies:pirate_boots":1,"minecraft:clay_ball":2734,"minecraft:leather_leggings":1,"minecraft:redstone_lamp":50,"mmorpg:skill_gems/aura/str":41,"minecraft:cornflower":7,"regions_unexplored:poppy_bush":1,"minecolonies:pirate_cap":2,"minecraft:white_carpet":8,"minecraft:iron_shovel":1,"iceandfire:graveyard_soil":2,"minecraft:netherite_sword":4,"minecraft:spruce_slab":6,"minecraft:jungle_sapling":124,"minecraft:poppy":34,"untamedwilds:material_pearl":1,"minecraft:birch_sapling":69,"minecraft:diamond_hoe":2,"minecraft:copper_ore":77,"mmorpg:skill_gems/support/dex":44,"mmorpg:material/mining/0":1,"minecraft:stone":10115,"minecraft:fire_charge":15,"minecolonies:blockhutfield":1,"mmorpg:potions/reset_spells":1,"minecraft:stone_shovel":3,"minecraft:diamond_chestplate":24,"minecraft:hay_block":19,"minecraft:yellow_terracotta":484,"minecraft:mutton":26,"minecraft:bone_block":27,"minecraft:oxeye_daisy":7,"mmorpg:rare_mats/husbandry/lesser":3,"iceandfire:sea_serpent_fang":3,"minecraft:jungle_fence":3,"minecraft:fern":65,"minecraft:blackstone_slab":10,"minecraft:lily_pad":4,"magistuarmory:chainmail_horse_armor":4,"minecraft:paper":37,"minecraft:spawner":25,"untamedwilds:spawn_tortoise":1,"regions_unexplored:aster":1,"minecraft:apple":128,"minecraft:spore_blossom":1,"minecraft:iron_ore":68,"minecolonies:blockhutuniversity":1,"minecraft:dark_oak_stairs":23,"minecraft:polished_andesite_stairs":3,"minecraft:smooth_basalt":11,"minecraft:milk_bucket":1,"minecraft:red_wool":40,"minecraft:cracked_nether_bricks":6,"mmorpg:stat_soul":25,"mcwfences:railing_blackstone_wall":23,"magistuarmory:rustednorman_helmet":1,"minecraft:crying_obsidian":26,"mmorpg:weapon/staff/iron":9,"minecraft:leather_helmet":4,"travelersbackpack:standard":20,"minecraft:oak_wood":10,"minecraft:diamond_shovel":9,"regions_unexplored:cobalt_nylium":3,"minecraft:coal_ore":285,"mmorpg:gems/tourmaline/1":5,"minecraft:slime_ball":15,"regions_unexplored:fireweed":3,"minecolonies:pirate_top":1,"minecraft:rib_armor_trim_smithing_template":1,"mmorpg:jewelry/necklace/gold":4,"minecraft:deepslate_redstone_ore":96,"minecraft:painting":5,"minecraft:polished_blackstone_brick_wall":48,"minecraft:baked_potato":48,"minecraft:hopper":3,"minecolonies:spear":4,"mmorpg:material/farming/1":2,"travelersbackpack:bat":4,"minecraft:nether_brick_fence":12,"minecraft:yellow_wool":45,"alexscaves:cave_tablet":8,"regions_unexplored:brimsprout":16,"enemyexpansion:wasp_thorax":1,"untamedwilds:flora_hemlock":1,"minecraft:stone_brick_stairs":355,"travelersbackpack:spider":27,"mmorpg:skill_gems/aura/dex":50,"domum_ornamentum:shingle":44,"minecraft:deepslate_lapis_ore":33,"minecraft:experience_bottle":34,"travelersbackpack:blaze":3,"minecraft:red_sand":1154,"minecraft:smooth_stone":2,"minecraft:bucket":13,"minecraft:cobblestone_slab":3,"minecraft:white_tulip":5,"minecraft:rose_bush":28,"mcwbridges:nether_bricks_bridge_pier":4,"minecraft:iron_pickaxe":1,"domum_ornamentum:plain":64,"minecraft:smooth_quartz":45,"regions_unexplored:blackwood_log":192,"minecraft:deepslate_iron_ore":5,"minecraft:blue_wool":35,"minecraft:tipped_arrow":2,"minecraft:spruce_stairs":7,"iceandfire:rotten_egg":4,"minecraft:diorite":497,"regions_unexplored:peat_mud":1,"regions_unexplored:daisy":2,"iceandfire:dragon_bone_wall":2,"minecolonies:blockhutcitizen":3,"minecraft:rotten_flesh":294,"minecraft:obsidian":39,"minecraft:cobblestone":4636,"minecraft:enchanting_table":5,"minecraft:leather_chestplate":6,"minecraft:lilac":14,"mmorpg:rare_mats/fishing/medium":39,"minecraft:repeater":20,"minecraft:andesite":646,"minecraft:black_bed":3,"minecraft:golden_leggings":1,"mcwbridges:blackstone_bridge_pier":92,"mmorpg:gems/azurite/0":8,"minecraft:potato":803,"travelersbackpack:magma_cube":1,"minecraft:dirt":33570,"minecraft:name_tag":21,"minecraft:bone":9202,"mmorpg:harvest/green_gem":31,"minecraft:bow":76,"minecraft:wheat_seeds":1240,"minecraft:orange_tulip":6,"minecraft:mossy_stone_bricks":1,"minecraft:bamboo":73,"minecraft:prismarine":3,"minecraft:diorite_wall":7,"minecraft:nether_brick_stairs":19,"minecraft:grass_block":298,"minecraft:diamond_block":2,"minecraft:jungle_slab":13,"mmorpg:jewelry/ring/gold":1,"mcwbridges:balustrade_blackstone_bridge":11,"mcwfences:deepslate_brick_grass_topped_wall":13,"minecraft:mossy_cobblestone":13,"minecraft:light_gray_terracotta":138,"mcwroofs:nether_bricks_top_roof":13,"minecraft:netherite_helmet":2,"minecraft:soul_lantern":45,"waystones:waystone":1,"minecraft:crossbow":28,"minecraft:bone_meal":170,"minecraft:grass":211,"minecraft:golden_apple":19,"minecraft:emerald":69,"minecraft:netherrack":633,"minecraft:chorus_fruit":7,"mmorpg:chest/uncommon_gear":18,"minecraft:andesite_slab":12,"minecraft:azure_bluet":1,"minecraft:splash_potion":3,"minecraft:ladder":4,"minecraft:brown_mushroom":1,"minecraft:pink_wool":14,"mmorpg:jewelry/ring/iron":30,"iceandfire:chain":1,"minecraft:stone_brick_wall":53,"minecraft:shield":30,"minecraft:brick":7,"minecraft:moss_carpet":2,"minecraft:magenta_wool":5,"minecraft:blackstone":2371,"minecraft:blue_orchid":1,"mcwroofs:blackstone_upper_lower_roof":1,"minecolonies:pirate_hat":1,"sophisticatedstorage:iron_chest":5,"mcwfences:modern_stone_brick_wall":22,"minecraft:lime_wool":15,"mmorpg:potions/reset_all_perks":1,"mmorpg:material/mining/1":6,"minecraft:polished_blackstone_bricks":125,"minecraft:music_disc_11":1,"minecraft:light_gray_stained_glass_pane":1,"mmorpg:runes/cen":8,"minecraft:nether_bricks":209,"minecraft:pink_tulip":3,"mcwfences:wooden_cheval_de_frise":3,"minecraft:black_banner":3,"minecraft:nether_brick_wall":8,"minecraft:skeleton_skull":16,"minecraft:jungle_boat":2,"minecraft:basalt":8,"minecraft:golden_carrot":64,"minecraft:leather":61,"minecraft:chainmail_chestplate":15,"regions_unexplored:red_lupine":5,"mmorpg:currency/map_rarity_upgrade":21,"minecraft:gunpowder":121,"minecraft:orange_terracotta":3064,"minecraft:red_carpet":3,"minecraft:spruce_wood":12,"minecraft:iron_ingot":44,"minecraft:cooked_chicken":3,"regions_unexplored:yellow_lupine":2,"regions_unexplored:orange_maple_leaf_pile":40,"minecraft:nether_quartz_ore":68,"minecraft:stone_brick_slab":149,"minecraft:dandelion":40,"minecraft:lava_bucket":1,"minecraft:amethyst_shard":16,"minecraft:nether_brick_slab":22,"mmorpg:harvest/blue_gem":8,"minecolonies:clipboard":1,"mmorpg:rare_mats/husbandry/medium":2,"minecraft:pumpkin_seeds":43,"regions_unexplored:blackwood_sapling":40,"magistuarmory:rusted_bastardsword":2,"minecraft:chainmail_leggings":18,"minecraft:terracotta":1769,"minecraft:damaged_anvil":1,"minecraft:dark_oak_wood":2,"mmorpg:offhand/dodge/iron":33,"minecraft:iron_chestplate":58,"minecraft:prismarine_shard":9,"minecraft:chainmail_boots":14,"mmorpg:gems/sapphire/0":6,"minecraft:flower_pot":15,"minecraft:diamond_sword":477,"minecolonies:pirate_chest":1,"minecraft:oak_stairs":1,"mcwfences:stone_grass_topped_wall":126,"minecraft:wither_rose":1,"magistuarmory:barding":5,"minecraft:brewing_stand":3,"minecraft:golden_sword":12,"minecraft:amethyst_block":1,"minecraft:dark_oak_trapdoor":13,"minecraft:soul_soil":88,"minecraft:red_nether_bricks":18,"mcwfences:stone_pillar_wall":3,"minecraft:beetroot":12,"regions_unexplored:pine_log":11,"minecraft:gold_nugget":56,"minecraft:cobbled_deepslate":1520,"mcwbridges:blackstone_bridge_stair":3,"mmorpg:gems/tourmaline/0":8,"minecraft:spruce_planks":10,"minecraft:coal_block":60,"minecraft:enchanted_golden_apple":1,"mmorpg:gems/emerald/1":5,"minecraft:melon_slice":125,"mmorpg:gems/amethyst/0":9,"mmorpg:runes/dos":5,"minecraft:golden_helmet":2,"mmorpg:gems/opal/0":9,"minecraft:chiseled_nether_bricks":2,"minecraft:light_blue_wool":13,"minecraft:tropical_fish":12,"minecraft:iron_block":2,"minecraft:cyan_terracotta":1,"minecraft:birch_log":137,"minecraft:magma_block":88,"minecraft:mossy_cobblestone_slab":1,"minecraft:jungle_log":1205,"regions_unexplored:dead_steppe_shrub":5,"regions_unexplored:viridescent_nylium":1,"minecolonies:blockhutbuilder":4,"minecraft:map":1,"regions_unexplored:cobalt_roots":1,"mmorpg:currency/jewel_corrupt":15,"minecraft:chipped_anvil":6,"mmorpg:material/meat/0":1,"mmorpg:gems/ruby/1":2,"regions_unexplored:pink_bioshroom":1,"minecraft:glowstone_dust":125,"mmorpg:skill_gems/support/str":35,"mmorpg:material/fishing/1":109,"mmorpg:harvest/purple_gem":17,"iceandfire:shiny_scales":22,"minecraft:ink_sac":53,"minecraft:dark_oak_log":7129,"minecraft:red_terracotta":401,"minecraft:barrel":22,"mmorpg:gems/garnet/0":15,"regions_unexplored:hyssop":5,"mmorpg:rare_mats/mining/greater":3,"regions_unexplored:tall_pink_bioshroom":2,"minecraft:writable_book":2,"minecraft:deepslate_gold_ore":35,"mmorpg:rare_mats/mining/lesser":2,"minecraft:chainmail_helmet":16,"minecraft:bread":97,"minecraft:dark_oak_fence":3,"mmorpg:potions/reset_stats":2,"minecraft:crafting_table":10,"minecraft:coarse_dirt":2,"minecraft:purple_wool":39,"iceandfire:witherbone":927,"minecraft:nether_wart":193,"mcwroofs:blackstone_upper_steep_roof":18,"magistuarmory:maximilian_helmet":2,"iceandfire:sea_serpent_scales_blue":8,"minecraft:jungle_trapdoor":1,"minecraft:red_bed":19,"minecraft:cracked_stone_bricks":4,"minecraft:deepslate_diamond_ore":26,"minecraft:music_disc_otherside":1,"minecraft:beef":51,"regions_unexplored:maple_leaf_pile":15,"minecraft:cyan_wool":62,"minecraft:iron_nugget":5,"minecraft:chest":54,"minecraft:egg":108,"mcwfences:spruce_wired_fence":65,"minecraft:sandstone":482,"travelersbackpack:cactus":1,"minecraft:spruce_fence":15,"structurize:sceptergold":5,"mmorpg:skill_gems/support/int":60,"minecraft:carrot":267,"minecraft:redstone":683,"minecraft:prismarine_crystals":12,"untamedwilds:hide_white":3,"mcwroofs:blackstone_top_roof":11,"mmorpg:runes/fey":5,"untamedwilds:hide_beige":2,"minecraft:beetroot_seeds":24,"mmorpg:currency/affix_common_reroll":18,"minecraft:diamond_boots":5,"magistuarmory:steel_zweihander":18,"mmorpg:currency/level_up_orb":9,"minecraft:gold_ingot":164,"minecraft:glow_berries":1,"minecraft:white_wool":125,"minecraft:lapis_ore":16,"magistuarmory:rustedhalfarmor_chestplate":1,"regions_unexplored:eucalyptus_log":1,"mcwfences:railing_stone_brick_wall":102,"minecraft:red_mushroom":1,"minecraft:filled_map":4,"waystones:sandy_waystone":1,"minecraft:oak_log":711,"minecraft:white_banner":9,"mmorpg:seafood/greater_exp":1,"minecraft:stone_bricks":248,"minecraft:kelp":54,"mmorpg:currency/unique_reroll":1,"minecraft:cobweb":17,"regions_unexplored:brimwood_log":71,"minecraft:iron_sword":54,"minecraft:dark_oak_slab":13,"minecraft:gravel":1324,"magistuarmory:rustedchainmail_leggings":3,"minecraft:sea_lantern":8,"mcwroofs:red_nether_bricks_roof":2,"minecraft:stone_axe":5,"mmorpg:runes/ano":5,"minecraft:diamond_axe":3,"minecraft:gray_wool":112,"naturescompass:naturescompass":1,"minecraft:melon_seeds":25,"minecraft:stripped_dark_oak_log":142,"minecraft:ender_pearl":1,"mmorpg:currency/orb_of_quality":16,"minecraft:wheat":205,"mmorpg:runes/toq":4,"mcwbridges:blackstone_bridge":8,"minecraft:potion":8,"minecraft:raw_copper":244,"minecraft:smooth_stone_slab":10,"minecraft:iron_leggings":56,"minecraft:armor_stand":1,"minecraft:zombie_head":25,"magistuarmory:demon_horns_decoration":3,"minecraft:sea_pickle":11,"minecraft:redstone_torch":3,"minecraft:calcite":4,"mmorpg:currency/chaos_orb":15,"mmorpg:runes/mos":2,"minecraft:furnace":3,"minecraft:iron_boots":51,"minecraft:stick":1131,"minecraft:brown_terracotta":866,"mmorpg:rare_mats/fishing/greater":58,"minecraft:torch":193,"minecraft:porkchop":57,"regions_unexplored:barley":10,"minecraft:nether_gold_ore":13,"mcwtrpdoors:jungle_ranch_trapdoor":1,"minecolonies:build_goggles":1,"minecraft:green_wool":77,"mmorpg:runes/ita":6,"minecraft:leather_horse_armor":1,"untamedwilds:flora_yarrow":1,"minecraft:cod":147,"minecraft:nautilus_shell":2,"minecraft:magma_cream":102,"mmorpg:offhand/tome/diamond":1,"mcwwindows:stone_brick_arrow_slit":11,"minecraft:tuff":45,"minecraft:wither_skeleton_skull":201,"minecraft:lapis_lazuli":454,"minecraft:polished_granite":8,"minecraft:leather_boots":3,"mcwfences:stone_brick_railing_gate":2,"mmorpg:gems/azurite/1":1,"minecraft:raw_gold":40,"mmorpg:chest/epic_gear":1,"minecraft:cyan_candle":3,"minecraft:oak_planks":10,"minecraft:ghast_tear":3,"minecraft:cooked_porkchop":23,"minecraft:music_disc_13":11,"travelersbackpack:squid":2,"minecraft:poisonous_potato":3,"torchmaster:megatorch":3,"domum_ornamentum:shingle_flat_lower":28,"minecraft:jungle_planks":26,"minecraft:sand":2465,"minecraft:dead_bush":24,"minecraft:lily_of_the_valley":20,"minecraft:cyan_bed":1,"minecraft:orange_wool":47,"minecraft:dark_prismarine":300,"mmorpg:jewel/int":6,"mmorpg:rare_mats/fishing/lesser":58,"minecraft:diamond":193,"mcwroofs:red_nether_bricks_upper_steep_roof":18,"magistuarmory:corruptedroundshield":1,"travelersbackpack:nether":1,"minecraft:oak_sapling":465,"minecraft:fishing_rod":25,"minecraft:cocoa_beans":63,"mmorpg:gems/topaz/0":9,"minecraft:chicken":3,"iceandfire:fire_lily":2,"regions_unexplored:white_trillium":7,"minecraft:gold_block":2,"corail_recycler:diamond_shard":21,"minecraft:diamond_horse_armor":8,"regions_unexplored:red_maple_leaf_pile":10,"minecraft:stone_stairs":1,"minecraft:iron_axe":5,"untamedwilds:food_bear_raw":2,"minecraft:item_frame":24,"minecraft:cyan_carpet":451,"minecolonies:blockhutguardtower":2,"mmorpg:runes/xer":1,"regions_unexplored:mauve_shrub":1,"minecraft:oak_boat":19,"minecraft:player_head":19,"mmorpg:stone/0":29,"minecraft:light_gray_wool":41,"mmorpg:offhand/tome/iron":23,"minecraft:sugar_cane":744,"minecraft:spruce_trapdoor":20,"minecraft:dark_oak_sapling":685,"minecraft:stripped_crimson_hyphae":1,"minecraft:raw_iron":80,"iceandfire:dragonbone":56,"regions_unexplored:silver_birch_leaf_pile":65,"minecraft:copper_ingot":35,"minecraft:bowl":2,"mmorpg:currency/affix_tier_up_down":26,"magistuarmory:maximilian_chestplate":1,"mmorpg:jewel/str":6,"mmorpg:runes/nos":5,"minecraft:iron_horse_armor":15,"minecraft:dark_oak_planks":10,"mmorpg:potions/add_reset_perk_points":1,"iceandfire:sea_serpent_scales_purple":21,"minecraft:arrow":182,"minecolonies:resourcescroll":5,"regions_unexplored:enchanted_birch_leaf_pile":18,"minecraft:jungle_stairs":6,"mcwfences:modern_blackstone_wall":26,"alexscaves:spelunkery_table":1,"minecraft:saddle":33,"regions_unexplored:dorcel":1,"minecraft:air":0,"travelersbackpack:ghast":5,"mmorpg:rare_mats/husbandry/greater":1,"minecraft:glow_ink_sac":9,"minecraft:salmon":108,"mcwroofs:red_nether_bricks_top_roof":10,"regions_unexplored:orange_maple_shrub":1,"minecraft:cobblestone_stairs":94,"regions_unexplored:tassel":6,"minecraft:podzol":4,"minecolonies:ancienttome":7,"minecraft:red_nether_brick_stairs":1,"magistuarmory:steel_flamebladedsword":15,"travelersbackpack:cow":30,"untamedwilds:material_fat":17,"minecraft:red_sandstone":7,"minecraft:soul_sand":342,"minecraft:music_disc_chirp":2,"minecraft:book":130,"minecraft:oak_slab":1,"minecraft:scaffolding":1,"magistuarmory:rustedchainmail_chestplate":1,"minecraft:pumpkin":22,"minecraft:chiseled_stone_bricks":67,"minecolonies:pirate_shoes":1,"minecraft:blast_furnace":1,"mmorpg:weapon/staff/wood":68,"minecraft:white_bed":1,"minecraft:gold_ore":6,"minecraft:spider_eye":139,"magistuarmory:rustedchainmail_helmet":1,"minecraft:campfire":1,"minecraft:iron_helmet":60,"minecraft:black_wool":88,"mmorpg:gems/amethyst/1":1,"minecraft:coal":5296},"minecraft:custom":{"minecraft:dexterity":86,"minecraft:interact_with_crafting_table":663,"minecraft:damage_blocked_by_shield":11330,"minecraft:play_time":7035436,"minecraft:deaths":9,"minecraft:jump":92522,"minecraft:intelligence":25,"minecraft:play_record":2,"minecraft:interact_with_smoker":13,"minecraft:interact_with_anvil":87,"minecraft:inspect_hopper":85,"minecraft:move_speed":0,"minecraft:tune_noteblock":33,"minecraft:time_since_rest":12328,"minecraft:swim_one_cm":1690092,"minecraft:open_chest":8164,"minecraft:blood":0,"minecraft:health":1357,"minecraft:play_noteblock":96,"minecraft:talked_to_villager":8,"minecraft:interact_with_brewingstand":61,"minecraft:levels_gained":47,"minecraft:fill_cauldron":1,"minecraft:damage_dealt_resisted":158641,"minecraft:boat_one_cm":2274089,"minecraft:damage_taken":62372,"minecraft:strength":77,"minecraft:open_barrel":708,"minecraft:bell_ring":1,"minecraft:leave_game":67,"minecraft:time_since_death":5148288,"minecraft:enchant_item":66,"minecraft:interact_with_furnace":204,"minecraft:traded_with_villager":10,"minecraft:sleep_in_bed":502,"minecraft:waystone_activated":5,"minecraft:damage_dealt":338584,"minecraft:interact_with_smithing_table":4,"minecraft:mana":1121,"minecraft:magic_shield":45,"minecraft:sneak_time":195268,"minecraft:interact_with_blast_furnace":20,"minecraft:total_world_time":7035436,"minecraft:interact_with_stonecutter":183,"minecraft:fly_one_cm":20887899,"minecraft:fish_caught":233,"minecraft:fall_one_cm":1616062,"minecraft:animals_bred":210,"minecraft:sprint_one_cm":17540405,"minecraft:drop":1525,"minecraft:energy":1505,"minecraft:walk_on_water_one_cm":845563,"minecraft:interact_with_loom":1,"minecraft:crouch_one_cm":637917,"minecraft:mob_kills":6424,"minecraft:climb_one_cm":91225,"minecraft:walk_one_cm":25457666,"minecraft:walk_under_water_one_cm":1264967,"minecraft:pot_flower":1,"minecraft:interact_with_grindstone":87,"minecraft:damage_absorbed":1989,"minecraft:trigger_trapped_chest":12},"minecraft:dropped":{"naturescompass:naturescompass":1,"minecraft:iron_sword":8,"minecraft:lapis_lazuli":3,"mmorpg:skill_gems/support/str":3,"mmorpg:stone/0":9,"minecraft:diamond":2,"minecraft:cooked_porkchop":6,"minecraft:glow_berries":1,"minecraft:cracked_stone_bricks":4,"minecraft:emerald":1,"minecraft:red_bed":1,"mcwroofs:blackstone_upper_steep_roof":13,"minecraft:gold_nugget":3,"minecraft:sand":214,"minecraft:dark_oak_planks":5,"minecraft:fishing_rod":2,"mmorpg:harvest/blue_gem":8,"minecraft:white_wool":11,"magistuarmory:barding":2,"minecraft:stone_axe":10,"minecraft:iron_nugget":4,"minecraft:netherite_sword":3,"minecraft:wheat":75,"minecraft:rotten_flesh":240,"mcwbridges:blackstone_bridge_pier":16,"minecraft:glowstone_dust":13,"regions_unexplored:mauve_shrub":1,"minecraft:nether_brick_fence":12,"minecraft:coal_ore":32,"magistuarmory:steel_zweihander":4,"minecraft:red_nether_bricks":2,"minecraft:glass":31,"minecraft:stone_brick_stairs":44,"domum_ornamentum:plain":64,"mcwbridges:nether_bricks_bridge_pier":3,"minecraft:wheat_seeds":1468,"mmorpg:offhand/dodge/iron":1,"minecraft:light_gray_stained_glass_pane":1,"regions_unexplored:tassel":6,"mmorpg:skill_gems/aura/dex":3,"mmorpg:skill_gems/support/int":1,"minecraft:lava_bucket":5,"minecraft:cobweb":16,"minecraft:diamond_horse_armor":3,"magistuarmory:steel_lucernhammer":5,"regions_unexplored:barley":8,"travelersbackpack:blaze":1,"minecraft:potion":2,"minecraft:oak_stairs":1,"minecraft:pumpkin":12,"regions_unexplored:silver_birch_leaf_pile":67,"minecraft:soul_soil":22,"minecraft:stone_shovel":3,"minecraft:iron_boots":3,"minecraft:name_tag":1,"regions_unexplored:aster":1,"minecraft:white_terracotta":172,"mcwfences:railing_blackstone_wall":30,"minecraft:suspicious_stew":1,"minecraft:diamond_sword":5,"minecraft:flower_pot":9,"minecraft:sea_pickle":3,"minecraft:spruce_trapdoor":11,"minecraft:diamond_pickaxe":10,"minecraft:redstone_torch":2,"minecraft:stone_bricks":17,"minecraft:bamboo":9,"minecraft:bow":23,"minecraft:red_sand":93,"regions_unexplored:orange_maple_leaf_pile":40,"minecraft:terracotta":636,"minecraft:nether_brick_stairs":16,"minecraft:soul_sand":80,"minecraft:dark_oak_sapling":260,"travelersbackpack:black_sleeping_bag":3,"minecraft:leather":37,"minecraft:jungle_planks":1,"minecraft:iron_horse_armor":2,"regions_unexplored:viridescent_nylium":1,"minecraft:polished_blackstone_brick_wall":54,"minecolonies:blockhutbarracks":1,"travelersbackpack:standard":1,"minecraft:music_disc_13":2,"minecraft:redstone_lamp":50,"minecraft:dark_oak_log":268,"iceandfire:sea_serpent_scales_purple":21,"minecraft:mutton":7,"minecraft:snowball":211,"mcwfences:modern_blackstone_wall":31,"minecraft:gold_ingot":10,"minecraft:spyglass":1,"minecraft:beetroot":7,"iceandfire:fire_lily":2,"travelersbackpack:bat":1,"travelersbackpack:gold_tier_upgrade":2,"magistuarmory:demon_horns_decoration":4,"minecraft:leather_chestplate":1,"travelersbackpack:iron_golem":1,"minecraft:beetroot_seeds":17,"minecraft:stone_brick_wall":7,"minecraft:cracked_nether_bricks":1,"structurize:sceptergold":2,"minecraft:stone_hoe":1,"minecraft:bread":39,"minecraft:lilac":14,"mmorpg:skill_gems/support/dex":2,"mmorpg:chest/uncommon_gear":1,"mmorpg:skill_gems/aura/int":13,"minecraft:tropical_fish":4,"minecraft:spruce_stairs":3,"mmorpg:weapon/staff/wood":3,"minecraft:iron_block":87,"mmorpg:jewelry/necklace/gold":2,"minecraft:repeater":20,"regions_unexplored:dead_steppe_shrub":1,"minecraft:polished_blackstone_brick_slab":32,"minecraft:polished_andesite_stairs":3,"minecraft:kelp":5,"minecraft:light_gray_terracotta":134,"minecolonies:ancienttome":1,"mmorpg:jewelry/necklace/iron":2,"minecraft:copper_ore":6,"mmorpg:currency/orb_of_quality":1,"minecolonies:blockhuttownhall":2,"mmorpg:gems/ruby/0":5,"regions_unexplored:maple_leaf_pile":15,"mmorpg:offhand/tome/iron":1,"minecraft:oak_sapling":11,"minecraft:wooden_pickaxe":1,"untamedwilds:flora_hemlock":1,"magistuarmory:steel_flamebladedsword":3,"mmorpg:skill_gems/aura/str":9,"minecraft:cooked_beef":19,"minecraft:spore_blossom":1,"minecraft:orange_tulip":6,"minecraft:red_carpet":3,"minecraft:dirt":477,"mmorpg:gems/emerald/0":4,"minecraft:chain":2,"minecraft:jungle_sapling":1,"minecraft:bone_meal":322,"minecraft:bone_block":27,"minecraft:iron_pickaxe":1,"minecraft:cyan_carpet":231,"minecraft:bone":696,"minecraft:sugar_cane":83,"minecraft:golden_chestplate":2,"minecraft:birch_sapling":1,"mmorpg:harvest/green_gem":18,"minecraft:jungle_trapdoor":85,"minecolonies:resourcescroll":3,"mmorpg:weapon/staff/iron":2,"regions_unexplored:white_trillium":7,"mmorpg:material/farming/1":2,"minecraft:enchanted_book":1,"minecraft:iron_ingot":71,"regions_unexplored:blackwood_log":151,"mmorpg:stat_soul":6,"travelersbackpack:cow":1,"mmorpg:jewel/dex":2,"minecraft:chiseled_nether_bricks":2,"regions_unexplored:fireweed":3,"travelersbackpack:squid":1,"minecraft:netherite_helmet":1,"minecraft:feather":24,"minecraft:iron_helmet":3,"minecraft:yellow_terracotta":129,"minecraft:cobblestone":146,"regions_unexplored:enchanted_birch_leaf_pile":18,"minecraft:coal":96,"regions_unexplored:daisy":2,"mcwfences:stone_grass_topped_wall":31,"minecraft:oxeye_daisy":5,"minecraft:jungle_slab":13,"regions_unexplored:eucalyptus_log":1,"minecraft:rose_bush":26,"minecraft:diamond_helmet":1,"minecraft:brown_terracotta":65,"minecraft:paper":3,"minecraft:iron_shovel":1,"minecraft:string":266,"minecraft:pink_tulip":2,"minecraft:moss_carpet":2,"regions_unexplored:larch_log":1,"minecraft:stone_sword":12,"minecraft:smooth_stone_slab":5,"minecraft:bowl":1,"minecraft:chicken":2,"regions_unexplored:tall_pink_bioshroom":2,"minecraft:stone_slab":2,"regions_unexplored:hyssop":5,"minecraft:nether_bricks":6,"minecraft:spruce_fence":11,"minecraft:pumpkin_seeds":10,"minecraft:lily_of_the_valley":20,"minecraft:potato":10,"minecraft:cobblestone_slab":3,"torchmaster:megatorch":1,"minecraft:stone":283,"minecolonies:build_goggles":1,"minecraft:carved_pumpkin":1,"minecraft:spider_eye":43,"minecraft:red_tulip":12,"untamedwilds:spawn_tortoise":1,"minecraft:dark_prismarine":297,"domum_ornamentum:shingle_slab":96,"mmorpg:currency/map_rarity_upgrade":1,"minecraft:diamond_axe":3,"minecraft:baked_potato":129,"minecraft:flint":17,"regions_unexplored:red_maple_leaf_pile":10,"minecraft:cornflower":6,"minecraft:polished_blackstone_bricks":128,"minecraft:gravel":15,"minecraft:white_tulip":3,"regions_unexplored:pink_bioshroom":1,"minecraft:diamond_shovel":8,"minecraft:stone_stairs":1,"travelersbackpack:cactus":1,"minecraft:carrot":2,"travelersbackpack:ghast":1,"minecraft:poppy":6,"iceandfire:chain":1,"minecraft:gunpowder":3,"domum_ornamentum:shingle":63,"minecraft:melon_seeds":13,"minecraft:chest":1,"minecraft:spruce_wood":11,"minecraft:blackstone_slab":10,"minecraft:arrow":3,"minecraft:water_bucket":1,"minecraft:spawner":2,"minecraft:oak_slab":1,"regions_unexplored:orange_maple_shrub":1,"mmorpg:harvest/purple_gem":10,"minecraft:diamond_leggings":4,"minecraft:poisonous_potato":7,"regions_unexplored:pine_sapling":5,"minecraft:grass_block":48,"minecraft:stick":7,"mmorpg:map":6,"minecraft:diorite":66,"minecraft:torch":127,"iceandfire:lightning_lily":1,"minecraft:smooth_quartz":1,"travelersbackpack:spider":12,"minecraft:iron_leggings":3,"minecraft:wither_rose":1,"minecraft:iron_axe":4,"minecraft:music_disc_cat":1,"minecraft:dandelion":8,"minecraft:smooth_basalt":11,"minecraft:redstone":4,"minecraft:nether_brick_slab":16,"minecraft:nether_wart":5,"minecraft:blaze_rod":2,"minecraft:red_nether_brick_stairs":1,"minecraft:filled_map":8,"minecraft:shield":7,"minecraft:diamond_chestplate":1,"minecraft:orange_terracotta":338,"minecraft:iron_chestplate":8,"regions_unexplored:blackwood_sapling":40,"minecraft:oak_boat":1,"minecraft:golden_sword":1,"minecraft:diamond_boots":2,"minecraft:calcite":2},"minecraft:used":{"minecraft:stone":878,"mcwbridges:blackstone_bridge":17,"minecolonies:resourcescroll":431,"minecraft:soul_sand":37,"mcwfences:deepslate_grass_topped_wall":9,"mcwfences:wooden_cheval_de_frise":6,"minecraft:snowball":16,"regions_unexplored:barley":2,"minecraft:dark_oak_slab":1,"minecraft:diorite_wall":9,"minecraft:bow":231,"mcwfences:stone_brick_railing_gate":4,"magistuarmory:rusted_bastardsword":132,"minecraft:cooked_cod":13,"travelersbackpack:redstone":2,"minecraft:mossy_stone_bricks":1,"travelersbackpack:nether":1,"minecraft:damaged_anvil":1,"minecraft:blackstone":42,"minecraft:wooden_pickaxe":44,"minecraft:jungle_boat":4,"minecraft:blast_furnace":2,"minecraft:red_sandstone":7,"minecraft:deepslate_iron_ore":2,"mcwroofs:blackstone_upper_lower_roof":3,"mcwroofs:nether_bricks_top_roof":16,"minecraft:diamond_sword":6362,"minecraft:coal_block":1,"travelersbackpack:magma_cube":1,"minecraft:birch_log":1,"minecraft:oak_boat":18,"minecraft:carved_pumpkin":4,"minecraft:armor_stand":1,"mcwfences:deepslate_brick_grass_topped_wall":13,"mcwwindows:stone_brick_arrow_slit":11,"minecraft:cooked_salmon":5,"minecraft:torch":765,"minecraft:brewing_stand":3,"regions_unexplored:clover":14,"minecraft:fern":1,"minecraft:chipped_anvil":3,"minecraft:iron_block":18,"mcwfences:stone_grass_topped_wall":337,"minecraft:barrel":7,"minecraft:calcite":1,"minecraft:wheat_seeds":809,"regions_unexplored:dead_steppe_shrub":2,"minecraft:red_bed":19,"minecraft:diamond_pickaxe":30922,"minecraft:diamond_shovel":33752,"minecraft:spruce_trapdoor":9,"minecraft:potion":7,"sophisticatedstorage:iron_chest":5,"minecraft:cooked_porkchop":54,"minecolonies:clipboard":23,"minecraft:diamond_leggings":1,"regions_unexplored:silt_dirt":879,"minecraft:red_sand":274,"minecraft:nether_wart":72,"minecraft:grass":2,"minecraft:jungle_planks":4,"mcwroofs:red_nether_bricks_top_roof":20,"minecolonies:spear":1,"minecraft:music_disc_13":1,"minecraft:spruce_wood":1,"minecraft:polished_blackstone_brick_wall":35,"minecraft:item_frame":9,"minecraft:deepslate_diamond_ore":15,"minecraft:dark_oak_sapling":249,"travelersbackpack:spider":51,"mcwfences:modern_blackstone_wall":54,"minecraft:stone_pickaxe":295,"minecraft:jungle_fence":2,"minecraft:oak_planks":34,"minecraft:sandstone":86,"minecraft:sugar_cane":1,"minecraft:diamond_axe":635,"minecraft:white_wool":1,"minecraft:deepslate_lapis_ore":26,"minecraft:dark_oak_log":162,"minecraft:bread":391,"mcwbridges:blackstone_bridge_stair":15,"minecraft:deepslate":1463,"minecraft:coarse_dirt":2,"minecraft:bone_meal":738,"minecraft:netherite_sword":738,"minecraft:flint_and_steel":11,"minecraft:redstone":4,"minecraft:deepslate_gold_ore":15,"minecraft:stone_hoe":1,"minecraft:cooked_chicken":12,"magistuarmory:steel_lucernhammer":2,"minecraft:dirt":32498,"minecraft:bee_nest":1,"minecraft:spruce_fence":1,"minecolonies:build_goggles":1,"minecraft:iron_hoe":9,"minecraft:brown_terracotta":285,"iceandfire:dragon_bone_wall":1,"minecraft:iron_boots":1,"minecraft:soul_soil":2,"minecraft:cooked_beef":49,"minecraft:pumpkin":4,"minecraft:cobblestone_stairs":175,"minecraft:baked_potato":622,"travelersbackpack:ghast":4,"regions_unexplored:peat_mud":1,"minecraft:flower_pot":5,"minecraft:black_wool":6,"minecraft:lapis_ore":13,"mcwbridges:balustrade_blackstone_bridge":22,"minecraft:jungle_stairs":3,"minecraft:stone_axe":931,"minecraft:sea_pickle":7,"regions_unexplored:pine_planks":27,"mcwbridges:nether_bricks_bridge_pier":7,"minecraft:spruce_slab":5,"minecraft:chest":36,"minecraft:grass_block":788,"minecraft:music_disc_chirp":1,"minecraft:stone_brick_stairs":1126,"mcwfences:railing_blackstone_wall":28,"minecraft:furnace":9,"minecraft:egg":90,"minecraft:potato":338,"minecraft:diorite":105,"minecraft:dark_oak_trapdoor":13,"minecraft:sand":1617,"minecraft:pumpkin_seeds":6,"minecraft:lightning_rod":33,"minecraft:cyan_carpet":23,"minecraft:polished_granite":6,"minecraft:iron_bars":269,"waystones:sandy_waystone":1,"minecraft:stone_sword":25,"travelersbackpack:bat":91,"minecraft:netherrack":12,"domum_ornamentum:shingle_flat_lower":28,"minecraft:anvil":1,"minecraft:nether_brick_slab":18,"mcwbridges:blackstone_bridge_pier":227,"minecraft:nether_brick_stairs":3,"mcwfences:spruce_wired_fence":410,"minecraft:iron_axe":150,"minecraft:spawner":2,"travelersbackpack:squid":1,"minecraft:smooth_quartz":24,"mcwroofs:blackstone_upper_steep_roof":36,"minecraft:glowstone":32,"mcwroofs:blackstone_top_roof":19,"torchmaster:megatorch":5,"minecraft:orange_terracotta":6689,"minecraft:water_bucket":23,"minecraft:nether_brick_wall":8,"minecraft:polished_blackstone_bricks":31,"minecraft:salmon":1,"minecraft:mossy_cobblestone":9,"minecraft:crafting_table":19,"minecraft:cod":6,"minecraft:iron_pickaxe":429,"minecraft:chiseled_stone_bricks":341,"minecraft:cobblestone":1497,"travelersbackpack:standard":110,"minecraft:jukebox":2,"structurize:sceptergold":119,"mcwfences:stone_pillar_wall":3,"minecraft:iron_shovel":4274,"minecraft:diamond_hoe":10,"minecraft:shield":224,"minecraft:iron_sword":1179,"minecraft:nether_bricks":10,"minecraft:carrot":212,"mcwroofs:red_nether_bricks_roof":2,"minecraft:milk_bucket":2,"minecraft:coal_ore":1,"minecraft:stone_bricks":1292,"minecraft:magma_block":4,"minecraft:brown_carpet":1,"minecraft:hay_block":1,"minecraft:scaffolding":1,"minecolonies:blockhutfield":1,"minecraft:chiseled_polished_blackstone":2,"minecraft:dark_oak_stairs":7,"travelersbackpack:cow":33,"travelersbackpack:iron_golem":45,"minecraft:yellow_terracotta":240,"minecraft:black_banner":3,"minecraft:deepslate_redstone_ore":96,"minecraft:stone_brick_wall":119,"minecraft:shears":283,"minecraft:melon_slice":82,"minecraft:cyan_bed":2,"minecraft:gravel":6,"minecraft:blackstone_slab":104,"minecraft:chainmail_boots":1,"domum_ornamentum:shingle_slab":1,"minecraft:andesite":19,"minecraft:cobweb":6,"travelersbackpack:blaze":2,"minecraft:stone_shovel":746,"minecraft:spruce_planks":18,"minecraft:spyglass":100,"minecraft:white_carpet":43,"mcwfences:blackstone_grass_topped_wall":142,"minecraft:spruce_stairs":4,"minecraft:diamond_helmet":1,"minecraft:granite":198,"minecraft:stone_brick_slab":1340,"minecraft:dark_oak_planks":10,"minecraft:bookshelf":23,"minecraft:golden_carrot":12,"minecraft:cooked_mutton":11,"minecraft:glass_bottle":34,"minecraft:cyan_candle":3,"minecraft:andesite_slab":5,"minecraft:chiseled_nether_bricks":1,"minecraft:stonecutter":9,"minecraft:terracotta":451,"mcwfences:modern_stone_brick_wall":82,"minecraft:apple":20,"mcwbridges:bridge_torch":1,"minecraft:map":1,"iceandfire:graveyard_soil":2,"mmorpg:weapon/staff/wood":1,"minecraft:fishing_rod":320,"minecraft:white_banner":7,"minecraft:bucket":31,"mcwfences:railing_stone_brick_wall":230},"minecraft:crafted":{"minecraft:black_dye":25,"minecraft:chainmail_helmet":1,"magistuarmory:steel_zweihander":11,"mcwfences:spruce_wired_fence":414,"minecraft:blaze_powder":62,"minecraft:chain":36,"mcwfences:stone_grass_topped_wall":414,"minecraft:diamond_shovel":6,"minecraft:gray_wool":6,"minecolonies:blockhutgraveyard":1,"domum_ornamentum:shingle_flat":16,"minecraft:stone_pressure_plate":1,"minecraft:gray_stained_glass_pane":8,"minecraft:black_wool":9,"minecraft:jungle_boat":3,"minecraft:polished_andesite_stairs":15,"minecraft:golden_pickaxe":1,"minecraft:mossy_cobblestone":6,"minecraft:stone_brick_stairs":60,"mcwroofs:red_nether_bricks_top_roof":10,"naturescompass:naturescompass":1,"mcwfences:stone_pillar_wall":5,"minecraft:iron_pickaxe":2,"magistuarmory:rusted_bastardsword":1,"minecraft:golden_carrot":10,"minecraft:iron_nugget":468,"minecraft:spyglass":2,"minecraft:diamond_hoe":2,"mcwfences:deepslate_brick_grass_topped_wall":6,"domum_ornamentum:one_crossed_rl":76,"domum_ornamentum:cobblestone_extra":224,"mcwfences:railing_stone_brick_wall":62,"minecraft:lantern":9,"mcwfences:blackstone_grass_topped_wall":126,"minecraft:polished_diorite":1,"minecraft:stone_pickaxe":3,"domum_ornamentum:up_gated":64,"minecraft:chainmail_leggings":1,"travelersbackpack:spider":1,"minecraft:cyan_bed":1,"magistuarmory:corruptedroundshield":1,"minecraft:dark_oak_button":5,"minecraft:red_carpet":9,"minecraft:deepslate_tiles":7,"domum_ornamentum:horizontal_plain":20,"regions_unexplored:pine_planks":44,"minecraft:chainmail_boots":1,"minecraft:iron_shovel":18,"minecraft:cobblestone_slab":162,"minecraft:barrel":4,"magistuarmory:steel_flamebladedsword":6,"minecraft:cooked_chicken":32,"minecraft:lightning_rod":16,"minecraft:heavy_weighted_pressure_plate":1,"minecraft:brown_carpet":3,"minecraft:stone_brick_slab":90,"minecraft:bow":6,"minecraft:chest":4,"minecraft:copper_block":86,"minecraft:rail":32,"minecraft:bricks":9,"minecraft:stone_bricks":16,"minecraft:oak_fence":90,"mmorpg:keys/0":2,"minecraft:white_banner":2,"minecraft:arrow":20,"minecraft:cauldron":4,"minecraft:iron_helmet":3,"minecraft:chainmail_chestplate":1,"mcwfences:modern_stone_brick_wall":61,"minecraft:purple_dye":10,"minecraft:stick":1715,"minecraft:iron_ingot":789,"minecolonies:blockhutcombatacademy":1,"minecraft:andesite_stairs":4,"minecraft:black_bed":13,"travelersbackpack:cow":1,"minecraft:dark_oak_fence_gate":17,"domum_ornamentum:panel":16,"minecolonies:blockhutlumberjack":1,"minecraft:oak_door":3,"minecraft:stone_brick_wall":1,"magistuarmory:maximilian_helmet":1,"minecraft:mossy_stone_bricks":32,"sophisticatedstorage:iron_chest":6,"minecraft:furnace":20,"minecolonies:blockhutbuilder":1,"magistuarmory:demon_horns_decoration":4,"domum_ornamentum:vanilla_stairs_compat":9,"minecraft:cobblestone_wall":10,"minecraft:jungle_wood":6,"minecraft:iron_sword":4,"minecraft:black_banner":9,"minecraft:cooked_salmon":8,"travelersbackpack:black_sleeping_bag":3,"mcwbridges:blackstone_bridge_pier":10,"minecraft:jungle_planks":652,"domum_ornamentum:shingle_slab":476,"travelersbackpack:squid":1,"minecraft:white_dye":7,"minecraft:black_carpet":24,"minecraft:stonecutter":2,"minecraft:anvil":2,"minecraft:andesite":192,"mcwroofs:blackstone_top_roof":6,"minecraft:orange_bed":1,"minecraft:torch":760,"minecolonies:blockhutbarracks":1,"minecraft:diamond_chestplate":2,"domum_ornamentum:plain":1248,"minecraft:smooth_stone":14,"minecraft:dark_oak_pressure_plate":30,"mcwfences:stone_brick_railing_gate":4,"minecraft:dark_oak_wood":54,"minecraft:horn_coral_block":6,"minecraft:lever":2,"minecraft:cooked_mutton":21,"minecraft:iron_bars":464,"minecraft:glass":51,"mcwfences:wooden_cheval_de_frise":4,"structurize:sceptergold":1,"mcwfences:deepslate_grass_topped_wall":6,"domum_ornamentum:red_brick_extra":72,"domum_ornamentum:blockbarreldeco_onside":6,"minecolonies:resourcescroll":4,"minecraft:gray_bed":10,"minecraft:flower_pot":19,"mcwroofs:nether_bricks_top_roof":20,"minecraft:glass_bottle":33,"domum_ornamentum:double_crossed":144,"minecraft:cooked_porkchop":55,"minecraft:diamond_axe":4,"domum_ornamentum:side_framed":72,"minecraft:copper_ingot":16,"minecraft:hay_block":156,"minecraft:campfire":14,"minecraft:iron_block":72,"minecraft:gold_ingot":63,"minecraft:light_gray_dye":2,"domum_ornamentum:wheat_extra":28,"minecraft:stone_shovel":11,"minecraft:smooth_stone_slab":6,"minecolonies:blockhutcitizen":3,"minecraft:bone_meal":32388,"minecraft:white_carpet":42,"minecraft:diamond":94,"magistuarmory:steel_lucernhammer":13,"minecraft:dark_oak_fence":677,"minecraft:ladder":60,"minecraft:spruce_slab":6,"minecraft:redstone_block":38,"minecraft:dark_oak_planks":6936,"domum_ornamentum:framed":136,"minecraft:wheat":306,"minecraft:coal_block":549,"domum_ornamentum:brick_extra":116,"minecolonies:blockhutsawmill":1,"domum_ornamentum:one_crossed_lr":104,"minecraft:polished_granite":4,"minecolonies:blockhuttavern":1,"domum_ornamentum:paper_extra":200,"minecraft:mossy_stone_brick_stairs":6,"mcwbridges:blackstone_bridge":20,"domum_ornamentum:shingle":1468,"minecraft:wooden_axe":4,"minecraft:iron_leggings":3,"minecraft:white_bed":5,"minecolonies:blockminecoloniesrack":21,"minecraft:brick":2,"minecraft:oak_planks":752,"domum_ornamentum:down_gated":32,"minecraft:cobblestone_stairs":51,"mcwdoors:dark_oak_barn_door":2,"domum_ornamentum:shingle_flat_lower":24,"minecraft:dark_oak_door":45,"minecraft:iron_boots":5,"minecraft:chiseled_stone_bricks":48,"minecraft:golden_sword":1,"mcwbridges:balustrade_blackstone_bridge":20,"minecraft:item_frame":4,"minecraft:oak_slab":6,"minecraft:crafting_table":29,"minecraft:spruce_planks":328,"minecraft:wooden_pickaxe":1,"minecraft:baked_potato":128,"mmorpg:keys/1":4,"minecraft:gold_block":7,"minecraft:pumpkin_seeds":20,"minecraft:birch_planks":8,"minecraft:diamond_pickaxe":15,"minecraft:dark_oak_slab":1242,"minecraft:book":8,"minecraft:iron_chestplate":3,"minecraft:paper":432,"minecraft:shield":7,"minecraft:stone_sword":1,"minecraft:gray_carpet":45,"minecraft:shears":5,"minecraft:light_gray_stained_glass_pane":24,"minecraft:sandstone_stairs":9,"domum_ornamentum:brown_bricks":192,"minecraft:polished_andesite":8,"minecraft:coarse_dirt":500,"minecraft:redstone":72,"minecraft:coal":369,"minecraft:dark_oak_trapdoor":42,"minecraft:jungle_trapdoor":84,"minecraft:gray_dye":16,"minecraft:dark_oak_sign":30,"minecraft:glass_pane":256,"minecraft:diamond_block":4,"minecraft:leather":33,"minecraft:polished_deepslate":12,"minecraft:black_terracotta":8,"minecraft:iron_axe":3,"minecraft:iron_hoe":1,"minecraft:cooked_beef":68,"minecraft:sugar":31,"minecraft:red_dye":35,"minecraft:cooked_cod":7,"minecraft:bone_block":3464,"minecraft:diamond_sword":81,"minecraft:dark_oak_stairs":2020,"mcwwindows:stone_brick_arrow_slit":3,"minecolonies:blockhutschool":1,"minecraft:yellow_carpet":3,"minecraft:nether_bricks":64,"minecraft:bucket":2,"minecraft:stone_axe":30,"minecraft:bread":32,"minecraft:air":0,"minecraft:blue_dye":13,"domum_ornamentum:blockbarreldeco_standing":30,"mcwroofs:blackstone_upper_lower_roof":8,"minecraft:oak_boat":2,"minecolonies:blockwaypoint":16,"minecraft:gold_nugget":144,"mcwbridges:blackstone_bridge_stair":20,"minecraft:blackstone_slab":10,"minecraft:lapis_lazuli":72,"minecraft:lapis_block":27},"minecraft:killed":{"minecraft:tropical_fish":1,"minecraft:skeleton_horse":4,"minecolonies:archerbarbarian":9,"minecraft:salmon":46,"minecraft:pillager":29,"minecraft:zombie":149,"untamedwilds:bison":8,"untamedwilds:snake":2,"iceandfire:sea_serpent":5,"minecraft:evoker":2,"minecraft:vindicator":3,"minecraft:endermite":1,"minecolonies:amazonspearman":25,"enemyexpansion:faller":3,"iceandfire:siren":2,"minecraft:husk":9,"enemyexpansion:sprinter":1,"minecraft:frog":2,"untamedwilds:big_cat":1,"iceandfire:ghost":10,"minecraft:zombified_piglin":19,"minecraft:witch":4,"minecraft:spider":169,"minecolonies:amazonchief":6,"minecraft:silverfish":4,"minecraft:piglin":9,"untamedwilds:tarantula":1,"minecraft:sheep":6,"minecraft:ghast":3,"minecraft:vex":15,"enemyexpansion:direwolf":11,"minecraft:drowned":77,"minecolonies:drownedchiefpirate":13,"minecraft:hoglin":9,"minecraft:squid":23,"minecraft:wither_skeleton":5120,"enemyexpansion:slugger":2,"minecraft:cave_spider":90,"untamedwilds:large_snake":1,"enemyexpansion:equestrian":4,"minecraft:skeleton":117,"minecraft:chicken":2,"enemyexpansion:vampflyer":2,"minecraft:magma_cube":98,"iceandfire:cockatrice":2,"enemyexpansion:botfly":43,"minecraft:glow_squid":5,"minecraft:cow":20,"minecolonies:chiefbarbarian":5,"untamedwilds:catfish":1,"enemyexpansion:scorpion":1,"minecraft:wandering_trader":1,"minecolonies:drownedarcherpirate":6,"untamedwilds:spadefish":1,"minecraft:enderman":3,"minecolonies:amazon":12,"minecraft:pig":15,"minecraft:creeper":22,"untamedwilds:bear":1,"minecraft:stray":10,"minecraft:blaze":67,"enemyexpansion:wasp":4,"iceandfire:fire_dragon":1,"minecolonies:drownedpirate":8,"minecraft:bat":3,"minecolonies:barbarian":14,"enemyexpansion:crawler":3,"enemyexpansion:huntsman":3},"minecraft:mined":{"minecraft:potted_pink_tulip":1,"minecraft:white_bed":1,"mcwfences:stone_pillar_wall":3,"regions_unexplored:brimsprout":19,"minecraft:red_nether_bricks":16,"regions_unexplored:brimwood_leaves":2,"minecraft:potted_dead_bush":1,"minecraft:granite":648,"minecraft:nether_wart":63,"minecraft:spawner":52,"minecraft:polished_blackstone_bricks":6,"minecraft:magma_block":138,"regions_unexplored:stone_bud":4,"minecolonies:decorationcontroller":1,"minecraft:dark_oak_trapdoor":13,"minecraft:fire":87,"minecraft:barrel":23,"mcwroofs:red_nether_bricks_upper_steep_roof":18,"minecraft:deepslate_lapis_ore":39,"minecraft:nether_brick_stairs":20,"regions_unexplored:maple_leaf_pile":6,"minecraft:pink_tulip":2,"minecraft:spruce_wood":1,"minecraft:white_banner":1,"minecraft:player_head":18,"minecraft:orange_bed":1,"regions_unexplored:enchanted_birch_leaf_pile":7,"travelersbackpack:ghast":1,"minecraft:kelp_plant":8,"regions_unexplored:yellow_lupine":1,"minecraft:powder_snow":44,"minecraft:torch":50,"minecraft:dark_oak_wood":1,"minecraft:melon":19,"minecraft:dead_bush":67,"minecraft:nether_brick_slab":17,"mcwfences:deepslate_brick_grass_topped_wall":13,"minecraft:sugar_cane":362,"minecraft:amethyst_block":1,"regions_unexplored:pine_log":12,"minecraft:white_terracotta":263,"regions_unexplored:hyssop":4,"minecraft:repeater":19,"minecraft:jukebox":6,"minecraft:wither_rose":1,"minecraft:grass":1178,"minecraft:dark_oak_sapling":9,"minecraft:smooth_quartz":27,"minecolonies:blockhutfield":1,"minecraft:smooth_basalt":11,"minecraft:deepslate":2187,"regions_unexplored:glistering_sprout":3,"minecraft:dark_prismarine":291,"minecolonies:blockhutcitizen":2,"minecraft:mossy_cobblestone":7,"sophisticatedstorage:iron_chest":3,"minecraft:dark_oak_log":6634,"minecraft:cyan_stained_glass":2,"minecraft:sea_lantern":9,"mcwfences:stone_brick_railing_gate":2,"minecraft:spruce_fence":4,"minecraft:redstone_wire":3,"minecraft:redstone_ore":3,"mcwbridges:balustrade_blackstone_bridge":22,"minecraft:andesite":641,"mcwbridges:nether_bricks_bridge_pier":3,"mcwwindows:stone_brick_arrow_slit":11,"minecraft:cobblestone_slab":2,"minecraft:vine":85,"minecraft:oak_slab":1,"minecraft:chiseled_nether_bricks":2,"minecraft:soul_sand":371,"minecraft:lily_of_the_valley":20,"minecraft:polished_blackstone_brick_wall":2,"minecraft:dandelion":40,"minecraft:cornflower":1,"regions_unexplored:silt_dirt":225,"mcwbridges:blackstone_bridge":17,"minecraft:tall_grass":64,"minecraft:lightning_rod":9,"regions_unexplored:blackwood_log":158,"minecraft:copper_ore":103,"minecraft:deepslate_gold_ore":37,"minecraft:diorite":508,"mcwroofs:red_nether_bricks_top_roof":10,"travelersbackpack:squid":2,"minecraft:red_terracotta":376,"minecraft:coarse_dirt":2,"minecraft:gravel":1656,"minecraft:cobweb":104,"minecraft:brown_terracotta":870,"minecraft:stone_bricks":231,"minecraft:chipped_anvil":5,"minecraft:gold_ore":10,"minecraft:fern":349,"mcwroofs:blackstone_upper_steep_roof":28,"minecraft:farmland":219,"minecraft:brewing_stand":3,"minecraft:spruce_trapdoor":9,"minecraft:frosted_ice":5,"mcwfences:railing_stone_brick_wall":102,"minecraft:mossy_cobblestone_slab":1,"minecolonies:blockconstructiontape":11,"iceandfire:dragon_bone_wall":1,"minecraft:red_tulip":8,"mcwfences:modern_stone_brick_wall":21,"minecraft:iron_bars":64,"minecraft:potted_cornflower":2,"regions_unexplored:larch_log":1,"minecraft:spruce_slab":6,"minecraft:deepslate_redstone_ore":96,"regions_unexplored:red_lupine":1,"minecraft:orange_terracotta":3184,"minecraft:light_gray_terracotta":136,"minecraft:jungle_stairs":6,"iceandfire:fire_lily":2,"minecraft:nether_quartz_ore":69,"minecraft:oak_planks":12,"mcwfences:railing_blackstone_wall":23,"minecraft:wall_torch":28,"minecraft:stone_stairs":1,"minecraft:dark_oak_slab":1,"minecraft:smooth_stone_slab":7,"minecraft:oak_log":804,"minecraft:dirt":14324,"regions_unexplored:cobalt_nylium":4,"minecraft:cyan_candle":1,"regions_unexplored:tall_pink_bioshroom":1,"minecraft:crying_obsidian":21,"mcwroofs:red_nether_bricks_roof":2,"minecolonies:blockhuttownhall":1,"regions_unexplored:barley":11,"minecolonies:blockhutbuilder":4,"torchmaster:megatorch":2,"untamedwilds:flora_hemlock":3,"regions_unexplored:aster":1,"minecraft:spruce_leaves":3,"minecraft:cracked_nether_bricks":7,"minecraft:hay_block":19,"untamedwilds:flora_yarrow":1,"minecraft:gold_block":1,"minecraft:nether_brick_fence":20,"minecraft:bookshelf":63,"minecraft:deepslate_iron_ore":7,"minecraft:shroomlight":3,"regions_unexplored:orange_maple_shrub":1,"regions_unexplored:orange_maple_leaf_pile":16,"mcwfences:modern_blackstone_wall":30,"minecraft:scaffolding":1,"minecolonies:blockminecoloniesgrave":13,"regions_unexplored:brimwood_log":51,"minecraft:snow_block":43,"minecraft:stripped_dark_oak_log":141,"minecraft:basalt":8,"minecraft:polished_granite":9,"travelersbackpack:standard":9,"regions_unexplored:peat_mud":1,"minecraft:deepslate_coal_ore":2,"mcwroofs:blackstone_top_roof":20,"minecraft:sea_pickle":7,"minecraft:black_wall_banner":1,"minecraft:mangrove_planks":1,"minecraft:white_wall_banner":1,"minecraft:bee_nest":1,"minecraft:black_wool":6,"minecraft:cocoa":1,"travelersbackpack:cow":26,"minecraft:cyan_carpet":292,"minecraft:cracked_stone_bricks":2,"minecraft:mossy_stone_bricks":1,"minecraft:dark_oak_planks":2,"minecraft:jungle_leaves":14,"minecraft:carved_pumpkin":5,"minecraft:obsidian":36,"minecraft:red_sand":1241,"minecraft:stone_brick_wall":46,"mcwfences:spruce_wired_fence":54,"minecraft:jungle_log":1125,"minecraft:coal_block":56,"minecraft:oxeye_daisy":7,"minecraft:chiseled_stone_bricks":66,"minecraft:tall_seagrass":16,"minecraft:pumpkin":21,"minecraft:moss_carpet":2,"minecraft:enchanting_table":4,"mcwfences:wooden_cheval_de_frise":6,"minecraft:dirt_path":90,"minecraft:oak_stairs":1,"minecraft:iron_block":2,"regions_unexplored:silt_grass_block":689,"regions_unexplored:dead_steppe_shrub":4,"minecraft:red_bed":18,"minecraft:soul_fire":50,"minecraft:amethyst_cluster":4,"minecraft:blast_furnace":2,"minecraft:polished_andesite_stairs":3,"minecraft:cyan_bed":1,"minecraft:damaged_anvil":1,"minecraft:skeleton_skull":13,"minecraft:cyan_wool":2,"minecraft:wheat":800,"minecraft:lilac":15,"minecraft:pumpkin_stem":6,"minecraft:black_bed":2,"minecraft:potted_poppy":1,"minecraft:stone_brick_stairs":311,"regions_unexplored:clover":5,"minecraft:stonecutter":6,"regions_unexplored:fireweed":3,"minecraft:yellow_terracotta":465,"iceandfire:silver_ore":25,"mcwfences:stone_grass_topped_wall":126,"minecraft:nether_bricks":227,"minecraft:jungle_planks":7,"mcwfences:blackstone_grass_topped_wall":16,"minecraft:red_sandstone":7,"domum_ornamentum:shingle_slab":2,"minecraft:snow":13,"minecraft:potatoes":376,"mcwbridges:blackstone_bridge_pier":76,"minecraft:bamboo":90,"regions_unexplored:windswept_grass":26,"minecraft:white_wool":12,"minecraft:cake":1,"travelersbackpack:spider":14,"minecraft:stone_brick_slab":147,"minecolonies:blockhutguardtower":1,"minecraft:white_carpet":8,"minecraft:birch_leaves":6,"minecraft:jungle_fence":2,"regions_unexplored:sandy_grass":3,"minecraft:zombie_head":25,"regions_unexplored:tassel":6,"minecraft:spruce_planks":5,"iceandfire:graveyard_soil":2,"minecraft:jungle_slab":1,"minecraft:cobblestone_stairs":92,"minecraft:cave_vines_plant":1,"travelersbackpack:iron_golem":5,"minecraft:grass_block":16480,"minecraft:soul_soil":115,"regions_unexplored:white_trillium":7,"regions_unexplored:blue_bioshroom_block":5,"minecraft:glowstone":118,"minecraft:iron_ore":133,"minecraft:potted_red_mushroom":1,"minecraft:azure_bluet":1,"minecraft:dark_oak_stairs":8,"mcwbridges:bridge_torch":2,"regions_unexplored:dorcel":1,"regions_unexplored:mauve_shrub":1,"mcwroofs:blackstone_upper_lower_roof":3,"domum_ornamentum:shingle_flat_lower":28,"minecraft:cyan_terracotta":1,"minecraft:blackstone":2406,"minecraft:soul_lantern":41,"minecraft:clay":692,"minecraft:calcite":6,"minecraft:poppy":29,"regions_unexplored:small_desert_shrub":4,"minecraft:chest":54,"minecraft:mushroom_stem":5,"mcwroofs:nether_bricks_top_roof":16,"minecraft:cobblestone":229,"minecraft:birch_wood":1,"minecraft:prismarine":3,"minecraft:seagrass":9,"minecraft:birch_log":160,"minecraft:orange_tulip":6,"minecraft:diorite_wall":7,"minecraft:sand":2218,"minecraft:potted_red_tulip":4,"minecraft:netherrack":660,"minecraft:oak_leaves":360,"minecraft:redstone_lamp":58,"iceandfire:lightning_lily":1,"minecraft:nether_gold_ore":16,"alexscaves:spelunkery_table":1,"minecraft:red_carpet":3,"minecraft:tuff":46,"minecraft:deepslate_diamond_ore":26,"minecraft:black_banner":2,"minecraft:sandstone":485,"regions_unexplored:brimwood_log_magma":23,"minecraft:spore_blossom":1,"minecraft:furnace":3,"minecraft:carrots":216,"mcwbridges:blackstone_bridge_stair":3,"regions_unexplored:medium_grass":45,"minecraft:stone":12801,"minecraft:white_tulip":10,"minecraft:redstone_wall_torch":3,"regions_unexplored:silver_birch_leaf_pile":30,"minecraft:crafting_table":11,"minecraft:oak_wood":10,"mcwfences:deepslate_grass_topped_wall":9,"minecraft:rose_bush":28,"minecraft:lapis_ore":30,"minecraft:spruce_stairs":4,"untamedwilds:block_burrow":6,"regions_unexplored:red_maple_leaf_pile":6,"minecraft:coal_ore":463,"minecraft:terracotta":1693},"minecraft:broken":{"minecraft:shears":1,"minecraft:iron_leggings":1,"minecraft:shield":3,"minecraft:iron_pickaxe":1,"minecraft:iron_shovel":17,"minecraft:stone_pickaxe":2,"minecraft:stone_axe":24,"minecraft:stone_shovel":5,"minecraft:iron_boots":2,"minecraft:chainmail_helmet":1,"minecraft:iron_helmet":2,"magistuarmory:rusted_bastardsword":1}},"DataVersion":3465}