{"stats":{"minecraft:crafted":{"minecraft:oak_planks":4,"immersive_armors:wooden_chestplate":1,"minecraft:glass":12,"minecraft:chest":16,"immersive_armors:wooden_helmet":1,"minecraft:jungle_stairs":4,"minecraft:crafting_table":3,"minecraft:jungle_boat":1,"travelersbackpack:standard":1,"immersive_armors:wooden_leggings":1,"minecraft:hay_block":12,"immersive_armors:wooden_boots":1,"naturescompass:naturescompass":1,"minecraft:stick":44,"minecraft:iron_ingot":16,"minecraft:iron_pickaxe":1,"mcwfurnitures:jungle_covered_desk":2,"regions_unexplored:blackwood_planks":8,"minecraft:wooden_sword":1,"minecraft:stone_shovel":15,"minecraft:furnace":1,"travelersbackpack:white_sleeping_bag":1,"minecraft:stone_pickaxe":4,"minecraft:wheat":576,"travelersbackpack:backpack_tank":2,"mcwbridges:bridge_torch":2,"minecraft:stone_axe":16,"minecraft:bread":193,"minecraft:air":0,"minecraft:jungle_planks":236,"minecraft:oak_boat":1,"minecraft:wooden_axe":29,"minecraft:torch":228},"minecraft:picked_up":{"minecraft:wheat":106,"minecraft:lead":4,"regions_unexplored:silt_dirt":35,"minecraft:enchanted_book":2,"untamedwilds:flora_hemlock":3,"regions_unexplored:palm_shrub":1,"minecraft:amethyst_block":2,"minecraft:string":2,"minecraft:shroomlight":4,"minecraft:red_sand":1,"untamedwilds:material_snake_skin":1,"minecraft:cobbled_deepslate":1,"minecraft:eye_armor_trim_smithing_template":1,"regions_unexplored:larch_log":26,"minecraft:calcite":2,"regions_unexplored:blackwood_log":439,"minecraft:stick":564,"minecraft:torch":41,"regions_unexplored:barrel_cactus":1,"minecraft:porkchop":9,"minecraft:diorite":1,"regions_unexplored:daisy":14,"regions_unexplored:socotra_log":57,"minecraft:yellow_banner":25,"minecraft:cactus":48,"minecraft:rotten_flesh":7,"regions_unexplored:green_bioshroom":9,"regions_unexplored:mauve_log":33,"minecraft:cobblestone":145,"minecraft:birch_log":10,"travelersbackpack:iron_golem":1,"minecraft:feather":3,"minecraft:jungle_log":1780,"minecraft:birch_slab":1,"minecraft:andesite":4,"minecraft:brown_wool":2,"minecraft:potato":23,"minecraft:map":4,"minecraft:lapis_lazuli":41,"minecraft:dirt":1820,"untamedwilds:flora_junegrass":3,"minecraft:leather_boots":1,"minecraft:bone":8,"minecraft:wheat_seeds":118,"regions_unexplored:pink_bioshroom":9,"minecraft:bamboo":30,"minecraft:oak_planks":20,"regions_unexplored:bamboo_log":18,"minecraft:sand":41,"minecraft:dead_bush":12,"minecraft:dark_oak_log":1335,"minecraft:dark_prismarine":1,"regions_unexplored:hyssop":35,"minecraft:diamond":1,"minecraft:crossbow":1,"minecraft:granite":11,"minecraft:bread":79,"minecraft:emerald":7,"regions_unexplored:dark_oak_shrub":1,"minecraft:oak_sapling":299,"minecraft:cocoa_beans":96,"minecraft:crafting_table":7,"minecolonies:scroll_buff":64,"minecraft:chicken":3,"regions_unexplored:silt_coarse_dirt":14,"minecraft:clay_ball":5,"minecraft:leather_leggings":1,"minecraft:brown_mushroom":1,"minecraft:wooden_pickaxe":1,"regions_unexplored:blue_bioshroom":34,"regions_unexplored:red_maple_leaf_pile":68,"minecraft:red_bed":25,"minecraft:moss_carpet":1,"minecraft:compass":2,"untamedwilds:flora_water_hyacinth_item":3,"minecraft:beef":37,"regions_unexplored:maple_leaf_pile":1,"minecraft:oak_boat":1,"minecraft:jungle_sapling":193,"minecraft:poppy":1,"minecraft:light_gray_wool":2,"minecraft:chest":29,"minecraft:sugar_cane":11,"minecraft:birch_sapling":5,"minecraft:egg":5,"minecraft:dark_oak_sapling":189,"minecraft:raw_iron":70,"minecraft:stripped_crimson_hyphae":1,"minecraft:sandstone":12,"minecraft:note_block":7,"structurize:sceptergold":1,"minecraft:carrot":20,"minecraft:redstone":49,"regions_unexplored:purple_coneflower":71,"minecraft:stone_shovel":1,"minecraft:arrow":5,"regions_unexplored:mauve_sapling":19,"regions_unexplored:maple_sapling":1,"minecraft:shears":1,"minecraft:hay_block":52,"minecraft:mutton":8,"minecraft:white_wool":31,"minecraft:jungle_boat":21,"minecraft:salmon":1,"minecraft:leather":24,"minecraft:filled_map":3,"minecraft:oak_log":377,"minecraft:gunpowder":10,"minecraft:paper":19,"minecraft:white_banner":1,"untamedwilds:spawn_tortoise":2,"minecraft:apple":67,"minecraft:kelp":3,"regions_unexplored:larch_sapling":10,"regions_unexplored:orange_maple_leaf_pile":66,"minecraft:green_dye":3,"minecraft:book":66,"minecraft:oak_slab":2,"minecraft:smooth_basalt":2,"minecraft:gravel":2,"minecraft:leather_helmet":1,"minecraft:stripped_jungle_log":5,"travelersbackpack:standard":2,"magistuarmory:rusted_bastardsword":2,"minecraft:slime_ball":1,"regions_unexplored:fireweed":12,"regions_unexplored:blackwood_sapling":120,"minecraft:stone_axe":2,"regions_unexplored:socotra_sapling":7,"regions_unexplored:maple_log":8,"minecraft:gray_wool":3,"minecraft:black_wool":4,"minecraft:coal":106},"minecraft:dropped":{"minecraft:jungle_planks":19,"regions_unexplored:red_maple_leaf_pile":4,"minecraft:dirt":343,"minecraft:red_bed":1,"magistuarmory:rusted_bastardsword":1,"regions_unexplored:purple_coneflower":7,"minecraft:bone":2,"minecraft:stone_axe":1,"travelersbackpack:iron_golem":1,"minecraft:jungle_log":26,"minecraft:egg":1,"minecraft:wheat_seeds":45,"minecraft:feather":2,"minecraft:cobblestone":21,"minecraft:coal":14,"minecraft:stick":9,"minecraft:torch":42,"minecraft:kelp":3,"minecraft:chicken":2,"minecraft:filled_map":2,"regions_unexplored:maple_leaf_pile":1,"regions_unexplored:orange_maple_leaf_pile":1,"untamedwilds:flora_hemlock":2},"minecraft:used":{"regions_unexplored:silt_dirt":30,"minecraft:chest":18,"untamedwilds:spawn_tortoise":1,"minecraft:iron_sword":19,"minecraft:rotten_flesh":1,"minecraft:iron_chestplate":1,"regions_unexplored:blue_bioshroom":1,"minecraft:furnace":1,"minecraft:dark_oak_sapling":129,"minecraft:stone_pickaxe":323,"minecraft:oak_planks":2,"minecraft:wooden_pickaxe":4,"minecraft:sandstone":12,"regions_unexplored:barrel_cactus":1,"minecraft:jungle_boat":22,"minecraft:white_wool":6,"minecraft:sand":4,"minecraft:bread":64,"minecraft:string":1,"minecraft:wooden_sword":48,"minecraft:oak_boat":1,"minecraft:stone_shovel":1890,"minecraft:cooked_chicken":16,"minecraft:torch":174,"minecraft:dirt":1115,"minecraft:shroomlight":4,"minecraft:wooden_axe":357,"minecraft:jungle_log":5,"minecraft:iron_boots":1,"minecraft:iron_leggings":3,"minecraft:yellow_banner":4,"minecraft:amethyst_block":2,"untamedwilds:flora_hemlock":1,"minecraft:crafting_table":10,"minecraft:red_bed":23,"regions_unexplored:orange_maple_leaf_pile":1,"minecraft:dark_prismarine":1,"minecraft:apple":8,"mcwbridges:bridge_torch":1,"minecraft:iron_pickaxe":44,"minecraft:jungle_stairs":2,"regions_unexplored:larch_log":1,"minecraft:stone_axe":332,"minecraft:cobblestone":16,"travelersbackpack:standard":13,"minecraft:white_banner":1,"minecraft:cooked_porkchop":5,"immersive_armors:wooden_leggings":2,"structurize:sceptergold":2},"minecraft:custom":{"minecraft:interact_with_crafting_table":47,"minecraft:open_barrel":23,"minecraft:leave_game":14,"minecraft:time_since_death":508492,"minecraft:sprint_one_cm":1015108,"minecraft:drop":92,"minecraft:play_noteblock":8,"minecraft:talked_to_villager":5,"minecraft:play_time":508492,"minecraft:jump":6593,"minecraft:walk_on_water_one_cm":54584,"minecraft:interact_with_furnace":17,"minecraft:sleep_in_bed":38,"minecraft:waystone_activated":2,"minecraft:damage_dealt":9696,"minecraft:crouch_one_cm":52247,"minecraft:mob_kills":67,"minecraft:climb_one_cm":24130,"minecraft:walk_one_cm":1511808,"minecraft:sneak_time":15271,"minecraft:walk_under_water_one_cm":35704,"minecraft:boat_one_cm":901165,"minecraft:total_world_time":508492,"minecraft:time_since_rest":79,"minecraft:damage_taken":2825,"minecraft:swim_one_cm":77795,"minecraft:fly_one_cm":1191677,"minecraft:open_chest":213,"minecraft:fall_one_cm":160112},"minecraft:mined":{"regions_unexplored:palm_shrub":1,"regions_unexplored:maple_log":12,"regions_unexplored:pink_bioshroom_block":9,"minecraft:jungle_leaves":5,"minecraft:granite":3,"minecraft:red_sand":1,"minecraft:stripped_crimson_hyphae":2,"minecraft:grass_block":1615,"minecraft:jungle_log":1897,"regions_unexplored:purple_coneflower":31,"regions_unexplored:blue_bioshroom":14,"regions_unexplored:blue_bioshroom_block":47,"minecraft:spawner":1,"minecolonies:blockconstructiontape":1,"minecraft:iron_ore":62,"minecraft:deepslate_lapis_ore":1,"regions_unexplored:maple_leaf_pile":1,"regions_unexplored:silt_grass_block":34,"minecraft:tripwire":1,"minecraft:deepslate_redstone_ore":3,"untamedwilds:flora_water_hyacinth":3,"minecraft:red_bed":24,"minecraft:note_block":7,"minecraft:calcite":2,"minecraft:poppy":2,"minecraft:melon":1,"minecraft:chest":30,"minecraft:dead_bush":1,"regions_unexplored:green_bioshroom_block":38,"minecraft:mushroom_stem":3,"minecraft:cobblestone":8,"minecraft:sugar_cane":3,"minecraft:oak_planks":18,"regions_unexplored:bamboo_log":18,"minecraft:wall_torch":1,"minecraft:amethyst_block":3,"regions_unexplored:socotra_log":57,"regions_unexplored:silt_coarse_dirt":14,"minecraft:birch_log":7,"minecraft:wheat":9,"minecraft:black_bed":1,"minecraft:stone_brick_stairs":1,"minecraft:grass":524,"minecraft:oak_log":368,"minecraft:dark_oak_sapling":1,"minecraft:sand":54,"minecraft:dirt":237,"minecraft:sandstone_wall":4,"minecraft:smooth_basalt":2,"minecraft:oak_leaves":296,"minecraft:deepslate":1,"minecraft:dark_prismarine":1,"regions_unexplored:green_bioshroom":1,"minecraft:yellow_wall_banner":25,"minecraft:deepslate_diamond_ore":1,"minecraft:dark_oak_log":1809,"travelersbackpack:white_sleeping_bag":3,"minecraft:birch_slab":1,"minecraft:sandstone":13,"minecraft:large_fern":1,"minecraft:hay_block":53,"minecraft:redstone_ore":8,"minecraft:carrots":6,"minecraft:suspicious_sand":1,"minecraft:andesite":4,"minecraft:bookshelf":20,"minecraft:potatoes":6,"minecraft:deepslate_iron_ore":8,"minecraft:shroomlight":1,"minecraft:vine":146,"regions_unexplored:red_maple_leaves":3,"minecraft:stripped_jungle_log":5,"regions_unexplored:medium_grass":13,"minecraft:bamboo":22,"regions_unexplored:orange_maple_leaf_pile":24,"minecraft:stone":117,"regions_unexplored:flowering_shrub":1,"regions_unexplored:barrel_cactus":1,"minecraft:oak_slab":1,"regions_unexplored:glowing_green_bioshroom_block":4,"regions_unexplored:pink_bioshroom":6,"travelersbackpack:standard":2,"minecraft:crafting_table":9,"regions_unexplored:silt_dirt":2,"regions_unexplored:blackwood_log":159,"minecraft:tall_grass":5,"regions_unexplored:mauve_log":33,"minecraft:lapis_ore":4,"minecraft:diorite":3,"untamedwilds:block_burrow":7,"minecraft:cactus":1,"regions_unexplored:red_maple_leaf_pile":28,"regions_unexplored:sandy_grass":1,"minecraft:coal_ore":105,"regions_unexplored:dark_oak_shrub":1,"minecraft:gravel":1,"regions_unexplored:green_bioshroom_stem":2,"minecraft:fern":144},"minecraft:broken":{"minecraft:stone_pickaxe":1,"minecraft:stone_axe":15,"minecraft:wooden_axe":29,"minecraft:stone_shovel":15},"minecraft:killed":{"minecraft:spider":1,"minecraft:skeleton":3,"minecraft:chicken":1,"minecraft:parrot":1,"minecraft:pig":5,"minecraft:creeper":3,"minecraft:sheep":6,"minecraft:trader_llama":4,"minecraft:pillager":7,"minecraft:zombie":2,"enemyexpansion:botfly":2,"minecraft:cow":17,"enemyexpansion:wasp":3,"minecraft:slime":1,"enemyexpansion:direwolf":1,"minecraft:horse":2,"untamedwilds:terror_bird":1,"untamedwilds:newt":1,"minecraft:wandering_trader":2,"enemyexpansion:huntsman":1}},"DataVersion":3465}