{"stats":{"minecraft:broken":{"minecraft:shears":1,"minecraft:iron_leggings":1,"minecraft:chainmail_leggings":1,"minecraft:stone_hoe":3,"minecraft:shield":2,"minecraft:iron_pickaxe":3,"minecraft:iron_shovel":6,"minecraft:stone_pickaxe":4,"minecraft:stone_axe":17,"minecraft:stone_shovel":17,"minecraft:iron_boots":1,"minecraft:iron_sword":1,"minecraft:iron_axe":6,"minecraft:chainmail_chestplate":2,"minecraft:wooden_axe":29},"minecraft:killed":{"minecraft:cod":1,"minecraft:tropical_fish":6,"minecraft:skeleton_horse":1,"minecolonies:archerbarbarian":3,"minecraft:parrot":3,"minecraft:salmon":10,"untamedwilds:giant_clam":1,"minecraft:pillager":23,"minecraft:zombie":1141,"untamedwilds:bison":20,"untamedwilds:snake":1,"untamedwilds:triggerfish":1,"iceandfire:sea_serpent":2,"minecraft:evoker":1,"enemyexpansion:goblin_fear":1,"minecolonies:amazonspearman":10,"enemyexpansion:faller":4,"iceandfire:siren":3,"iceandfire:hippocampus":1,"minecraft:husk":1,"minecolonies:visitor":10,"iceandfire:ghost":9,"minecraft:zombified_piglin":19,"minecraft:witch":1,"minecraft:spider":56,"minecraft:bee":2,"minecolonies:amazonchief":4,"minecraft:silverfish":3,"minecraft:zombie_villager":3,"untamedwilds:tarantula":1,"untamedwilds:boar":1,"minecraft:sheep":9,"minecraft:trader_llama":14,"minecraft:vex":30,"enemyexpansion:intruder":1,"minecraft:slime":1,"enemyexpansion:direwolf":14,"minecraft:drowned":5,"minecolonies:drownedchiefpirate":1,"minecraft:squid":1,"minecraft:wither_skeleton":3362,"minecraft:cave_spider":41,"untamedwilds:wildebeest":9,"enemyexpansion:equestrian":1,"minecraft:skeleton":104,"minecraft:chicken":4,"untamedwilds:giant_salamander":1,"enemyexpansion:vampflyer":2,"minecraft:magma_cube":7,"iceandfire:cockatrice":1,"enemyexpansion:botfly":396,"minecraft:cow":43,"minecolonies:chiefbarbarian":4,"minecraft:horse":2,"untamedwilds:catfish":6,"minecraft:ocelot":6,"untamedwilds:terror_bird":1,"untamedwilds:newt":1,"minecraft:wandering_trader":6,"minecolonies:drownedarcherpirate":7,"untamedwilds:spadefish":9,"minecraft:enderman":1,"minecolonies:amazon":3,"minecraft:illusioner":1,"minecraft:pig":5,"minecraft:creeper":50,"minecraft:stray":4,"minecraft:blaze":26,"enemyexpansion:wasp":8,"minecolonies:drownedpirate":1,"minecraft:bat":1,"minecolonies:barbarian":4,"enemyexpansion:crawler":1,"enemyexpansion:huntsman":4},"minecraft:dropped":{"naturescompass:naturescompass":2,"minecraft:iron_sword":10,"minecraft:lapis_lazuli":34,"mmorpg:skill_gems/support/str":5,"mmorpg:stone/0":49,"minecraft:glass_bottle":1,"minecraft:diamond":10,"mmorpg:runes/fey":1,"minecraft:crafting_table":1,"minecraft:cooked_porkchop":3,"minecraft:black_bed":1,"travelersbackpack:iron_tier_upgrade":2,"minecraft:cracked_stone_bricks":1,"minecraft:red_mushroom":1,"minecraft:gold_block":1,"minecraft:red_bed":1,"regions_unexplored:elephant_ear":1,"minecraft:dark_oak_fence":14,"minecolonies:spear":1,"minecraft:dark_oak_trapdoor":26,"minecraft:writable_book":5,"minecraft:gold_nugget":25,"minecraft:sand":1166,"minecraft:dark_oak_planks":6,"minecraft:fishing_rod":7,"mmorpg:harvest/blue_gem":4,"regions_unexplored:mauve_sapling":19,"regions_unexplored:eucalyptus_shrub":1,"magistuarmory:barding":2,"minecraft:stone_axe":6,"corail_recycler:recycling_book":1,"minecraft:iron_nugget":16,"minecraft:cobbled_deepslate":1124,"alexscaves:cave_tablet":8,"minecraft:netherite_sword":2,"minecraft:wheat":152,"minecraft:rotten_flesh":169,"minecraft:glowstone_dust":10,"mmorpg:runes/cen":1,"mmorpg:material/farming/0":4,"minecraft:nether_brick_fence":1,"minecraft:coal_ore":16,"minecraft:jungle_log":3124,"minecraft:leather_boots":1,"minecraft:acacia_sapling":2,"minecraft:leather_leggings":2,"regions_unexplored:eucalyptus_sapling":20,"minecolonies:blockhutuniversity":1,"minecraft:beef":2,"minecraft:glass":51,"minecraft:podzol":4,"minecraft:stone_brick_stairs":93,"domum_ornamentum:plain":164,"minecraft:golden_boots":1,"mmorpg:rare_mats/fishing/greater":41,"minecraft:wheat_seeds":2616,"minecraft:deepslate_redstone_ore":96,"mmorpg:offhand/dodge/iron":1,"minecraft:book":19,"mmorpg:skill_gems/aura/dex":6,"minecraft:red_stained_glass":7,"mmorpg:skill_gems/support/int":10,"minecraft:coal_block":7,"minecraft:cobweb":11,"magistuarmory:rustedcrusader_boots":1,"minecraft:lava_bucket":1,"minecraft:diamond_horse_armor":1,"minecraft:dark_oak_leaves":3,"minecraft:ink_sac":4,"regions_unexplored:barley":2,"travelersbackpack:blank_upgrade":4,"minecraft:potion":3,"minecraft:white_banner":5,"mmorpg:rare_mats/husbandry/greater":1,"minecraft:chipped_anvil":1,"minecraft:chainmail_leggings":3,"minecraft:stone_brick_slab":252,"minecraft:player_head":11,"minecolonies:compost":6,"minecraft:cocoa_beans":64,"minecraft:experience_bottle":58,"regions_unexplored:clover":4,"minecraft:iron_boots":3,"minecraft:name_tag":1,"minecraft:white_terracotta":233,"minecraft:deepslate_lapis_ore":21,"minecraft:shears":4,"minecraft:diamond_sword":11,"mmorpg:seafood/lesser_exp":2,"minecraft:flower_pot":1,"minecraft:spruce_trapdoor":3,"minecraft:diamond_pickaxe":16,"minecraft:barrel":11,"minecraft:redstone_torch":5,"mmorpg:rare_mats/fishing/lesser":34,"minecraft:stone_pressure_plate":1,"minecraft:stone_bricks":102,"minecraft:bamboo":155,"minecraft:sandstone":189,"minecraft:bow":8,"minecraft:red_sand":250,"regions_unexplored:orange_maple_leaf_pile":1,"magistuarmory:maximilian_helmet":2,"iceandfire:dragon_skull_lightning":4,"minecraft:terracotta":2858,"minecraft:soul_sand":256,"regions_unexplored:green_bioshroom":9,"minecolonies:scroll_buff":144,"minecraft:oak_log":192,"minecraft:dark_oak_sapling":201,"minecraft:leather":17,"minecraft:chest_minecart":1,"minecraft:jungle_planks":82,"minecraft:iron_horse_armor":5,"minecraft:mangrove_planks":2,"travelersbackpack:standard":11,"untamedwilds:hide_beige":2,"minecraft:birch_slab":1,"minecraft:cod":1,"minecraft:music_disc_13":3,"minecraft:cobblestone_stairs":5,"minecraft:dark_oak_log":2433,"minecraft:mutton":3,"minecraft:snowball":1,"mcwfences:modern_blackstone_wall":2,"minecraft:gold_ingot":38,"minecraft:music_disc_otherside":1,"mmorpg:gems/sapphire/0":1,"minecraft:andesite_slab":12,"minecraft:soul_lantern":4,"regions_unexplored:maple_sapling":1,"minecraft:yellow_stained_glass":7,"travelersbackpack:bat":5,"travelersbackpack:gold_tier_upgrade":3,"magistuarmory:demon_horns_decoration":3,"minecraft:leather_chestplate":8,"travelersbackpack:iron_golem":1,"mmorpg:gems/garnet/0":1,"minecraft:iron_ore":1,"magistuarmory:rustedchainmail_boots":1,"structurize:sceptergold":9,"minecraft:polished_granite":1,"minecraft:splash_potion":3,"minecraft:bread":14,"minecraft:golden_helmet":1,"magistuarmory:rustedkettlehat":2,"minecolonies:questlog":1,"mmorpg:skill_gems/support/dex":1,"domum_ornamentum:one_crossed_rl":1,"mmorpg:chest/uncommon_gear":3,"mmorpg:jewel/int":1,"minecraft:tropical_fish":4,"mmorpg:weapon/staff/wood":6,"mmorpg:jewelry/necklace/gold":2,"minecraft:mossy_cobblestone_slab":1,"minecraft:milk_bucket":1,"minecraft:melon_slice":31,"minecraft:jungle_door":4,"minecraft:zombie_head":25,"minecraft:fire_charge":13,"regions_unexplored:dead_steppe_shrub":3,"minecraft:stonecutter":1,"minecolonies:clipboard":2,"regions_unexplored:dark_oak_shrub":1,"minecraft:tripwire_hook":23,"iceandfire:dragonbone":16,"magistuarmory:maximilian_chestplate":1,"minecraft:kelp":15,"mmorpg:rare_mats/mining/lesser":1,"mmorpg:runes/nos":1,"travelersbackpack:diamond_tier_upgrade":2,"mmorpg:jewelry/necklace/iron":3,"minecraft:flint_and_steel":4,"minecraft:copper_ore":32,"minecolonies:blockhuttownhall":2,"mmorpg:gems/ruby/0":2,"regions_unexplored:maple_leaf_pile":2,"mmorpg:offhand/tome/iron":1,"minecraft:andesite":103,"travelersbackpack:crafting_upgrade":2,"minecraft:oak_sapling":930,"travelersbackpack:hose_nozzle":1,"minecraft:wooden_pickaxe":1,"minecraft:magma_cream":74,"untamedwilds:flora_hemlock":2,"magistuarmory:steel_flamebladedsword":1,"mmorpg:skill_gems/aura/str":2,"minecraft:piston":16,"minecraft:crossbow":2,"untamedwilds:anemone_rose_bulb":1,"minecraft:saddle":15,"minecraft:leather_helmet":6,"minecraft:rail":34,"minecraft:red_carpet":6,"minecraft:item_frame":29,"minecraft:dirt":5111,"regions_unexplored:purple_coneflower":7,"magistuarmory:rusted_bastardsword":1,"minecraft:chain":1,"minecraft:jungle_sapling":315,"minecraft:wooden_sword":1,"minecraft:bone_meal":9,"minecraft:iron_pickaxe":1,"minecraft:gray_dye":1,"minecraft:cyan_carpet":1,"minecraft:bone":61,"minecraft:music_disc_chirp":1,"minecraft:golden_chestplate":6,"mmorpg:tp_back":4,"minecraft:birch_sapling":73,"minecraft:blaze_powder":1,"mmorpg:harvest/green_gem":13,"minecraft:salmon":3,"minecraft:eye_armor_trim_smithing_template":1,"minecolonies:resourcescroll":9,"mmorpg:weapon/staff/iron":1,"mcwbridges:bridge_torch":3,"minecraft:jungle_stairs":3,"minecraft:hopper":1,"minecraft:yellow_banner":16,"minecraft:campfire":2,"minecraft:crying_obsidian":3,"minecraft:egg":19,"mmorpg:material/farming/1":8,"minecraft:enchanted_book":45,"minecraft:iron_ingot":666,"mmorpg:stat_soul":2,"travelersbackpack:cow":1,"minecraft:chiseled_nether_bricks":1,"mmorpg:jewel/dex":1,"minecraft:tnt":23,"minecraft:golden_horse_armor":6,"minecraft:deepslate_diamond_ore":13,"minecraft:netherite_helmet":1,"minecraft:yellow_terracotta":743,"minecraft:iron_helmet":5,"minecraft:feather":6,"minecraft:cobblestone":1125,"mmorpg:runes/eno":1,"minecraft:apple":73,"minecraft:granite":106,"minecolonies:scepterguard":1,"minecolonies:blockhutcitizen":1,"minecraft:chainmail_helmet":2,"minecraft:coal":89,"minecraft:polished_andesite":1,"minecraft:pufferfish":18,"minecraft:golden_carrot":6,"regions_unexplored:eucalyptus_log":1,"regions_unexplored:socotra_sapling":7,"minecraft:brown_terracotta":475,"minecraft:heart_of_the_sea":1,"minecraft:paper":50,"minecraft:string":45,"minecraft:spruce_sapling":68,"regions_unexplored:bamboo_log":18,"minecraft:stone_sword":4,"minecraft:smooth_stone_slab":6,"minecraft:deepslate":989,"mmorpg:material/fishing/1":115,"minecraft:chicken":2,"iceandfire:dragon_bone_wall":1,"regions_unexplored:hyssop":19,"minecraft:nether_bricks":11,"minecraft:lightning_rod":1,"minecraft:potato":439,"minecraft:cobblestone_slab":25,"torchmaster:megatorch":2,"minecraft:stone":2870,"minecraft:spider_eye":4,"waystones:waystone":1,"domum_ornamentum:shingle_slab":56,"mmorpg:currency/map_rarity_upgrade":1,"minecraft:dark_oak_stairs":15,"minecraft:diamond_axe":5,"minecraft:baked_potato":117,"minecolonies:supplycampdeployer":1,"regions_unexplored:blue_bioshroom":33,"minecraft:flint":2,"regions_unexplored:red_maple_leaf_pile":4,"minecraft:deepslate_gold_ore":15,"minecraft:cornflower":1,"minecraft:cut_sandstone":45,"minecraft:birch_log":76,"minecraft:gravel":38,"mmorpg:rare_mats/farming/lesser":2,"regions_unexplored:pink_bioshroom":9,"minecraft:black_terracotta":2,"minecraft:diamond_shovel":9,"travelersbackpack:cactus":1,"minecraft:honey_bottle":4,"minecraft:carrot":287,"minecraft:chainmail_chestplate":2,"minecraft:chiseled_stone_bricks":1,"minecraft:poppy":1,"iceandfire:chain":1,"minecraft:gunpowder":3,"domum_ornamentum:shingle":36,"minecraft:skeleton_skull":18,"minecraft:glowstone":47,"minecraft:bee_nest":1,"minecraft:chest":4,"minecraft:chainmail_boots":2,"corail_recycler:diamond_shard":4,"minecraft:arrow":4,"minecraft:powered_rail":3,"mmorpg:rare_mats/farming/medium":1,"minecraft:quartz":23,"minecraft:oak_leaves":2,"minecraft:netherrack":59,"minecraft:spawner":39,"minecraft:water_bucket":3,"iceandfire:chain_sticky":1,"minecraft:deepslate_iron_ore":2,"minecraft:mossy_cobblestone":27,"mmorpg:currency/jewel_corrupt":2,"mmorpg:harvest/purple_gem":7,"minecraft:bookshelf":66,"minecraft:diamond_leggings":4,"minecraft:poisonous_potato":4,"minecraft:lead":4,"minecraft:copper_ingot":2,"minecolonies:blockhutguardtower":2,"minecraft:grass_block":53,"minecraft:stick":283,"mmorpg:map":4,"minecraft:diorite":160,"minecraft:torch":146,"minecraft:brown_wool":2,"minecraft:map":6,"minecraft:iron_leggings":5,"mmorpg:keys/1":1,"mmorpg:gems/azurite/0":1,"minecraft:flowering_azalea":1,"minecraft:iron_axe":3,"minecraft:bucket":9,"minecraft:music_disc_cat":2,"minecraft:smooth_basalt":14,"minecraft:redstone":278,"mmorpg:gems/opal/0":2,"minecraft:nether_brick_slab":8,"minecraft:brown_dye":2,"minecraft:coarse_dirt":9,"minecraft:nether_wart":49,"minecraft:blaze_rod":12,"minecraft:raw_copper":4,"minecraft:jukebox":4,"minecraft:tuff":45,"mmorpg:material/fishing/0":64,"minecraft:wither_skeleton_skull":14,"minecraft:light_gray_wool":1,"iceandfire:silver_ore":1,"regions_unexplored:pink_lupine":1,"minecraft:glass_pane":17,"minecraft:red_terracotta":508,"minecraft:filled_map":9,"minecraft:shield":4,"mmorpg:material/mining/1":8,"iceandfire:rotten_egg":1,"minecraft:diamond_chestplate":2,"minecraft:orange_terracotta":2802,"minecraft:iron_chestplate":8,"regions_unexplored:blackwood_sapling":119,"minecraft:golden_sword":3,"minecraft:diamond_boots":1,"minecraft:slime_ball":12,"mmorpg:jewelry/ring/iron":5,"minecraft:stone_pickaxe":1,"minecraft:raw_gold":2,"minecraft:calcite":33},"minecraft:killed_by":{"minecolonies:drownedchiefpirate":1,"minecolonies:drownedarcherpirate":1},"minecraft:picked_up":{"minecraft:smithing_table":1,"minecraft:lead":34,"minecraft:stone_slab":5,"regions_unexplored:silt_dirt":35,"minecraft:enchanted_book":85,"mmorpg:gems/sapphire/1":1,"magistuarmory:steel_lucernhammer":30,"minecraft:music_disc_cat":9,"minecraft:string":513,"minecraft:pufferfish":44,"minecraft:shroomlight":4,"mmorpg:jewel/dex":15,"minecraft:diamond_leggings":20,"mmorpg:map":201,"mcwbridges:stone_brick_bridge_stair":7,"regions_unexplored:larch_log":26,"mcwbridges:bridge_torch":16,"mmorpg:material/fishing/0":157,"mmorpg:currency/socket_adder":29,"mmorpg:gems/emerald/0":19,"minecraft:jukebox":4,"minecraft:acacia_log":8,"iceandfire:silver_ore":1,"minecraft:lightning_rod":1,"mmorpg:jewelry/necklace/iron":35,"mmorpg:gems/opal/1":1,"magistuarmory:rustedcrusader_chestplate":1,"minecraft:golden_chestplate":15,"regions_unexplored:socotra_log":114,"minecraft:yellow_banner":73,"iceandfire:lightning_lily":5,"minecraft:stone_sword":10,"minecraft:honey_bottle":8,"regions_unexplored:green_bioshroom":37,"minecraft:red_tulip":78,"minecraft:carved_pumpkin":10,"minecolonies:pirate_legs":1,"minecraft:glowstone":189,"minecraft:bookshelf":188,"minecraft:white_terracotta":640,"minecraft:blaze_rod":31,"mmorpg:rare_mats/farming/greater":22,"mmorpg:runes/eno":4,"minecraft:iron_bars":2,"minecraft:snowball":1,"minecraft:sponge":3,"travelersbackpack:iron_golem":1,"minecraft:feather":30,"minecraft:cooked_beef":11,"minecraft:water_bucket":3,"minecraft:brown_wool":84,"mmorpg:chest/common_gear":15,"minecraft:flint":97,"travelersbackpack:gold_tier_upgrade":9,"minecraft:magenta_terracotta":7,"mmorpg:seafood/lesser_exp":2,"untamedwilds:flora_junegrass":3,"mmorpg:tp_back":2,"mmorpg:gems/garnet/1":3,"mcwroofs:stone_bricks_roof":25,"mcwfences:blackstone_grass_topped_wall":1,"minecraft:stonecutter":13,"sophisticatedstorage:chest":4,"minecraft:dark_oak_sign":5,"minecraft:diamond_helmet":6,"minecraft:honeycomb":9,"regions_unexplored:bamboo_log":72,"iceandfire:dragon_skull_fire":2,"mmorpg:rare_mats/mining/medium":11,"mmorpg:runes/har":4,"domum_ornamentum:shingle_slab":16,"regions_unexplored:pink_lupine":1,"minecraft:polished_andesite":2,"minecraft:deepslate":2128,"iceandfire:lectern":1,"mmorpg:gems/ruby/0":20,"minecraft:lever":1,"regions_unexplored:clover":16,"minecraft:granite":659,"minecraft:golden_horse_armor":21,"mmorpg:skill_gems/aura/int":104,"minecraft:diamond_pickaxe":28,"iceandfire:dragon_skull_lightning":5,"minecraft:bee_nest":7,"mmorpg:gems/topaz/1":4,"mmorpg:stone/3":1,"minecolonies:blockhuttownhall":4,"minecraft:clay_ball":9,"minecraft:leather_leggings":9,"minecraft:redstone_lamp":88,"mmorpg:skill_gems/aura/str":65,"untamedwilds:flora_canola":24,"regions_unexplored:blue_bioshroom":134,"minecraft:cornflower":28,"minecolonies:pirate_cap":1,"minecraft:flint_and_steel":16,"minecraft:white_carpet":13,"minecraft:iron_shovel":1,"minecraft:glass_pane":31,"travelersbackpack:redstone":7,"minecraft:netherite_sword":3,"minecraft:poppy":207,"minecraft:jungle_sapling":1046,"mmorpg:salvaging_station":4,"minecraft:spruce_slab":3,"untamedwilds:material_pearl":1,"minecraft:birch_sapling":169,"minecraft:piston":32,"minecraft:diamond_hoe":1,"minecraft:copper_ore":233,"mmorpg:skill_gems/support/dex":64,"mmorpg:material/mining/0":2,"minecraft:stone":10165,"minecraft:raw_gold_block":1,"minecraft:fire_charge":27,"minecraft:white_dye":5,"minecraft:jungle_fence_gate":21,"minecraft:jungle_sign":19,"regions_unexplored:purple_coneflower":71,"domum_ornamentum:vanilla_trapdoors_compat":8,"untamedwilds:egg_snake":6,"minecraft:stone_shovel":2,"minecraft:diamond_chestplate":8,"regions_unexplored:mauve_sapling":76,"minecraft:hay_block":215,"minecraft:yellow_terracotta":1970,"minecraft:mutton":40,"minecraft:rail":69,"minecraft:bone_block":1178,"minecraft:oxeye_daisy":17,"mmorpg:rare_mats/husbandry/lesser":2,"iceandfire:sea_serpent_fang":19,"minecraft:tripwire_hook":40,"minecraft:jungle_fence":136,"minecraft:lily_pad":2,"magistuarmory:chainmail_horse_armor":11,"minecraft:paper":53,"minecraft:spawner":106,"untamedwilds:spawn_tortoise":6,"domum_ornamentum:double_crossed":26,"regions_unexplored:aster":5,"minecraft:light_blue_banner":1,"minecraft:apple":424,"minecraft:yellow_stained_glass":7,"minecraft:spore_blossom":1,"minecraft:stone_pickaxe":2,"minecraft:iron_ore":108,"regions_unexplored:larch_sapling":10,"minecraft:gray_bed":1,"travelersbackpack:blank_upgrade":4,"minecraft:dark_oak_stairs":106,"minecraft:polished_andesite_stairs":8,"minecraft:smooth_basalt":24,"minecraft:milk_bucket":1,"minecraft:red_wool":59,"minecraft:cracked_nether_bricks":6,"mmorpg:stat_soul":67,"minecraft:crying_obsidian":20,"mmorpg:weapon/staff/iron":9,"minecraft:leather_helmet":8,"travelersbackpack:standard":84,"minecraft:oak_wood":2,"minecraft:diamond_shovel":15,"minecraft:coal_ore":389,"mmorpg:gems/tourmaline/1":4,"minecraft:slime_ball":3,"regions_unexplored:fireweed":198,"minecraft:rib_armor_trim_smithing_template":1,"regions_unexplored:tall_green_bioshroom":1,"mmorpg:jewelry/necklace/gold":8,"minecraft:deepslate_redstone_ore":323,"mmorpg:stone/1":39,"minecraft:baked_potato":355,"minecraft:hopper":84,"minecolonies:spear":1,"minecraft:black_carpet":1,"mmorpg:material/farming/0":74,"mmorpg:material/farming/1":57,"travelersbackpack:bat":3,"minecraft:nether_brick_fence":2,"minecraft:yellow_wool":49,"enemyexpansion:wasp_thorax":4,"untamedwilds:flora_hemlock":3,"minecraft:stone_brick_stairs":195,"travelersbackpack:spider":2,"mmorpg:skill_gems/aura/dex":73,"domum_ornamentum:shingle":88,"minecraft:deepslate_lapis_ore":45,"minecraft:experience_bottle":114,"iceandfire:sea_serpent_scales_bronze":12,"travelersbackpack:blaze":12,"minecraft:red_sand":1052,"minecraft:smooth_stone":11,"minecraft:bucket":14,"minecraft:eye_armor_trim_smithing_template":4,"minecraft:red_dye":2,"minecraft:white_tulip":60,"minecraft:rose_bush":32,"minecraft:cobblestone_slab":38,"minecraft:iron_pickaxe":3,"domum_ornamentum:plain":94,"minecraft:smooth_quartz":40,"regions_unexplored:blackwood_log":725,"minecraft:deepslate_iron_ore":115,"minecraft:blue_wool":39,"minecraft:tipped_arrow":2,"minecolonies:supplychestdeployer":1,"iceandfire:ghost_chest":3,"minecraft:spruce_stairs":17,"travelersbackpack:diamond_tier_upgrade":2,"iceandfire:rotten_egg":2,"minecraft:diorite":731,"minecraft:vine":78,"regions_unexplored:daisy":134,"iceandfire:dragon_bone_wall":1,"minecolonies:blockhutcitizen":2,"minecraft:rotten_flesh":3013,"regions_unexplored:tsubaki":10,"regions_unexplored:mauve_log":66,"minecraft:deepslate_copper_ore":6,"minecraft:obsidian":110,"minecraft:blaze_powder":2,"minecraft:cobblestone":11918,"minecraft:enchanting_table":3,"minecraft:leather_chestplate":11,"minecraft:lilac":14,"mmorpg:rare_mats/fishing/medium":62,"minecraft:repeater":36,"minecraft:andesite":1186,"minecraft:black_bed":3,"minecraft:golden_leggings":2,"mmorpg:gems/azurite/0":13,"minecraft:potato":1265,"minecraft:dirt":24221,"minecraft:name_tag":17,"travelersbackpack:hose_nozzle":1,"minecraft:glass":95,"minecraft:bone":5556,"mmorpg:harvest/green_gem":39,"minecraft:bow":103,"minecraft:wheat_seeds":3811,"minecraft:orange_tulip":106,"minecraft:birch_wood":2,"minecraft:grindstone":3,"minecraft:bamboo":296,"minecraft:melon":16,"minecraft:nether_brick_stairs":4,"minecraft:jungle_slab":20,"minecraft:grass_block":887,"minecraft:diamond_block":2,"mmorpg:jewelry/ring/gold":2,"minecraft:spectral_arrow":1,"mcwfences:deepslate_brick_grass_topped_wall":250,"minecraft:mossy_cobblestone":83,"minecraft:light_gray_terracotta":405,"minecraft:netherite_helmet":3,"minecraft:soul_lantern":12,"waystones:waystone":14,"minecraft:crossbow":34,"minecraft:bone_meal":303,"minecraft:grass":55,"minecraft:golden_apple":64,"minecraft:emerald":77,"regions_unexplored:dark_oak_shrub":4,"minecraft:netherrack":202,"mmorpg:chest/uncommon_gear":14,"untamedwilds:flora_titan_arum_corm":3,"minecraft:oak_leaves":4,"corail_recycler:recycler":5,"mmorpg:stone/2":6,"minecraft:azure_bluet":5,"minecraft:ladder":33,"minecraft:pink_wool":7,"minecraft:brown_mushroom":7,"minecraft:packed_ice":719,"mmorpg:jewelry/ring/iron":43,"iceandfire:chain":2,"minecraft:stone_brick_wall":2,"minecraft:chain":1,"minecraft:shield":57,"minecraft:moss_carpet":1,"minecraft:magenta_wool":7,"minecraft:blue_orchid":2,"domum_ornamentum:one_crossed_rl":2,"sophisticatedstorage:iron_chest":8,"mcwfences:modern_stone_brick_wall":30,"minecraft:lime_wool":35,"mmorpg:material/mining/1":28,"minecraft:note_block":23,"magistuarmory:rustedkettlehat":5,"minecraft:brown_dye":2,"minecraft:stone_pressure_plate":1,"travelersbackpack:sponge":8,"mmorpg:runes/cen":20,"minecraft:nether_bricks":172,"minecraft:pink_tulip":2,"minecraft:black_banner":1,"mmorpg:alchemy_station":3,"minecraft:skeleton_skull":20,"minecraft:jungle_boat":31,"minecraft:golden_carrot":27,"minecraft:leather":231,"minecraft:chainmail_chestplate":5,"mmorpg:currency/map_rarity_upgrade":47,"minecraft:gunpowder":297,"minecraft:orange_terracotta":6420,"minecraft:cooked_mutton":22,"minecraft:red_carpet":9,"mcwbridges:stone_brick_bridge":4,"minecraft:spruce_wood":10,"minecraft:iron_ingot":2228,"minecraft:cooked_chicken":8,"regions_unexplored:orange_maple_leaf_pile":144,"minecraft:nether_quartz_ore":19,"minecraft:stone_brick_slab":716,"minecraft:quartz":106,"minecraft:dandelion":239,"minecraft:lava_bucket":5,"sophisticatedstorage:stack_upgrade_tier_1":1,"minecraft:amethyst_shard":378,"minecraft:red_banner":1,"travelersbackpack:wither":3,"minecraft:nether_brick_slab":23,"mmorpg:harvest/blue_gem":12,"minecolonies:clipboard":1,"mmorpg:rare_mats/husbandry/medium":2,"minecraft:pumpkin_seeds":56,"regions_unexplored:socotra_sapling":28,"magistuarmory:rusted_bastardsword":7,"regions_unexplored:blackwood_sapling":425,"minecraft:chainmail_leggings":4,"magistuarmory:rustedcrusader_boots":2,"minecraft:terracotta":6405,"minecraft:damaged_anvil":1,"minecraft:dark_oak_wood":108,"mmorpg:offhand/dodge/iron":38,"minecraft:sunflower":3,"minecolonies:supplycampdeployer":2,"regions_unexplored:hibiscus":3,"minecraft:seagrass":7,"minecraft:iron_chestplate":109,"mmorpg:cooking_station":2,"minecraft:chainmail_boots":8,"mmorpg:gems/sapphire/0":17,"minecraft:flower_pot":5,"minecraft:anvil":2,"minecraft:prismarine_shard":4,"regions_unexplored:magnolia_log":13,"minecraft:diamond_sword":329,"mcwfences:stone_grass_topped_wall":37,"minecraft:wither_rose":14,"magistuarmory:barding":9,"regions_unexplored:palm_shrub":1,"minecraft:brewing_stand":3,"minecraft:golden_sword":10,"minecraft:amethyst_block":161,"minecraft:dark_oak_trapdoor":26,"minecraft:soul_soil":69,"minecraft:red_nether_bricks":13,"minecraft:beetroot":4,"minecraft:gold_nugget":72,"minecraft:cobbled_deepslate":2769,"mmorpg:gems/tourmaline/0":12,"minecraft:spruce_planks":47,"minecolonies:scepterguard":3,"mmorpg:gems/amethyst/2":2,"minecraft:enchanted_golden_apple":5,"mmorpg:gems/emerald/1":1,"minecraft:melon_slice":75,"minecraft:coal_block":216,"mmorpg:gems/amethyst/0":8,"mmorpg:runes/dos":13,"minecraft:golden_helmet":4,"mmorpg:gems/opal/0":22,"regions_unexplored:barrel_cactus":1,"sophisticatedstorage:controller":3,"minecraft:chiseled_nether_bricks":3,"minecraft:light_blue_wool":8,"minecraft:tropical_fish":16,"minecraft:iron_block":87,"minecraft:cyan_terracotta":3,"minecraft:netherite_chestplate":1,"minecraft:birch_log":377,"minecraft:magma_block":2,"minecraft:mossy_cobblestone_slab":2,"magistuarmory:rustedchainmail_boots":3,"minecraft:iron_door":2,"minecraft:birch_slab":2,"minecraft:jungle_log":10338,"minecraft:smoker":1,"regions_unexplored:dead_steppe_shrub":3,"regions_unexplored:viridescent_nylium":64,"minecraft:map":20,"mmorpg:currency/jewel_corrupt":24,"regions_unexplored:mallow":1,"minecraft:chipped_anvil":1,"mmorpg:material/meat/0":3,"minecraft:gray_terracotta":8,"mmorpg:gems/ruby/1":3,"regions_unexplored:pink_bioshroom":37,"minecraft:glowstone_dust":23,"mmorpg:skill_gems/support/str":49,"mmorpg:material/fishing/1":282,"sophisticatedstorage:storage_link":11,"mmorpg:harvest/purple_gem":21,"iceandfire:shiny_scales":3,"minecraft:ink_sac":18,"minecolonies:chiefsword":2,"minecraft:trapped_chest":1,"minecraft:dark_oak_log":8686,"minecraft:red_terracotta":995,"minecraft:barrel":82,"mmorpg:gems/garnet/0":21,"regions_unexplored:hyssop":267,"mmorpg:rare_mats/mining/greater":14,"minecraft:writable_book":10,"minecraft:deepslate_gold_ore":65,"mmorpg:rare_mats/mining/lesser":17,"minecraft:chainmail_helmet":3,"minecraft:bread":228,"minecraft:dark_oak_fence":29,"minecraft:crafting_table":20,"minecraft:coarse_dirt":16,"minecraft:purple_wool":70,"iceandfire:witherbone":431,"minecraft:nether_wart":129,"regions_unexplored:silt_coarse_dirt":14,"corail_recycler:diamond_disk":3,"mmorpg:gear_crafting_station":1,"domum_ornamentum:architectscutter":2,"magistuarmory:maximilian_helmet":4,"minecraft:jungle_trapdoor":104,"minecraft:red_bed":37,"minecraft:compass":2,"minecraft:cracked_stone_bricks":1,"iceandfire:bestiary":1,"untamedwilds:flora_water_hyacinth_item":75,"minecraft:deepslate_diamond_ore":78,"minecraft:music_disc_otherside":2,"minecraft:beef":165,"regions_unexplored:maple_leaf_pile":75,"minecraft:cyan_wool":137,"minecraft:iron_nugget":128,"minecraft:chest":424,"minecraft:egg":69,"minecraft:sandstone":479,"travelersbackpack:cactus":11,"minecraft:spruce_fence":50,"structurize:sceptergold":9,"mmorpg:skill_gems/support/int":96,"minecraft:carrot":787,"minecraft:redstone":2022,"minecraft:prismarine_crystals":11,"untamedwilds:hide_white":3,"minecraft:tnt":37,"mmorpg:runes/fey":5,"untamedwilds:hide_beige":4,"minecraft:beetroot_seeds":9,"mmorpg:currency/affix_common_reroll":35,"minecraft:shears":5,"minecraft:diamond_boots":9,"magistuarmory:steel_zweihander":27,"mmorpg:currency/level_up_orb":24,"minecraft:gold_ingot":173,"minecraft:glow_berries":7,"minecraft:white_wool":230,"minecraft:lapis_ore":9,"magistuarmory:rustedhalfarmor_chestplate":1,"regions_unexplored:eucalyptus_log":128,"domum_ornamentum:blockbarreldeco_standing":8,"mcwfences:railing_stone_brick_wall":20,"minecraft:red_mushroom":6,"minecraft:filled_map":7,"waystones:sandy_waystone":1,"minecraft:oak_log":2786,"minecraft:golden_boots":3,"minecraft:white_banner":16,"regions_unexplored:waratah":12,"minecraft:stone_bricks":905,"minecraft:kelp":27,"mmorpg:currency/unique_reroll":5,"mmorpg:rare_mats/farming/lesser":4,"minecraft:cobweb":21,"minecraft:mangrove_planks":2,"minecraft:iron_sword":71,"minecraft:flowering_azalea":1,"minecraft:dark_oak_slab":26,"minecraft:spyglass":1,"minecraft:gravel":489,"minecraft:spruce_sapling":144,"minecraft:spruce_log":382,"minecraft:sea_lantern":3,"travelersbackpack:wolf":2,"minecraft:red_stained_glass":7,"minecraft:stone_axe":7,"mmorpg:runes/ano":4,"minecraft:diamond_axe":5,"minecraft:gray_wool":188,"naturescompass:naturescompass":5,"minecraft:melon_seeds":12,"minecraft:stripped_dark_oak_log":39,"minecraft:ender_pearl":2,"mmorpg:currency/orb_of_quality":50,"minecraft:wheat":743,"domum_ornamentum:paper_extra":55,"minecraft:raw_copper":2228,"minecraft:smooth_stone_slab":19,"minecraft:iron_leggings":108,"minecraft:zombie_head":25,"magistuarmory:demon_horns_decoration":4,"minecraft:oak_sign":1,"minecraft:sea_pickle":11,"untamedwilds:material_snake_skin":3,"minecraft:dark_oak_leaves":4,"minecraft:redstone_torch":7,"minecraft:calcite":84,"mmorpg:currency/chaos_orb":31,"mmorpg:runes/mos":17,"minecraft:iron_boots":101,"minecraft:furnace":6,"minecraft:stick":2734,"regions_unexplored:elephant_ear":1,"minecraft:brown_terracotta":1590,"mmorpg:rare_mats/fishing/greater":99,"minecraft:torch":510,"travelersbackpack:iron_tier_upgrade":2,"minecraft:porkchop":20,"travelersbackpack:crafting_upgrade":2,"minecolonies:questlog":1,"regions_unexplored:barley":2,"minecraft:cactus":178,"mcwtrpdoors:jungle_ranch_trapdoor":23,"mmorpg:enchanting_station":1,"minecraft:green_wool":77,"mmorpg:runes/ita":18,"untamedwilds:flora_yarrow":6,"regions_unexplored:magnolia_sapling":1,"minecraft:cod":77,"minecraft:nautilus_shell":4,"minecraft:magma_cream":5,"mcwwindows:stone_brick_arrow_slit":1,"minecraft:tuff":172,"minecraft:wither_skeleton_skull":214,"minecraft:lapis_lazuli":679,"minecolonies:blockminecoloniesrack":12,"minecraft:polished_granite":1,"minecraft:leather_boots":10,"mmorpg:gems/azurite/1":6,"mcwbridges:balustrade_stone_bricks_bridge":9,"minecraft:raw_gold":213,"minecraft:cyan_candle":3,"minecraft:powered_rail":6,"domum_ornamentum:one_crossed_lr":2,"minecraft:oak_planks":127,"minecraft:brain_coral":1,"minecraft:black_terracotta":2,"minecraft:cooked_porkchop":22,"minecraft:music_disc_13":11,"travelersbackpack:squid":5,"torchmaster:megatorch":1,"minecraft:jungle_planks":479,"minecraft:sand":2315,"minecraft:dead_bush":39,"minecraft:lily_of_the_valley":30,"minecraft:cyan_bed":1,"minecraft:chiseled_sandstone":39,"minecraft:orange_wool":88,"minecraft:dark_prismarine":770,"mmorpg:jewel/int":13,"mmorpg:rare_mats/fishing/lesser":80,"minecraft:diamond":393,"minecraft:black_concrete":3,"magistuarmory:corruptedroundshield":2,"travelersbackpack:nether":5,"minecraft:oak_sapling":1786,"minecraft:fishing_rod":20,"minecraft:cocoa_beans":506,"mmorpg:gems/topaz/0":10,"minecraft:allium":37,"minecraft:chicken":11,"minecolonies:scroll_buff":369,"minecraft:chest_minecart":3,"iceandfire:fire_lily":5,"minecraft:wooden_pickaxe":3,"regions_unexplored:white_trillium":7,"minecraft:gold_block":12,"corail_recycler:diamond_shard":59,"minecraft:diamond_horse_armor":4,"regions_unexplored:red_maple_leaf_pile":145,"minecraft:iron_axe":6,"untamedwilds:food_bear_raw":2,"minecraft:wooden_sword":2,"minecraft:item_frame":149,"minecraft:cyan_carpet":360,"minecolonies:blockhutguardtower":5,"minecraft:dark_prismarine_stairs":11,"minecolonies:compost":24,"regions_unexplored:mauve_shrub":1,"minecraft:oak_boat":6,"minecraft:player_head":14,"mmorpg:stone/0":535,"minecraft:light_gray_wool":59,"minecraft:tinted_glass":1,"mmorpg:offhand/tome/iron":43,"minecraft:sugar_cane":1129,"iceandfire:podium_acacia":1,"minecraft:spruce_trapdoor":315,"minecraft:dark_oak_sapling":1178,"minecraft:stripped_crimson_hyphae":1,"minecraft:raw_iron":471,"iceandfire:dragonbone":40,"regions_unexplored:silver_birch_leaf_pile":65,"minecraft:copper_ingot":50,"minecraft:bowl":11,"minecraft:gray_dye":3,"regions_unexplored:blue_lupine":1,"mmorpg:currency/affix_tier_up_down":33,"minecolonies:blockwaypoint":1,"untamedwilds:anemone_rose_bulb":1,"magistuarmory:maximilian_chestplate":2,"mmorpg:jewel/str":15,"mmorpg:runes/nos":9,"minecraft:iron_horse_armor":18,"minecraft:dark_oak_planks":563,"iceandfire:silver_ingot":4,"minecraft:arrow":252,"iceandfire:sea_serpent_scales_purple":21,"minecolonies:resourcescroll":8,"regions_unexplored:enchanted_birch_leaf_pile":20,"regions_unexplored:maple_sapling":4,"mcwfences:modern_blackstone_wall":2,"regions_unexplored:eucalyptus_shrub":11,"minecraft:saddle":37,"minecraft:air":0,"travelersbackpack:ghast":7,"mmorpg:rare_mats/husbandry/greater":5,"minecraft:salmon":29,"minecraft:cut_sandstone":129,"regions_unexplored:orange_maple_shrub":1,"iceandfire:ectoplasm":3,"minecraft:cobblestone_stairs":273,"regions_unexplored:tassel":12,"minecraft:podzol":4,"minecolonies:ancienttome":2,"minecraft:red_nether_brick_stairs":2,"travelersbackpack:cow":13,"magistuarmory:steel_flamebladedsword":14,"untamedwilds:material_fat":51,"mmorpg:rare_mats/farming/medium":32,"minecraft:heart_of_the_sea":3,"minecraft:acacia_sapling":10,"minecraft:soul_sand":768,"minecraft:music_disc_chirp":2,"minecraft:green_dye":3,"minecraft:book":433,"minecraft:oak_slab":2,"regions_unexplored:eucalyptus_sapling":66,"minecraft:pumpkin":12,"minecraft:chiseled_stone_bricks":4,"untamedwilds:spawn_snake":1,"mmorpg:weapon/staff/wood":131,"minecraft:gold_ore":10,"minecraft:spider_eye":80,"minecraft:stripped_jungle_log":5,"magistuarmory:rustedchainmail_helmet":1,"minecraft:campfire":1,"minecraft:iron_helmet":123,"travelersbackpack:pumpkin":1,"iceandfire:sea_serpent_scales_red":6,"regions_unexplored:maple_log":8,"minecraft:black_wool":129,"mmorpg:gems/amethyst/1":2,"minecraft:coal":3009},"minecraft:mined":{"minecraft:red_nether_bricks":18,"minecraft:granite":142,"minecraft:potted_dead_bush":1,"minecolonies:blockwaypoint":1,"minecraft:acacia_log":8,"minecraft:light_gray_bed":1,"minecraft:oak_wall_sign":1,"minecraft:nether_wart":5,"travelersbackpack:wolf":1,"regions_unexplored:blue_bioshroom":14,"minecraft:spawner":80,"travelersbackpack:cactus":9,"minecraft:magma_block":4,"minecraft:cobbled_deepslate":1,"minecraft:fire":16,"minecraft:barrel":72,"minecraft:deepslate_lapis_ore":79,"minecraft:nether_brick_stairs":4,"regions_unexplored:maple_leaf_pile":29,"minecraft:white_banner":7,"minecraft:player_head":2,"minecraft:tripwire":1,"minecraft:jungle_trapdoor":19,"mcwtrpdoors:jungle_ranch_trapdoor":20,"minecraft:cut_sandstone":44,"regions_unexplored:enchanted_birch_leaf_pile":1,"travelersbackpack:ghast":6,"mcwroofs:stone_bricks_roof":25,"minecraft:smoker":1,"minecraft:torch":11,"minecraft:note_block":9,"minecraft:dark_oak_wood":110,"minecraft:melon":24,"minecraft:dead_bush":89,"minecraft:nether_brick_slab":28,"mcwfences:deepslate_brick_grass_topped_wall":250,"mcwbridges:stone_brick_bridge_stair":7,"minecraft:sugar_cane":290,"minecraft:amethyst_block":58,"minecraft:repeater":16,"regions_unexplored:hyssop":90,"minecraft:tinted_glass":1,"regions_unexplored:hibiscus":3,"minecraft:wither_rose":8,"minecraft:grass":1307,"minecraft:dark_oak_sapling":11,"minecraft:smooth_quartz":37,"minecraft:sandstone_wall":4,"minecraft:smooth_basalt":8,"minecraft:deepslate":2825,"minecraft:dark_prismarine":487,"minecraft:mossy_cobblestone":6,"sophisticatedstorage:iron_chest":8,"minecraft:dark_oak_log":3145,"minecraft:cyan_stained_glass":1,"minecraft:sea_lantern":2,"minecraft:dark_oak_fence":16,"minecraft:spruce_fence":30,"minecraft:redstone_wire":7,"travelersbackpack:bat":1,"minecraft:redstone_ore":8,"mmorpg:station/alchemy":3,"minecolonies:blockminecoloniesrack":12,"minecraft:suspicious_sand":1,"minecraft:andesite":810,"travelersbackpack:wither":2,"regions_unexplored:eucalyptus_shrub":8,"mcwwindows:stone_brick_arrow_slit":1,"minecraft:vine":331,"minecraft:cobblestone_slab":4,"regions_unexplored:flowering_shrub":1,"regions_unexplored:barrel_cactus":1,"minecraft:oak_slab":1,"minecraft:glass_pane":1,"minecraft:soul_sand":358,"minecraft:chiseled_nether_bricks":2,"minecraft:lily_of_the_valley":4,"minecraft:dandelion":137,"minecraft:cornflower":14,"regions_unexplored:silt_dirt":2,"minecraft:potted_oxeye_daisy":2,"regions_unexplored:blackwood_log":159,"minecraft:lightning_rod":1,"minecraft:copper_ore":420,"minecraft:tall_grass":32,"regions_unexplored:mauve_log":33,"minecraft:deepslate_gold_ore":127,"minecraft:diorite":235,"travelersbackpack:squid":4,"minecraft:red_terracotta":276,"minecraft:coarse_dirt":16,"minecraft:sunflower":3,"minecraft:gravel":204,"minecraft:cobweb":102,"minecraft:brown_terracotta":785,"minecraft:stone_bricks":743,"minecraft:gold_ore":28,"minecraft:chipped_anvil":1,"minecraft:fern":263,"regions_unexplored:palm_shrub":1,"minecraft:stone_pressure_plate":1,"minecraft:farmland":3,"minecraft:orange_wool":5,"minecraft:brewing_stand":1,"minecraft:spruce_trapdoor":296,"minecraft:budding_amethyst":2,"travelersbackpack:sponge":7,"sophisticatedstorage:storage_link":11,"regions_unexplored:purple_coneflower":31,"minecraft:frosted_ice":16,"mcwfences:railing_stone_brick_wall":20,"minecolonies:blockconstructiontape":33,"iceandfire:dragon_bone_wall":1,"regions_unexplored:purple_lupine":1,"regions_unexplored:mossy_stone":1,"sophisticatedstorage:chest":6,"minecraft:red_tulip":24,"mcwfences:modern_stone_brick_wall":31,"minecraft:iron_bars":2,"minecraft:potted_cornflower":1,"minecraft:spruce_slab":1,"minecraft:deepslate_redstone_ore":560,"untamedwilds:flora_water_hyacinth":29,"minecraft:orange_terracotta":1739,"minecraft:light_gray_terracotta":72,"mcwbridges:stone_brick_bridge":4,"regions_unexplored:green_bioshroom_block":38,"iceandfire:fire_lily":3,"minecraft:wither_skeleton_wall_skull":1,"minecraft:nether_quartz_ore":38,"minecraft:oak_planks":19,"regions_unexplored:bamboo_log":18,"minecraft:light_blue_banner":1,"minecraft:wall_torch":21,"regions_unexplored:mallow":1,"regions_unexplored:socotra_log":57,"minecraft:dark_oak_slab":21,"regions_unexplored:silt_coarse_dirt":14,"minecraft:tnt":9,"minecraft:smooth_stone_slab":5,"minecraft:oak_log":385,"minecraft:dirt":10407,"mmorpg:station/enchanting":1,"minecraft:cyan_candle":1,"minecraft:crying_obsidian":12,"minecraft:yellow_wall_banner":25,"regions_unexplored:barley":2,"minecraft:dark_oak_leaves":12,"minecolonies:blockhuttownhall":1,"regions_unexplored:pink_lupine":1,"minecraft:ladder":15,"untamedwilds:flora_zimbabwe_aloe":1,"regions_unexplored:aster":2,"travelersbackpack:white_sleeping_bag":5,"minecraft:birch_slab":2,"domum_ornamentum:vanilla_trapdoors_compat":8,"minecraft:cracked_nether_bricks":6,"minecraft:hay_block":58,"untamedwilds:flora_yarrow":2,"minecraft:light_blue_wall_banner":1,"minecraft:raw_gold_block":1,"minecraft:gold_block":9,"minecraft:nether_brick_fence":4,"minecraft:bookshelf":198,"minecraft:shroomlight":1,"minecraft:deepslate_iron_ore":109,"regions_unexplored:orange_maple_leaf_pile":38,"minecraft:jungle_fence_gate":21,"minecraft:acacia_leaves":4,"minecolonies:blockminecoloniesgrave":4,"minecraft:stripped_dark_oak_log":39,"travelersbackpack:standard":82,"minecraft:deepslate_coal_ore":1,"regions_unexplored:daisy":45,"minecraft:sea_pickle":1,"minecraft:black_wall_banner":1,"minecraft:mangrove_planks":1,"minecraft:bee_nest":3,"regions_unexplored:dark_oak_shrub":1,"minecraft:cocoa":1,"travelersbackpack:cow":13,"minecraft:cyan_carpet":269,"mmorpg:station/cooking":2,"regions_unexplored:green_bioshroom_stem":2,"minecraft:cracked_stone_bricks":1,"minecraft:jungle_wall_sign":1,"minecraft:dark_oak_planks":56,"minecraft:dark_prismarine_stairs":11,"travelersbackpack:blaze":9,"regions_unexplored:magnolia_log":13,"minecraft:jungle_leaves":5,"minecraft:obsidian":85,"minecraft:carved_pumpkin":10,"minecraft:red_sand":485,"minecraft:stone_brick_wall":2,"minecraft:jungle_log":1934,"minecraft:coal_block":12,"sophisticatedstorage:controller":3,"minecraft:oxeye_daisy":7,"minecraft:hopper":98,"minecraft:chiseled_stone_bricks":5,"minecraft:tall_seagrass":7,"minecraft:pumpkin":1,"minecraft:enchanting_table":2,"minecraft:dirt_path":233,"minecraft:blue_orchid":2,"regions_unexplored:silt_grass_block":34,"regions_unexplored:dead_steppe_shrub":3,"minecraft:red_bed":36,"minecraft:amethyst_cluster":65,"iceandfire:podium_acacia":1,"minecraft:polished_andesite_stairs":2,"regions_unexplored:meadow_sage":1,"minecraft:cyan_bed":1,"minecraft:damaged_anvil":1,"regions_unexplored:tsubaki":6,"minecraft:skeleton_skull":5,"minecraft:cyan_wool":4,"minecraft:wheat":1377,"minecraft:black_bed":4,"minecraft:stone_brick_stairs":80,"regions_unexplored:eucalyptus_log":71,"regions_unexplored:clover":4,"untamedwilds:flora_canola":8,"domum_ornamentum:architectscutter":2,"minecraft:stonecutter":12,"minecraft:piston":16,"regions_unexplored:fireweed":69,"minecraft:yellow_terracotta":601,"mcwfences:stone_grass_topped_wall":6,"mmorpg:teleporter":1,"minecraft:stripped_birch_log":1,"minecraft:nether_bricks":158,"minecraft:allium":14,"minecraft:jungle_planks":20,"mcwfences:blackstone_grass_topped_wall":1,"domum_ornamentum:shingle_slab":16,"mmorpg:station/salvaging":4,"minecraft:potatoes":423,"regions_unexplored:red_maple_leaves":3,"minecraft:bamboo":22,"regions_unexplored:windswept_grass":14,"minecraft:white_wool":18,"minecraft:brain_coral":1,"travelersbackpack:spider":2,"minecraft:smithing_table":1,"regions_unexplored:pink_bioshroom":6,"travelersbackpack:nether":3,"minecraft:stone_brick_slab":246,"mcwbridges:balustrade_stone_bricks_bridge":9,"corail_recycler:recycler":5,"minecraft:sponge":3,"minecolonies:blockhutguardtower":2,"minecraft:white_carpet":3,"minecraft:spruce_log":378,"minecraft:jungle_fence":138,"regions_unexplored:sandy_grass":1,"regions_unexplored:viridescent_nylium":73,"regions_unexplored:tassel":2,"minecraft:spruce_planks":37,"regions_unexplored:maple_log":12,"minecraft:jungle_slab":22,"minecraft:cobblestone_stairs":255,"regions_unexplored:pink_bioshroom_block":9,"minecraft:stripped_crimson_hyphae":2,"minecraft:grass_block":11100,"iceandfire:lectern":1,"minecraft:soul_soil":79,"regions_unexplored:elephant_ear":1,"regions_unexplored:blue_bioshroom_block":47,"minecraft:smooth_stone":2,"minecraft:glowstone":146,"minecraft:red_nether_brick_stairs":4,"minecraft:iron_ore":221,"minecraft:black_carpet":1,"minecraft:anvil":2,"minecraft:azure_bluet":4,"minecraft:dark_oak_stairs":114,"mcwbridges:bridge_torch":4,"mmorpg:station/gear_crafting":1,"untamedwilds:anemone_rose_bulb":1,"minecraft:cyan_terracotta":3,"minecraft:soul_lantern":6,"minecraft:clay":1,"domum_ornamentum:shingle":88,"minecraft:calcite":66,"minecraft:poppy":90,"minecraft:chest":403,"iceandfire:ghost_chest":3,"regions_unexplored:small_desert_shrub":1,"minecraft:mushroom_stem":3,"minecraft:cobblestone":158,"minecraft:birch_wood":2,"minecraft:grindstone":3,"minecraft:iron_door":1,"minecraft:deepslate_copper_ore":8,"minecraft:seagrass":1,"domum_ornamentum:plain":36,"minecraft:birch_log":8,"minecraft:orange_tulip":36,"regions_unexplored:steppe_grass":1,"minecraft:sand":823,"minecraft:netherrack":158,"minecraft:oak_leaves":403,"minecraft:redstone_lamp":33,"iceandfire:lightning_lily":4,"regions_unexplored:green_bioshroom":2,"minecraft:tuff":83,"minecraft:deepslate_diamond_ore":155,"minecraft:sandstone":223,"minecraft:large_fern":1,"minecraft:furnace":7,"minecraft:carrots":213,"minecraft:chiseled_sandstone":20,"regions_unexplored:waratah":4,"minecraft:black_concrete":3,"minecraft:stripped_jungle_log":5,"minecraft:packed_ice":744,"regions_unexplored:medium_grass":89,"minecraft:white_tulip":21,"minecraft:stone":12423,"minecraft:podzol":4,"regions_unexplored:glowing_green_bioshroom_block":4,"minecraft:flowering_azalea":1,"minecraft:red_wool":2,"regions_unexplored:silver_birch_leaf_pile":1,"minecraft:red_banner":1,"minecraft:crafting_table":22,"minecraft:oak_wood":2,"minecraft:rose_bush":7,"minecraft:lapis_ore":19,"minecraft:spruce_stairs":21,"minecraft:cactus":19,"untamedwilds:block_burrow":7,"minecraft:gray_bed":1,"regions_unexplored:red_maple_leaf_pile":50,"minecraft:potted_azure_bluet":1,"minecraft:coal_ore":657,"untamedwilds:flora_titan_arum":1,"minecraft:terracotta":2213,"minecraft:polished_andesite":2},"minecraft:custom":{"minecraft:dexterity":30,"minecraft:interact_with_crafting_table":599,"minecraft:damage_blocked_by_shield":7098,"minecraft:play_time":5998555,"minecraft:deaths":6,"minecraft:jump":56643,"minecraft:intelligence":82,"minecraft:interact_with_smoker":4,"minecraft:interact_with_anvil":20,"minecraft:inspect_hopper":23,"minecraft:move_speed":0,"minecraft:tune_noteblock":1,"minecraft:time_since_rest":5927,"minecraft:swim_one_cm":878836,"minecraft:open_chest":6004,"minecraft:blood":0,"minecraft:health":595,"minecraft:play_noteblock":12,"minecraft:talked_to_villager":11,"minecraft:levels_gained":37,"minecraft:damage_dealt_resisted":66084,"minecraft:boat_one_cm":2075480,"minecraft:damage_taken":52425,"minecraft:strength":33,"minecraft:open_barrel":532,"minecraft:leave_game":54,"minecraft:time_since_death":38845,"minecraft:enchant_item":53,"minecraft:interact_with_furnace":168,"minecraft:traded_with_villager":5,"minecraft:sleep_in_bed":426,"minecraft:waystone_activated":7,"minecraft:damage_dealt":192460,"minecraft:interact_with_smithing_table":13,"minecraft:mana":1230,"minecraft:magic_shield":0,"minecraft:sneak_time":190453,"minecraft:interact_with_blast_furnace":12,"minecraft:total_world_time":5998555,"minecraft:interact_with_stonecutter":107,"minecraft:fly_one_cm":12358719,"minecraft:fish_caught":78,"minecraft:fall_one_cm":968015,"minecraft:animals_bred":176,"minecraft:sprint_one_cm":14136374,"minecraft:drop":1996,"minecraft:energy":710,"minecraft:walk_on_water_one_cm":457723,"minecraft:crouch_one_cm":561600,"minecraft:mob_kills":5578,"minecraft:climb_one_cm":72101,"minecraft:walk_one_cm":17814620,"minecraft:walk_under_water_one_cm":410858,"minecraft:interact_with_grindstone":30,"minecraft:damage_absorbed":3974,"minecraft:trigger_trapped_chest":8},"minecraft:crafted":{"minecraft:black_dye":8,"magistuarmory:steel_zweihander":6,"mmorpg:gems/garnet/1":3,"travelersbackpack:crafting_upgrade":1,"mmorpg:enchanting_station":1,"minecraft:chain":8,"minecraft:diamond_shovel":7,"sophisticatedstorage:stack_upgrade_tier_4":1,"minecraft:iron_door":3,"minecraft:redstone_lamp":14,"minecraft:jungle_boat":1,"minecraft:smithing_table":1,"minecraft:stone_brick_stairs":23,"minecraft:lectern":1,"minecraft:wooden_hoe":1,"naturescompass:naturescompass":1,"minecraft:stone_slab":12,"minecraft:iron_pickaxe":2,"minecraft:composter":1,"magistuarmory:rusted_bastardsword":1,"minecraft:jungle_sign":36,"regions_unexplored:blackwood_planks":8,"minecraft:iron_nugget":81,"minecraft:diamond_hoe":3,"mcwbridges:stone_brick_bridge_stair":4,"domum_ornamentum:architectscutter":1,"minecraft:jack_o_lantern":8,"mcwfences:deepslate_brick_grass_topped_wall":498,"domum_ornamentum:one_crossed_rl":68,"domum_ornamentum:cobblestone_extra":148,"travelersbackpack:blank_upgrade":4,"iceandfire:chain_sticky":2,"minecraft:lantern":3,"minecolonies:blockhutuniversity":1,"sophisticatedstorage:upgrade_base":4,"minecraft:polished_diorite":1,"mmorpg:gems/tourmaline/1":3,"minecraft:black_concrete_powder":16,"minecraft:stone_pickaxe":11,"domum_ornamentum:up_gated":16,"travelersbackpack:spider":1,"iceandfire:chain":2,"minecraft:light_gray_terracotta":8,"mmorpg:gems/topaz/2":1,"minecraft:light_blue_wool":1,"mmorpg:gems/azurite/1":2,"mcwbridges:bridge_torch":18,"minecraft:dark_oak_button":23,"minecraft:red_carpet":3,"minecraft:orange_dye":10,"sophisticatedstorage:storage_link":3,"minecraft:red_stained_glass":8,"mmorpg:gems/emerald/1":3,"minecraft:black_stained_glass_pane":8,"minecraft:iron_shovel":7,"mmorpg:salvaging_station":2,"sophisticatedstorage:controller":3,"mmorpg:gems/opal/1":5,"minecraft:grindstone":2,"mmorpg:gems/opal/2":1,"minecraft:cobblestone_slab":60,"minecraft:barrel":41,"magistuarmory:steel_flamebladedsword":3,"sophisticatedstorage:gold_chest":4,"travelersbackpack:hose_nozzle":1,"minecraft:lightning_rod":1,"minecraft:stone":13,"mmorpg:gems/sapphire/2":1,"minecraft:brown_carpet":3,"minecraft:cake":1,"mmorpg:socket_extractor":1,"minecraft:stone_brick_slab":66,"minecraft:bow":2,"mmorpg:gems/emerald/2":1,"minecraft:comparator":6,"minecraft:chest":321,"corail_recycler:recycler":2,"corail_recycler:diamond_disk":5,"minecraft:copper_block":2,"minecraft:jungle_stairs":4,"minecraft:bricks":5,"minecraft:stone_bricks":2421,"minecraft:white_banner":3,"minecraft:cauldron":2,"sophisticatedstorage:storage_tool":1,"minecraft:brown_dye":14,"mcwfences:modern_stone_brick_wall":20,"minecraft:yellow_stained_glass":8,"minecraft:spruce_trapdoor":6,"minecraft:purple_dye":12,"minecraft:pink_wool":1,"minecraft:yellow_dye":12,"minecraft:gray_terracotta":8,"minecraft:stick":548,"mmorpg:gems/amethyst/2":1,"minecraft:iron_ingot":947,"minecraft:andesite_stairs":1,"mmorpg:gear_crafting_station":1,"minecraft:black_bed":6,"travelersbackpack:cow":1,"minecraft:dark_oak_fence_gate":6,"minecraft:fishing_rod":7,"minecraft:leather_boots":1,"sophisticatedstorage:iron_chest":109,"minecraft:furnace":9,"minecraft:blast_furnace":1,"domum_ornamentum:vanilla_trapdoors_compat":10,"minecolonies:blockhutbuilder":1,"minecraft:flint_and_steel":2,"minecraft:scaffolding":12,"mmorpg:gems/tourmaline/2":1,"mmorpg:alchemy_station":1,"mmorpg:gems/topaz/1":3,"travelersbackpack:diamond_tier_upgrade":1,"travelersbackpack:backpack_tank":40,"minecolonies:questlog":1,"minecraft:black_banner":4,"minecolonies:blockhutminer":1,"minecraft:jungle_planks":3152,"domum_ornamentum:shingle_slab":84,"travelersbackpack:squid":1,"sophisticatedstorage:chest":99,"minecraft:jungle_door":6,"minecraft:white_dye":17,"minecraft:black_carpet":12,"minecraft:anvil":3,"minecraft:stonecutter":1,"minecraft:torch":692,"minecraft:smooth_stone":5,"domum_ornamentum:plain":612,"minecraft:jungle_fence_gate":21,"minecraft:cut_sandstone":4,"minecraft:dark_oak_pressure_plate":5,"minecraft:orange_carpet":3,"mmorpg:gems/garnet/2":1,"minecraft:dark_oak_wood":54,"minecraft:loom":1,"minecraft:lever":3,"sophisticatedstorage:stack_upgrade_tier_1":4,"minecraft:bookshelf":20,"travelersbackpack:bat":7,"sophisticatedstorage:stack_upgrade_tier_3":1,"minecraft:iron_bars":32,"minecraft:glass":339,"minecraft:repeater":17,"structurize:sceptergold":1,"domum_ornamentum:red_brick_extra":32,"domum_ornamentum:blockbarreldeco_onside":18,"minecolonies:resourcescroll":3,"minecraft:magenta_dye":3,"minecraft:gray_bed":4,"minecraft:flower_pot":15,"minecolonies:barrel_block":2,"torchmaster:megatorch":10,"minecraft:glass_bottle":9,"domum_ornamentum:double_crossed":92,"minecraft:diamond_axe":5,"travelersbackpack:standard":18,"torchmaster:dreadlamp":1,"minecraft:spruce_door":3,"minecraft:copper_ingot":179,"minecraft:hay_block":83,"minecraft:campfire":9,"corail_recycler:diamond_shard":9,"minecraft:light_gray_bed":1,"minecolonies:blockhutfield":3,"minecraft:compass":1,"minecraft:iron_block":254,"minecraft:gold_ingot":120,"minecraft:light_gray_dye":9,"mcwbridges:stone_brick_bridge":4,"magistuarmory:antlers_decoration":5,"minecolonies:clipboard":2,"regions_unexplored:ash":1,"minecraft:stone_shovel":18,"iceandfire:dragon_bone_wall":2,"minecraft:tinted_glass":96,"minecolonies:blockhutcitizen":2,"mmorpg:teleporter":1,"minecraft:bone_meal":4074,"minecraft:pink_dye":4,"minecraft:white_carpet":39,"minecolonies:blockhutfarmer":1,"sophisticatedstorage:copper_chest":70,"minecraft:diamond":126,"magistuarmory:steel_lucernhammer":4,"minecraft:dark_oak_fence":468,"travelersbackpack:white_sleeping_bag":22,"minecraft:ladder":18,"minecraft:spruce_slab":18,"minecraft:redstone_block":116,"minecraft:jungle_fence":192,"minecraft:dark_oak_planks":7672,"domum_ornamentum:framed":144,"minecraft:wheat":1008,"minecraft:coal_block":141,"minecolonies:blockhuttownhall":1,"domum_ornamentum:brick_extra":156,"domum_ornamentum:one_crossed_lr":56,"minecraft:polished_granite":1,"domum_ornamentum:paper_extra":116,"minecraft:jungle_slab":72,"domum_ornamentum:shingle":844,"minecraft:andesite_slab":12,"minecraft:oak_stairs":40,"minecraft:wooden_axe":29,"minecraft:white_bed":6,"minecolonies:blockminecoloniesrack":11,"minecraft:oak_planks":4,"sophisticatedstorage:stack_upgrade_tier_1_plus":1,"minecolonies:blockhuthospital":1,"sophisticatedstorage:barrel":1,"minecraft:cobblestone_stairs":79,"mmorpg:gems/ruby/2":1,"minecraft:green_dye":4,"minecraft:dark_oak_door":24,"minecraft:hopper":100,"mmorpg:cooking_station":1,"mmorpg:tp_back":4,"mmorpg:gems/ruby/1":3,"minecraft:stone_hoe":7,"mcwtrpdoors:jungle_ranch_trapdoor":8,"minecraft:smoker":1,"minecraft:item_frame":67,"travelersbackpack:iron_tier_upgrade":2,"minecraft:map":1,"minecraft:crafting_table":32,"minecraft:spruce_planks":128,"minecraft:wooden_pickaxe":1,"minecraft:baked_potato":64,"mmorpg:keys/1":1,"minecraft:gold_block":102,"minecraft:birch_planks":8,"minecraft:dark_oak_slab":510,"minecraft:diamond_pickaxe":8,"mmorpg:gems/amethyst/1":3,"minecraft:paper":414,"minecraft:emerald_block":29,"minecraft:shield":1,"minecraft:light_blue_dye":6,"minecraft:stone_sword":2,"minecraft:gray_carpet":12,"minecraft:redstone_torch":153,"minecraft:shears":6,"minecraft:polished_andesite":14,"minecraft:coarse_dirt":252,"minecraft:wooden_sword":1,"minecraft:coal":360,"minecraft:dark_oak_trapdoor":78,"minecraft:jungle_trapdoor":36,"minecraft:gray_dye":2,"minecraft:dark_oak_sign":15,"minecraft:diamond_block":85,"minecraft:glass_pane":16,"minecraft:blue_ice":64,"minecolonies:blockhutguardtower":2,"minecraft:iron_axe":8,"minecraft:lime_dye":6,"minecolonies:blockhutdeliveryman":1,"minecraft:chiseled_sandstone":1,"regions_unexplored:eucalyptus_sapling":14,"minecraft:cooked_beef":9,"minecraft:sugar":2,"minecolonies:blockhutlibrary":1,"minecraft:red_dye":24,"minecraft:bone_block":448,"minecraft:diamond_sword":76,"minecraft:cyan_dye":12,"minecraft:dark_oak_stairs":1784,"mcwwindows:stone_brick_arrow_slit":3,"minecraft:yellow_carpet":3,"minecraft:bucket":7,"minecraft:stone_axe":20,"minecraft:air":0,"minecraft:bread":227,"minecraft:blue_dye":14,"domum_ornamentum:blockbarreldeco_standing":34,"minecraft:oak_boat":1,"minecraft:magenta_terracotta":8,"minecolonies:blockwaypoint":16,"minecraft:white_wool":67,"minecraft:raw_gold":9,"minecolonies:blockhutwarehouse":1,"sophisticatedstorage:stack_upgrade_tier_2":1,"mmorpg:gems/sapphire/1":3,"minecraft:lapis_block":43},"minecraft:used":{"minecraft:writable_book":1,"minecraft:black_carpet":1,"minecraft:stone":69,"untamedwilds:spawn_tortoise":1,"minecraft:red_nether_brick_stairs":1,"minecolonies:resourcescroll":421,"minecraft:rotten_flesh":12,"minecraft:soul_sand":9,"minecraft:jungle_sapling":81,"minecraft:lava_bucket":39,"minecolonies:barrel_block":2,"minecraft:jungle_fence_gate":21,"minecraft:red_wool":2,"minecraft:deepslate_copper_ore":4,"minecraft:dark_oak_leaves":1,"minecraft:dark_oak_slab":166,"domum_ornamentum:vanilla_trapdoors_compat":9,"sophisticatedstorage:storage_link":13,"minecraft:bow":583,"minecraft:cooked_cod":6,"travelersbackpack:redstone":5,"minecraft:damaged_anvil":1,"travelersbackpack:nether":7,"minecraft:wooden_pickaxe":4,"minecraft:composter":1,"minecraft:jungle_boat":27,"mcwbridges:balustrade_stone_bricks_bridge":8,"minecraft:blast_furnace":1,"minecraft:deepslate_iron_ore":51,"sophisticatedstorage:chest":33,"minecraft:coal_block":3,"minecraft:diamond_sword":3293,"minecraft:smithing_table":2,"minecraft:birch_log":1,"minecraft:oak_boat":1,"minecraft:enchanting_table":4,"minecraft:dead_bush":1,"mmorpg:gear_crafting_station":2,"mcwfences:deepslate_brick_grass_topped_wall":637,"mcwwindows:stone_brick_arrow_slit":1,"minecraft:tinted_glass":91,"minecraft:cooked_salmon":4,"minecraft:torch":485,"minecraft:brewing_stand":1,"minecraft:nether_quartz_ore":19,"regions_unexplored:eucalyptus_log":3,"minecraft:chipped_anvil":2,"minecraft:jungle_log":10,"mcwfences:stone_grass_topped_wall":34,"minecraft:barrel":42,"minecraft:diamond_chestplate":1,"minecraft:trapped_chest":1,"minecraft:calcite":41,"minecraft:wheat_seeds":1493,"minecraft:gold_ore":14,"untamedwilds:flora_hemlock":1,"minecraft:red_bed":35,"minecraft:white_bed":1,"minecraft:campfire":2,"mmorpg:salvaging_station":5,"minecraft:diamond_pickaxe":28675,"minecraft:diamond_shovel":20630,"minecraft:spruce_trapdoor":267,"mmorpg:weapon/staff/iron":14,"minecraft:potion":1,"sophisticatedstorage:iron_chest":55,"minecraft:cooked_porkchop":12,"minecolonies:clipboard":6,"minecraft:dandelion":2,"minecraft:diamond_leggings":3,"regions_unexplored:silt_dirt":30,"minecraft:red_sand":18,"sophisticatedstorage:storage_tool":24,"minecraft:jungle_planks":82,"minecraft:obsidian":36,"minecraft:spruce_wood":8,"mcwroofs:stone_bricks_roof":59,"minecolonies:scepterguard":3,"minecraft:item_frame":97,"minecraft:deepslate_diamond_ore":76,"regions_unexplored:blue_bioshroom":1,"mmorpg:cooking_station":3,"regions_unexplored:red_maple_leaf_pile":13,"minecraft:dark_oak_sapling":529,"travelersbackpack:spider":17,"minecraft:diamond_boots":1,"domum_ornamentum:architectscutter":3,"minecraft:wither_skeleton_skull":1,"minecraft:stone_pickaxe":767,"minecraft:jungle_fence":138,"minecraft:oak_planks":2,"minecraft:sandstone":18,"minecraft:chainmail_helmet":2,"minecraft:sugar_cane":153,"minecraft:diamond_axe":826,"regions_unexplored:barrel_cactus":1,"minecraft:white_wool":6,"minecraft:deepslate_lapis_ore":33,"waystones:waystone":11,"minecraft:lever":4,"torchmaster:dreadlamp":1,"minecraft:dark_oak_log":45,"minecraft:bread":453,"minecraft:iron_door":4,"minecraft:deepslate":55,"mcwtrpdoors:jungle_ranch_trapdoor":23,"minecraft:bone_meal":231,"minecraft:flint_and_steel":4,"minecraft:redstone":55,"regions_unexplored:ash":1,"minecraft:deepslate_gold_ore":69,"minecraft:stone_hoe":558,"minecraft:cooked_chicken":16,"regions_unexplored:maple_leaf_pile":9,"sophisticatedstorage:gold_chest":2,"minecraft:dirt":15001,"untamedwilds:egg_snake":1,"minecolonies:blockwaypoint":1,"minecraft:brown_terracotta":757,"minecraft:wooden_axe":357,"iceandfire:dragon_bone_wall":1,"sophisticatedstorage:controller":5,"minecraft:iron_boots":3,"travelersbackpack:sponge":11,"minecraft:cooked_beef":20,"minecraft:pumpkin":10,"minecraft:iron_leggings":6,"minecraft:cobblestone_stairs":161,"minecraft:baked_potato":338,"minecraft:red_nether_bricks":3,"travelersbackpack:wither":3,"minecraft:spider_eye":1,"corail_recycler:recycler":7,"travelersbackpack:ghast":7,"mcwbridges:stone_brick_bridge_stair":20,"minecraft:flower_pot":1,"minecraft:lapis_ore":6,"minecraft:jungle_stairs":4,"minecraft:stone_axe":598,"mcwbridges:stone_brick_bridge":4,"mmorpg:enchanting_station":2,"minecraft:spruce_slab":15,"minecraft:chest":470,"minecraft:acacia_sapling":1,"minecraft:jungle_slab":56,"minecraft:orange_wool":5,"minecraft:grass_block":467,"minecraft:copper_ore":152,"iceandfire:ghost_chest":2,"regions_unexplored:silver_birch_leaf_pile":1,"minecraft:stone_brick_stairs":203,"minecraft:furnace":9,"minecraft:egg":3,"minecraft:potato":572,"minecraft:diorite":6,"minecraft:sand":58,"minecraft:black_concrete_powder":3,"minecraft:lightning_rod":1,"minecraft:wooden_sword":48,"minecraft:dark_oak_fence":38,"waystones:sandy_waystone":1,"minecraft:netherrack":23,"minecraft:anvil":4,"minecraft:nether_brick_slab":2,"minecraft:jungle_trapdoor":67,"minecraft:shroomlight":4,"mmorpg:alchemy_station":4,"minecraft:iron_axe":871,"minecraft:spawner":26,"travelersbackpack:cactus":15,"travelersbackpack:squid":9,"minecraft:smooth_quartz":29,"regions_unexplored:enchanted_birch_leaf_pile":2,"minecraft:glowstone":7,"torchmaster:megatorch":5,"minecraft:cobbled_deepslate":64,"minecraft:water_bucket":141,"minecraft:yellow_banner":4,"iceandfire:dragon_skull_lightning":1,"minecraft:crafting_table":25,"minecraft:cod":7,"minecraft:dark_prismarine":1,"minecraft:cornflower":1,"minecraft:iron_pickaxe":754,"mmorpg:teleporter":1,"minecraft:chiseled_stone_bricks":5,"minecraft:cobblestone":163,"travelersbackpack:standard":154,"structurize:sceptergold":32,"minecraft:iron_shovel":1514,"minecraft:diamond_hoe":2,"minecraft:shield":181,"minecraft:iron_sword":467,"minecraft:iron_chestplate":5,"minecraft:nether_bricks":34,"minecraft:carrot":290,"minecraft:tuff":26,"minecraft:cyan_wool":2,"minecraft:coal_ore":338,"minecraft:iron_helmet":6,"minecraft:stone_bricks":2453,"minecraft:repeater":21,"minecraft:redstone_lamp":21,"travelersbackpack:cow":20,"minecraft:yellow_terracotta":96,"minecraft:deepslate_redstone_ore":221,"minecraft:stone_brick_wall":2,"minecraft:black_bed":1,"minecraft:shears":175,"minecraft:string":4,"minecraft:cyan_bed":1,"minecraft:gravel":32,"minecraft:golden_helmet":1,"minecraft:jungle_sign":23,"minecraft:grindstone":5,"minecraft:andesite":18,"minecraft:experience_bottle":1,"travelersbackpack:blaze":23,"minecraft:stone_shovel":2089,"minecraft:spruce_planks":48,"minecraft:white_carpet":15,"minecraft:hopper":194,"minecraft:spruce_stairs":8,"minecraft:granite":50,"minecraft:stone_brick_slab":1782,"minecraft:dark_oak_planks":61,"minecraft:bookshelf":99,"minecraft:golden_carrot":10,"minecraft:cooked_mutton":10,"minecraft:iron_ore":93,"minecraft:amethyst_block":2,"minecraft:netherite_chestplate":1,"minecolonies:questlog":1,"minecraft:stonecutter":13,"minecraft:cobblestone_slab":1,"minecraft:terracotta":317,"mcwfences:modern_stone_brick_wall":24,"minecraft:dark_oak_door":1,"travelersbackpack:wolf":1,"minecraft:smoker":2,"regions_unexplored:orange_maple_leaf_pile":15,"minecraft:apple":8,"mcwbridges:bridge_torch":23,"minecraft:map":1,"regions_unexplored:larch_log":1,"mmorpg:weapon/staff/wood":537,"minecraft:fishing_rod":115,"minecraft:white_banner":3,"minecraft:jungle_door":2,"minecraft:bucket":186,"mcwfences:railing_stone_brick_wall":20}},"DataVersion":3465}