{"stats":{"minecraft:mined":{"minecraft:blue_carpet":17,"minecraft:white_bed":1,"regions_unexplored:brimsprout":5,"minecraft:red_nether_bricks":597,"minecraft:light_blue_carpet":2,"minecolonies:blockwaypoint":1,"minecraft:potted_dead_bush":1,"minecraft:granite":262,"minecraft:acacia_log":24,"minecraft:light_gray_bed":1,"minecraft:nether_wart":42,"minecraft:oak_wall_sign":1,"regions_unexplored:blue_bioshroom":14,"travelersbackpack:wolf":1,"minecraft:spawner":93,"minecraft:polished_blackstone_bricks":14,"travelersbackpack:cactus":9,"minecraft:magma_block":4,"minecraft:cobbled_deepslate":1,"minecraft:barrel":83,"minecraft:fire":16,"minecraft:deepslate_lapis_ore":79,"minecraft:nether_brick_stairs":4,"regions_unexplored:maple_leaf_pile":29,"iceandfire:gold_pile":77,"minecraft:white_banner":7,"minecraft:player_head":62,"minecraft:tripwire":1,"minecraft:magenta_carpet":2,"minecraft:blue_wall_banner":4,"minecraft:jungle_trapdoor":19,"mcwtrpdoors:jungle_ranch_trapdoor":22,"minecraft:cut_sandstone":44,"regions_unexplored:enchanted_birch_leaf_pile":1,"travelersbackpack:ghast":16,"mcwroofs:stone_bricks_roof":25,"minecraft:kelp_plant":3,"minecraft:smoker":2,"regions_unexplored:acacia_shrub":2,"minecraft:torch":12,"minecraft:note_block":9,"minecraft:dark_oak_wood":110,"minecraft:melon":25,"minecraft:dead_bush":103,"minecraft:nether_brick_slab":28,"mcwfences:deepslate_brick_grass_topped_wall":250,"mcwbridges:stone_brick_bridge_stair":7,"minecraft:sugar_cane":340,"minecraft:amethyst_block":58,"minecraft:white_terracotta":358,"minecraft:repeater":16,"regions_unexplored:hyssop":90,"regions_unexplored:glister_bulb":7,"minecraft:tinted_glass":1,"regions_unexplored:hibiscus":3,"minecraft:wither_rose":10,"minecraft:grass":1385,"minecraft:smooth_quartz":37,"minecraft:dark_oak_sapling":26,"minecraft:sandstone_wall":4,"regions_unexplored:glistering_ivy":63,"minecraft:smooth_basalt":8,"minecraft:deepslate":2827,"regions_unexplored:glistering_sprout":5,"minecraft:dark_prismarine":487,"minecraft:mossy_cobblestone":6,"minecraft:nether_brick_wall":9,"sophisticatedstorage:iron_chest":8,"minecraft:dark_oak_log":3597,"iceandfire:pixie_house_birch":4,"minecraft:cyan_stained_glass":1,"minecraft:sea_lantern":2,"minecraft:dark_oak_fence":16,"minecraft:spruce_fence":30,"minecraft:redstone_wire":7,"travelersbackpack:bat":1,"minecraft:redstone_ore":43,"minecraft:packed_mud":1,"mmorpg:station/alchemy":3,"minecolonies:blockminecoloniesrack":12,"minecraft:suspicious_sand":1,"minecraft:andesite":810,"travelersbackpack:wither":3,"mcwbridges:nether_bricks_bridge_pier":20,"regions_unexplored:eucalyptus_shrub":8,"mcwwindows:stone_brick_arrow_slit":1,"minecraft:vine":381,"minecraft:cobblestone_slab":4,"regions_unexplored:flowering_shrub":1,"minecraft:ender_chest":1,"regions_unexplored:barrel_cactus":1,"minecraft:oak_slab":35,"minecraft:glass_pane":1,"minecraft:soul_sand":358,"minecraft:chiseled_nether_bricks":2,"minecraft:lily_of_the_valley":4,"minecraft:dandelion":138,"minecraft:polished_blackstone_brick_wall":69,"minecraft:cornflower":14,"regions_unexplored:silt_dirt":2,"minecraft:copper_ore":471,"minecraft:potted_oxeye_daisy":2,"minecraft:lightning_rod":1,"regions_unexplored:blackwood_log":233,"minecraft:tall_grass":35,"regions_unexplored:mauve_log":33,"minecraft:deepslate_gold_ore":135,"minecraft:diorite":299,"minecraft:orange_carpet":2,"travelersbackpack:squid":24,"minecraft:red_terracotta":760,"minecraft:coarse_dirt":16,"minecraft:sunflower":3,"minecraft:gravel":519,"minecraft:cobweb":102,"minecraft:brown_terracotta":790,"minecraft:stone_bricks":1053,"minecraft:gold_ore":36,"minecraft:chipped_anvil":1,"minecraft:fern":285,"regions_unexplored:palm_shrub":1,"mcwroofs:blackstone_upper_steep_roof":21,"minecraft:stone_pressure_plate":1,"minecraft:farmland":3,"minecraft:orange_wool":5,"minecraft:brewing_stand":1,"minecraft:spruce_trapdoor":296,"minecraft:lime_banner":1,"minecraft:budding_amethyst":2,"travelersbackpack:sponge":7,"sophisticatedstorage:storage_link":11,"regions_unexplored:purple_coneflower":31,"minecraft:polished_blackstone_brick_slab":7,"minecraft:frosted_ice":16,"mcwfences:railing_stone_brick_wall":20,"minecolonies:blockconstructiontape":71,"regions_unexplored:glister_spire":5,"iceandfire:dragon_bone_wall":1,"regions_unexplored:purple_lupine":1,"regions_unexplored:mossy_stone":1,"minecraft:red_tulip":24,"sophisticatedstorage:chest":6,"mcwfences:modern_stone_brick_wall":31,"minecraft:iron_bars":2,"minecraft:potted_cornflower":1,"minecraft:spruce_slab":1,"minecraft:deepslate_redstone_ore":568,"untamedwilds:flora_water_hyacinth":31,"minecraft:orange_terracotta":7255,"minecraft:light_gray_terracotta":434,"mcwbridges:stone_brick_bridge":4,"regions_unexplored:green_bioshroom_block":38,"iceandfire:fire_lily":3,"minecraft:wither_skeleton_wall_skull":1,"minecraft:nether_quartz_ore":38,"minecraft:oak_planks":76,"regions_unexplored:bamboo_log":18,"mcwfences:railing_blackstone_wall":8,"minecraft:light_blue_banner":1,"minecraft:wall_torch":22,"regions_unexplored:mallow":1,"regions_unexplored:socotra_log":57,"minecraft:dark_oak_slab":21,"regions_unexplored:silt_coarse_dirt":14,"minecraft:tnt":9,"minecraft:smooth_stone_slab":5,"regions_unexplored:glistering_bloom":1,"minecraft:oak_log":385,"minecraft:dirt":15229,"mmorpg:station/enchanting":1,"minecraft:ancient_debris":1,"minecraft:cyan_candle":25,"minecraft:crying_obsidian":12,"regions_unexplored:barley":2,"minecraft:yellow_wall_banner":27,"minecolonies:blockhuttownhall":1,"minecraft:dark_oak_leaves":12,"regions_unexplored:pink_lupine":1,"minecraft:ladder":18,"untamedwilds:flora_zimbabwe_aloe":1,"regions_unexplored:glistering_fern":1,"regions_unexplored:aster":2,"travelersbackpack:white_sleeping_bag":5,"minecraft:birch_slab":2,"minecraft:acacia_slab":1,"domum_ornamentum:vanilla_trapdoors_compat":9,"minecraft:cracked_nether_bricks":6,"minecraft:hay_block":63,"untamedwilds:flora_yarrow":2,"minecraft:light_blue_wall_banner":1,"minecraft:raw_gold_block":3,"minecraft:gold_block":9,"minecraft:nether_brick_fence":4,"minecraft:bookshelf":235,"minecraft:deepslate_iron_ore":117,"minecraft:shroomlight":1,"regions_unexplored:orange_maple_leaf_pile":38,"minecraft:jungle_fence_gate":21,"regions_unexplored:brimsprout_nylium":67,"minecraft:acacia_leaves":5,"minecolonies:blockminecoloniesgrave":4,"regions_unexplored:brimwood_log":5,"minecraft:stripped_dark_oak_log":39,"minecraft:warped_fence":1,"travelersbackpack:standard":102,"minecraft:oak_fence":21,"minecraft:honey_block":2,"minecraft:lime_carpet":2,"minecraft:deepslate_coal_ore":7,"regions_unexplored:daisy":45,"mcwroofs:blackstone_top_roof":6,"minecraft:sea_pickle":3,"minecraft:black_wall_banner":1,"iceandfire:pixie_house_mushroom_red":2,"minecraft:mangrove_planks":1,"minecraft:bee_nest":3,"regions_unexplored:dark_oak_shrub":1,"minecraft:cocoa":1,"travelersbackpack:cow":29,"minecraft:cyan_carpet":271,"mmorpg:station/cooking":2,"regions_unexplored:green_bioshroom_stem":2,"minecraft:cracked_stone_bricks":1,"minecraft:jungle_wall_sign":1,"minecraft:dark_oak_planks":57,"minecraft:dark_prismarine_stairs":11,"minecraft:cherry_log":96,"minecraft:jungle_leaves":5,"travelersbackpack:blaze":19,"regions_unexplored:magnolia_log":13,"minecraft:obsidian":85,"minecraft:carved_pumpkin":13,"minecraft:red_sand":2955,"minecraft:stone_brick_wall":2,"mcwfences:spruce_wired_fence":90,"minecraft:yellow_carpet":2,"minecraft:jungle_log":1940,"iceandfire:pixie_house_oak":2,"minecraft:coal_block":12,"sophisticatedstorage:controller":3,"minecraft:hopper":113,"minecraft:oxeye_daisy":7,"minecraft:chiseled_stone_bricks":65,"minecraft:tall_seagrass":54,"minecraft:moss_carpet":2,"minecraft:pumpkin":21,"minecraft:enchanting_table":2,"minecraft:dirt_path":287,"minecraft:oak_stairs":40,"minecraft:blue_orchid":2,"regions_unexplored:silt_grass_block":34,"regions_unexplored:dead_steppe_shrub":15,"minecraft:red_bed":36,"minecraft:amethyst_cluster":65,"minecraft:soul_fire":31,"iceandfire:podium_acacia":1,"minecraft:blast_furnace":1,"minecraft:polished_andesite_stairs":2,"minecraft:cyan_bed":2,"regions_unexplored:meadow_sage":1,"minecraft:damaged_anvil":1,"regions_unexplored:tsubaki":6,"minecraft:skeleton_skull":6,"minecraft:cyan_wool":4,"minecraft:wheat":1596,"minecraft:black_bed":4,"minecraft:stone_brick_stairs":294,"regions_unexplored:eucalyptus_log":71,"minecraft:oak_fence_gate":2,"minecraft:loom":1,"regions_unexplored:clover":4,"untamedwilds:flora_canola":8,"domum_ornamentum:architectscutter":3,"minecraft:stonecutter":21,"minecraft:piston":16,"minecraft:yellow_terracotta":1668,"regions_unexplored:fireweed":69,"iceandfire:silver_ore":11,"mcwfences:stone_grass_topped_wall":115,"mmorpg:teleporter":1,"minecraft:stripped_birch_log":1,"minecraft:nether_bricks":158,"minecraft:allium":14,"minecraft:jungle_planks":25,"minecolonies:barrel_block":1,"minecraft:moss_block":1,"mcwfences:blackstone_grass_topped_wall":124,"minecraft:kelp":9,"minecraft:red_sandstone":1,"domum_ornamentum:shingle_slab":17,"mmorpg:station/salvaging":4,"minecraft:potatoes":525,"regions_unexplored:red_maple_leaves":3,"mcwbridges:blackstone_bridge_pier":38,"minecraft:bamboo":22,"regions_unexplored:windswept_grass":14,"minecraft:white_wool":18,"minecraft:brain_coral":1,"travelersbackpack:spider":7,"minecraft:smithing_table":3,"regions_unexplored:brimwood_shrub":1,"minecraft:light_gray_carpet":2,"regions_unexplored:pink_bioshroom":6,"travelersbackpack:nether":3,"minecraft:stone_brick_slab":418,"mcwbridges:balustrade_stone_bricks_bridge":9,"corail_recycler:recycler":7,"minecraft:sponge":5,"minecolonies:blockhutguardtower":3,"minecraft:white_carpet":3,"minecraft:spruce_log":378,"minecraft:jungle_fence":138,"regions_unexplored:sandy_grass":1,"regions_unexplored:viridescent_nylium":73,"regions_unexplored:tassel":2,"minecraft:waxed_cut_copper_slab":1,"minecraft:spruce_planks":37,"regions_unexplored:maple_log":12,"minecraft:jungle_slab":22,"minecraft:cobblestone_stairs":255,"regions_unexplored:pink_bioshroom_block":9,"minecraft:stripped_crimson_hyphae":2,"minecraft:grass_block":13933,"minecraft:gray_banner":1,"iceandfire:lectern":1,"minecraft:soul_soil":79,"regions_unexplored:elephant_ear":1,"regions_unexplored:blue_bioshroom_block":47,"minecraft:smooth_stone":2,"minecraft:glowstone":146,"minecraft:red_nether_brick_stairs":5,"minecraft:iron_ore":230,"minecraft:black_carpet":1,"minecraft:anvil":3,"minecraft:azure_bluet":4,"minecraft:dark_oak_stairs":114,"mcwbridges:bridge_torch":4,"minecraft:purple_carpet":2,"regions_unexplored:dorcel":1,"mmorpg:station/gear_crafting":1,"mcwroofs:blackstone_upper_lower_roof":2,"untamedwilds:anemone_rose_bulb":1,"minecraft:cyan_terracotta":3,"minecraft:blackstone":8,"minecraft:soul_lantern":6,"minecraft:clay":1,"domum_ornamentum:shingle":97,"minecraft:calcite":69,"minecraft:poppy":90,"iceandfire:ghost_chest":5,"minecraft:chest":407,"regions_unexplored:small_desert_shrub":20,"minecraft:mushroom_stem":3,"minecraft:cobblestone":344,"minecraft:birch_wood":2,"minecraft:slime_block":1,"minecraft:grindstone":3,"minecraft:iron_door":1,"minecraft:deepslate_copper_ore":8,"minecraft:pink_petals":77,"minecraft:seagrass":68,"domum_ornamentum:plain":36,"minecraft:birch_log":8,"minecraft:orange_tulip":36,"regions_unexplored:steppe_grass":16,"minecraft:diorite_wall":7,"minecraft:sand":1495,"minecraft:netherrack":165,"regions_unexplored:glistering_nylium":85,"minecraft:oak_leaves":417,"minecraft:redstone_lamp":33,"iceandfire:lightning_lily":4,"alexscaves:spelunkery_table":1,"regions_unexplored:green_bioshroom":2,"minecraft:tuff":83,"minecraft:deepslate_diamond_ore":163,"minecraft:sandstone":459,"minecraft:large_fern":1,"regions_unexplored:brimwood_log_magma":3,"minecraft:furnace":10,"minecraft:carrots":276,"minecraft:chiseled_sandstone":20,"regions_unexplored:waratah":4,"minecraft:black_concrete":3,"minecraft:stripped_jungle_log":5,"minecraft:packed_ice":744,"regions_unexplored:medium_grass":89,"minecraft:white_tulip":21,"minecraft:stone":20402,"minecraft:podzol":4,"regions_unexplored:glowing_green_bioshroom_block":4,"minecraft:flowering_azalea":1,"minecraft:red_wool":2,"regions_unexplored:silver_birch_leaf_pile":1,"minecraft:red_banner":1,"minecraft:crafting_table":24,"minecraft:blackstone_slab":10,"minecraft:oak_wood":2,"minecraft:rose_bush":8,"minecraft:sculk_sensor":1,"minecraft:lapis_ore":19,"minecraft:spruce_stairs":21,"minecraft:cactus":19,"untamedwilds:block_burrow":7,"minecraft:gray_bed":1,"regions_unexplored:red_maple_leaf_pile":50,"minecraft:potted_azure_bluet":1,"minecraft:coal_ore":868,"untamedwilds:flora_titan_arum":1,"minecraft:terracotta":5029,"minecraft:polished_andesite":2,"regions_unexplored:glistering_ivy_plant":5},"minecraft:broken":{"minecraft:shears":1,"minecraft:iron_leggings":1,"minecraft:chainmail_leggings":1,"minecraft:stone_hoe":3,"minecraft:shield":2,"minecraft:iron_pickaxe":3,"minecraft:iron_shovel":6,"minecraft:stone_pickaxe":4,"minecraft:stone_axe":17,"minecraft:stone_shovel":17,"minecraft:iron_boots":1,"minecraft:iron_sword":1,"minecraft:iron_axe":6,"minecraft:chainmail_chestplate":2,"minecraft:wooden_axe":29},"minecraft:custom":{"minecraft:dexterity":15,"minecraft:interact_with_crafting_table":686,"minecraft:damage_blocked_by_shield":7098,"minecraft:play_time":8022078,"minecraft:deaths":6,"minecraft:jump":75725,"minecraft:intelligence":70,"minecraft:interact_with_cartography_table":1,"minecraft:interact_with_smoker":5,"minecraft:interact_with_anvil":35,"minecraft:inspect_hopper":25,"minecraft:move_speed":0,"minecraft:tune_noteblock":1,"minecraft:time_since_rest":1957,"minecraft:swim_one_cm":1362434,"minecraft:open_chest":7043,"minecraft:blood":0,"minecraft:health":940,"minecraft:play_noteblock":12,"minecraft:talked_to_villager":11,"minecraft:interact_with_brewingstand":2,"minecraft:levels_gained":50,"minecraft:damage_dealt_resisted":127446,"minecraft:boat_one_cm":2169259,"minecraft:damage_taken":69102,"minecraft:strength":50,"minecraft:open_barrel":666,"minecraft:eat_cake_slice":5,"minecraft:leave_game":77,"minecraft:time_since_death":2062368,"minecraft:enchant_item":53,"minecraft:interact_with_furnace":169,"minecraft:traded_with_villager":5,"minecraft:sleep_in_bed":588,"minecraft:waystone_activated":10,"minecraft:damage_dealt":194795,"minecraft:interact_with_smithing_table":17,"minecraft:mana":2356,"minecraft:magic_shield":362,"minecraft:sneak_time":251411,"minecraft:interact_with_blast_furnace":13,"minecraft:total_world_time":8022078,"minecraft:interact_with_stonecutter":135,"minecraft:fly_one_cm":16890165,"minecraft:fish_caught":78,"minecraft:fall_one_cm":1301524,"minecraft:animals_bred":176,"minecraft:sprint_one_cm":17996675,"minecraft:drop":2818,"minecraft:energy":690,"minecraft:walk_on_water_one_cm":693770,"minecraft:interact_with_loom":9,"minecraft:open_enderchest":1,"minecraft:crouch_one_cm":782391,"minecraft:mob_kills":8914,"minecraft:climb_one_cm":82843,"minecraft:walk_one_cm":23989364,"minecraft:walk_under_water_one_cm":750466,"minecraft:interact_with_grindstone":32,"minecraft:damage_absorbed":8505,"minecraft:trigger_trapped_chest":11},"minecraft:crafted":{"minecraft:black_dye":8,"magistuarmory:steel_zweihander":6,"mcwfences:spruce_wired_fence":303,"mmorpg:gems/garnet/1":3,"travelersbackpack:crafting_upgrade":2,"mmorpg:enchanting_station":1,"minecraft:chain":9,"mcwfences:stone_grass_topped_wall":192,"minecraft:diamond_shovel":7,"sophisticatedstorage:stack_upgrade_tier_4":5,"minecraft:iron_door":3,"minecolonies:blockhutplantation":1,"minecraft:redstone_lamp":14,"minecolonies:blockhutblacksmith":1,"minecraft:jungle_boat":1,"minecraft:smithing_table":3,"minecraft:cartography_table":1,"minecraft:stone_brick_stairs":34,"minecraft:lectern":1,"minecraft:wooden_hoe":1,"naturescompass:naturescompass":1,"minecraft:stone_slab":12,"minecraft:iron_pickaxe":2,"minecraft:composter":1,"magistuarmory:rusted_bastardsword":1,"minecraft:jungle_sign":36,"regions_unexplored:blackwood_planks":16,"minecraft:iron_nugget":81,"minecraft:diamond_hoe":3,"mcwbridges:stone_brick_bridge_stair":4,"domum_ornamentum:architectscutter":1,"minecraft:jack_o_lantern":8,"mcwfences:deepslate_brick_grass_topped_wall":498,"domum_ornamentum:one_crossed_rl":96,"domum_ornamentum:cobblestone_extra":148,"travelersbackpack:blank_upgrade":4,"iceandfire:chain_sticky":3,"minecraft:lantern":3,"minecolonies:blockhutuniversity":1,"sophisticatedstorage:upgrade_base":8,"minecraft:polished_diorite":1,"mmorpg:gems/tourmaline/1":3,"minecraft:black_concrete_powder":16,"minecraft:stone_pickaxe":11,"domum_ornamentum:up_gated":16,"travelersbackpack:spider":1,"iceandfire:chain":3,"minecraft:light_gray_terracotta":8,"mmorpg:gems/topaz/2":1,"minecraft:enchanting_table":1,"minecraft:light_blue_wool":1,"mmorpg:gems/azurite/1":2,"mcwbridges:bridge_torch":18,"minecraft:dark_oak_button":30,"minecraft:red_carpet":3,"minecraft:orange_dye":10,"minecraft:oak_fence_gate":2,"sophisticatedstorage:storage_link":3,"minecraft:red_stained_glass":8,"mmorpg:gems/emerald/1":3,"minecraft:black_stained_glass_pane":8,"minecraft:iron_shovel":7,"mmorpg:salvaging_station":2,"sophisticatedstorage:controller":3,"mmorpg:gems/opal/1":5,"minecraft:grindstone":3,"mmorpg:gems/opal/2":1,"minecraft:cobblestone_slab":62,"minecraft:barrel":41,"magistuarmory:steel_flamebladedsword":3,"domum_ornamentum:squarepillar":23,"sophisticatedstorage:gold_chest":6,"travelersbackpack:hose_nozzle":1,"minecraft:lightning_rod":1,"domum_ornamentum:brown_brick_extra":24,"minecraft:stone":13,"mmorpg:gems/sapphire/2":1,"minecraft:heavy_weighted_pressure_plate":1,"minecraft:brown_carpet":3,"minecraft:cake":1,"mmorpg:socket_extractor":1,"minecraft:stone_brick_slab":66,"minecraft:bow":2,"mmorpg:gems/emerald/2":1,"minecraft:comparator":6,"minecraft:chest":321,"corail_recycler:diamond_disk":5,"minecraft:copper_block":2,"corail_recycler:recycler":2,"minecraft:jungle_stairs":4,"minecraft:bricks":5,"minecraft:stone_bricks":2729,"minecraft:oak_fence":21,"minecraft:white_banner":3,"minecraft:cauldron":4,"sophisticatedstorage:storage_tool":1,"minecraft:brown_dye":14,"mcwfences:modern_stone_brick_wall":20,"minecraft:yellow_stained_glass":8,"minecraft:spruce_trapdoor":6,"minecraft:purple_dye":12,"minecraft:pink_wool":1,"minecraft:yellow_dye":12,"minecraft:gray_terracotta":8,"minecraft:stick":816,"minecolonies:blockhutcook":1,"mmorpg:gems/amethyst/2":1,"minecraft:iron_ingot":1370,"minecraft:andesite_stairs":1,"mmorpg:gear_crafting_station":1,"minecraft:black_bed":6,"travelersbackpack:cow":1,"minecraft:dark_oak_fence_gate":7,"domum_ornamentum:panel":32,"minecraft:oak_door":3,"minecraft:fishing_rod":7,"minecraft:leather_boots":1,"sophisticatedstorage:iron_chest":109,"minecraft:furnace":11,"minecraft:blast_furnace":2,"domum_ornamentum:vanilla_trapdoors_compat":10,"minecolonies:blockhutbuilder":1,"minecraft:flint_and_steel":3,"minecraft:scaffolding":12,"mmorpg:gems/tourmaline/2":1,"mmorpg:alchemy_station":1,"mmorpg:gems/topaz/1":3,"travelersbackpack:diamond_tier_upgrade":1,"paraglider:paraglider":2,"travelersbackpack:backpack_tank":40,"minecolonies:questlog":1,"minecraft:black_banner":6,"minecolonies:blockhutminer":1,"minecraft:jungle_planks":3436,"domum_ornamentum:shingle_slab":104,"travelersbackpack:squid":1,"sophisticatedstorage:chest":99,"minecraft:jungle_door":6,"minecraft:white_dye":17,"minecraft:black_carpet":12,"minecraft:anvil":7,"minecraft:stonecutter":1,"minecraft:torch":692,"minecraft:smooth_stone":5,"domum_ornamentum:plain":628,"minecraft:jungle_fence_gate":21,"minecraft:cut_sandstone":4,"minecraft:dark_oak_pressure_plate":5,"minecraft:orange_carpet":3,"mmorpg:gems/garnet/2":1,"minecraft:dark_oak_wood":63,"minecraft:loom":1,"minecraft:lever":8,"sophisticatedstorage:stack_upgrade_tier_1":8,"minecraft:bookshelf":20,"travelersbackpack:bat":7,"sophisticatedstorage:stack_upgrade_tier_3":5,"minecraft:iron_bars":160,"minecraft:glass":339,"minecraft:repeater":17,"structurize:sceptergold":3,"domum_ornamentum:red_brick_extra":32,"domum_ornamentum:blockbarreldeco_onside":18,"minecolonies:resourcescroll":3,"minecraft:magenta_dye":3,"minecraft:gray_bed":4,"minecraft:flower_pot":15,"minecolonies:barrel_block":2,"torchmaster:megatorch":10,"minecraft:glass_bottle":72,"domum_ornamentum:double_crossed":132,"minecraft:diamond_axe":6,"travelersbackpack:standard":18,"torchmaster:dreadlamp":1,"minecraft:spruce_door":6,"minecraft:copper_ingot":179,"minecraft:hay_block":83,"minecraft:campfire":9,"corail_recycler:diamond_shard":9,"minecraft:light_gray_bed":1,"minecolonies:blockhutfield":3,"minecraft:compass":1,"minecraft:iron_block":279,"minecraft:gold_ingot":260,"minecraft:light_gray_dye":9,"mcwbridges:stone_brick_bridge":4,"magistuarmory:antlers_decoration":5,"minecolonies:clipboard":2,"regions_unexplored:ash":1,"domum_ornamentum:wheat_extra":48,"minecraft:stone_shovel":18,"iceandfire:dragon_bone_wall":2,"minecraft:tinted_glass":96,"minecolonies:blockhutcitizen":2,"mmorpg:teleporter":1,"minecraft:bone_meal":4896,"minecraft:pink_dye":4,"minecraft:white_carpet":39,"minecolonies:blockhutfarmer":1,"sophisticatedstorage:copper_chest":70,"minecraft:diamond":147,"magistuarmory:steel_lucernhammer":4,"minecraft:dark_oak_fence":738,"travelersbackpack:white_sleeping_bag":22,"minecraft:ladder":18,"minecraft:spruce_slab":42,"minecraft:redstone_block":116,"minecraft:jungle_fence":192,"minecraft:dark_oak_planks":8440,"domum_ornamentum:framed":144,"minecraft:wheat":1008,"minecraft:coal_block":141,"minecolonies:blockhuttownhall":2,"domum_ornamentum:brick_extra":156,"domum_ornamentum:one_crossed_lr":80,"minecraft:polished_granite":1,"regions_unexplored:blackwood_boat":1,"minecraft:jungle_slab":72,"domum_ornamentum:paper_extra":116,"domum_ornamentum:shingle":948,"minecraft:andesite_slab":12,"minecraft:oak_stairs":336,"minecraft:wooden_axe":29,"minecraft:white_bed":6,"minecolonies:blockminecoloniesrack":11,"minecraft:oak_planks":800,"sophisticatedstorage:stack_upgrade_tier_1_plus":1,"minecolonies:blockhuthospital":1,"sophisticatedstorage:barrel":1,"minecraft:cobblestone_stairs":103,"mmorpg:gems/ruby/2":1,"minecraft:green_dye":4,"minecraft:dark_oak_door":36,"minecraft:hopper":100,"mmorpg:cooking_station":1,"mmorpg:tp_back":4,"mmorpg:gems/ruby/1":3,"minecraft:stone_hoe":7,"mcwtrpdoors:jungle_ranch_trapdoor":8,"minecraft:smoker":1,"sophisticatedstorage:diamond_chest":2,"minecraft:oak_slab":102,"minecraft:item_frame":67,"travelersbackpack:iron_tier_upgrade":2,"minecraft:map":1,"minecraft:crafting_table":33,"minecraft:spruce_planks":128,"minecraft:wooden_pickaxe":1,"minecraft:baked_potato":64,"mmorpg:keys/1":1,"minecraft:gold_block":131,"domum_ornamentum:green_brick_extra":24,"minecraft:birch_planks":8,"minecolonies:blockhutenchanter":1,"minecraft:dark_oak_slab":510,"minecraft:diamond_pickaxe":9,"mmorpg:gems/amethyst/1":3,"minecraft:paper":414,"minecraft:emerald_block":29,"minecraft:shield":1,"minecraft:light_blue_dye":6,"mcwroofs:red_nether_bricks_upper_steep_roof":10,"minecraft:stone_sword":2,"minecraft:gray_carpet":12,"minecraft:redstone_torch":153,"minecolonies:build_goggles":1,"minecraft:shears":6,"minecraft:polished_andesite":14,"minecraft:coarse_dirt":252,"minecraft:wooden_sword":1,"minecraft:coal":360,"minecraft:stone_button":22,"minecraft:dark_oak_trapdoor":78,"minecraft:jungle_trapdoor":36,"minecraft:gray_dye":2,"minecraft:dark_oak_sign":15,"alexscaves:cave_map":2,"minecraft:diamond_block":85,"minecraft:glass_pane":80,"minecraft:blue_ice":64,"minecolonies:blockhutguardtower":2,"minecraft:iron_axe":8,"minecraft:lime_dye":6,"minecolonies:blockhutdeliveryman":1,"minecraft:chiseled_sandstone":1,"regions_unexplored:eucalyptus_sapling":14,"minecraft:cooked_beef":9,"minecolonies:blockhutlibrary":1,"minecraft:sugar":2,"minecraft:red_dye":24,"minecraft:bone_block":448,"minecraft:diamond_sword":243,"minecolonies:blockhutsmeltery":1,"minecraft:cyan_dye":12,"minecraft:dark_oak_stairs":1912,"mcwwindows:stone_brick_arrow_slit":3,"minecraft:yellow_carpet":3,"minecraft:bucket":7,"minecraft:stone_axe":20,"minecraft:air":0,"minecraft:bread":269,"minecraft:blue_dye":14,"domum_ornamentum:blockbarreldeco_standing":38,"minecraft:oak_boat":1,"minecraft:magenta_terracotta":8,"minecolonies:blockwaypoint":16,"minecraft:white_wool":67,"minecraft:raw_gold":9,"minecolonies:blockhutwarehouse":1,"sophisticatedstorage:stack_upgrade_tier_2":5,"mmorpg:gems/sapphire/1":3,"minecraft:lapis_block":43},"minecraft:killed_by":{"minecolonies:drownedchiefpirate":1,"minecolonies:drownedarcherpirate":1},"minecraft:picked_up":{"minecraft:smithing_table":3,"minecraft:lead":34,"minecraft:stone_slab":5,"regions_unexplored:silt_dirt":35,"regions_unexplored:glistering_sprout":35,"minecraft:enchanted_book":94,"mmorpg:gems/sapphire/1":2,"magistuarmory:steel_lucernhammer":30,"minecraft:music_disc_cat":9,"minecraft:string":513,"minecraft:beetroot_soup":1,"minecraft:orange_glazed_terracotta":2,"minecraft:pufferfish":44,"minecraft:shroomlight":4,"mmorpg:jewel/dex":21,"minecraft:diamond_leggings":21,"mmorpg:map":277,"mcwbridges:stone_brick_bridge_stair":7,"regions_unexplored:larch_log":26,"mcwbridges:bridge_torch":16,"mmorpg:material/fishing/0":157,"mmorpg:currency/socket_adder":44,"minecraft:polished_blackstone_brick_slab":39,"mmorpg:gems/emerald/0":26,"minecraft:jukebox":4,"minecraft:acacia_log":22,"iceandfire:silver_ore":12,"minecraft:lightning_rod":1,"mmorpg:jewelry/necklace/iron":53,"mmorpg:gems/opal/1":3,"magistuarmory:rustedcrusader_chestplate":1,"minecraft:golden_chestplate":15,"regions_unexplored:socotra_log":114,"minecraft:brown_carpet":6,"minecraft:yellow_banner":75,"iceandfire:lightning_lily":5,"minecraft:stone_sword":12,"minecraft:honey_bottle":10,"regions_unexplored:green_bioshroom":37,"mmorpg:gems/ruby/2":1,"minecraft:red_tulip":78,"minecraft:carved_pumpkin":13,"minecolonies:pirate_legs":1,"minecraft:glowstone":189,"minecraft:bookshelf":198,"minecraft:white_terracotta":997,"minecraft:blaze_rod":31,"mmorpg:rare_mats/farming/greater":27,"mmorpg:runes/eno":7,"minecraft:iron_bars":2,"minecraft:snowball":1,"minecraft:sponge":5,"travelersbackpack:iron_golem":1,"minecraft:feather":34,"minecraft:cooked_beef":18,"minecraft:water_bucket":4,"minecraft:brown_wool":84,"mmorpg:chest/common_gear":20,"minecraft:flint":98,"travelersbackpack:gold_tier_upgrade":9,"regions_unexplored:blackwood_boat":3,"minecraft:magenta_terracotta":7,"mmorpg:seafood/lesser_exp":2,"untamedwilds:flora_junegrass":3,"mmorpg:tp_back":2,"mmorpg:gems/garnet/1":6,"mcwroofs:stone_bricks_roof":25,"mcwfences:blackstone_grass_topped_wall":115,"minecraft:stonecutter":22,"sophisticatedstorage:chest":4,"minecraft:dark_oak_sign":5,"minecraft:diamond_helmet":8,"minecraft:honeycomb":9,"regions_unexplored:bamboo_log":72,"iceandfire:dragon_skull_fire":2,"mmorpg:rare_mats/mining/medium":14,"mmorpg:runes/har":7,"domum_ornamentum:shingle_slab":17,"regions_unexplored:pink_lupine":1,"regions_unexplored:glister_bulb":7,"minecraft:polished_andesite":2,"regions_unexplored:acacia_shrub":2,"minecraft:deepslate":2131,"iceandfire:lectern":1,"mmorpg:gems/ruby/0":29,"minecraft:lever":1,"mmorpg:runes/wir":1,"regions_unexplored:clover":16,"minecraft:granite":785,"minecraft:golden_horse_armor":21,"minecraft:blue_banner":4,"minecraft:deepslate_coal_ore":6,"mmorpg:skill_gems/aura/int":154,"minecraft:diamond_pickaxe":29,"iceandfire:dragon_skull_lightning":5,"minecraft:bee_nest":7,"mmorpg:gems/topaz/1":5,"mmorpg:stone/3":1,"minecolonies:blockhuttownhall":4,"regions_unexplored:overgrown_bone_block":1,"minecraft:clay_ball":9,"minecraft:leather_leggings":10,"minecraft:redstone_lamp":89,"mmorpg:skill_gems/aura/str":103,"untamedwilds:flora_canola":24,"regions_unexplored:blue_bioshroom":134,"minecraft:cornflower":28,"minecolonies:pirate_cap":1,"minecraft:flint_and_steel":16,"minecraft:white_carpet":13,"minecraft:iron_shovel":1,"minecraft:glass_pane":31,"travelersbackpack:redstone":7,"minecraft:netherite_sword":3,"minecraft:jungle_sapling":1046,"mmorpg:salvaging_station":4,"minecraft:poppy":211,"minecraft:spruce_slab":3,"untamedwilds:material_pearl":1,"minecraft:birch_sapling":172,"minecraft:piston":32,"minecraft:diamond_hoe":2,"minecraft:copper_ore":241,"mmorpg:skill_gems/support/dex":93,"mmorpg:material/mining/0":2,"minecraft:stone":14430,"minecraft:raw_gold_block":3,"minecraft:music_disc_mellohi":1,"minecraft:fire_charge":27,"minecraft:white_dye":5,"minecraft:jungle_fence_gate":21,"minecraft:jungle_sign":19,"regions_unexplored:purple_coneflower":71,"domum_ornamentum:vanilla_trapdoors_compat":9,"untamedwilds:egg_snake":6,"minecraft:stone_shovel":3,"minecraft:diamond_chestplate":10,"regions_unexplored:mauve_sapling":76,"minecraft:hay_block":336,"minecraft:yellow_terracotta":3024,"minecraft:mutton":44,"minecraft:rail":70,"minecraft:bone_block":1433,"minecraft:oxeye_daisy":17,"mmorpg:rare_mats/husbandry/lesser":2,"iceandfire:sea_serpent_fang":19,"minecraft:tripwire_hook":40,"minecraft:blackstone_slab":20,"minecraft:jungle_fence":136,"minecraft:lily_pad":2,"magistuarmory:chainmail_horse_armor":11,"minecraft:paper":53,"minecraft:spawner":129,"untamedwilds:spawn_tortoise":6,"domum_ornamentum:double_crossed":26,"regions_unexplored:aster":5,"minecraft:light_blue_banner":1,"minecraft:apple":668,"regions_unexplored:glistering_ivy":64,"minecraft:yellow_stained_glass":7,"minecraft:spore_blossom":1,"minecraft:oak_fence_gate":2,"minecraft:stone_pickaxe":2,"minecraft:iron_ore":113,"regions_unexplored:larch_sapling":10,"minecraft:gray_bed":1,"travelersbackpack:blank_upgrade":4,"minecraft:dark_oak_stairs":106,"minecraft:polished_andesite_stairs":8,"minecraft:smooth_basalt":24,"minecraft:milk_bucket":1,"minecraft:red_wool":59,"minecraft:cracked_nether_bricks":6,"mmorpg:stat_soul":92,"mcwfences:railing_blackstone_wall":37,"minecraft:crying_obsidian":20,"mmorpg:weapon/staff/iron":16,"minecraft:leather_helmet":8,"travelersbackpack:standard":105,"minecraft:oak_wood":2,"minecraft:diamond_shovel":17,"minecraft:coal_ore":441,"mmorpg:gems/tourmaline/1":4,"minecraft:slime_ball":3,"regions_unexplored:fireweed":198,"minecraft:rib_armor_trim_smithing_template":1,"regions_unexplored:tall_green_bioshroom":1,"mmorpg:jewelry/necklace/gold":9,"minecraft:deepslate_redstone_ore":330,"mmorpg:stone/1":39,"minecraft:polished_blackstone_brick_wall":115,"minecraft:baked_potato":484,"minecraft:hopper":102,"minecraft:ender_chest":1,"minecolonies:spear":1,"minecraft:black_carpet":1,"mmorpg:material/farming/0":74,"mmorpg:material/farming/1":114,"travelersbackpack:bat":3,"minecraft:nether_brick_fence":2,"minecraft:yellow_wool":49,"alexscaves:cave_tablet":4,"regions_unexplored:brimsprout":30,"enemyexpansion:wasp_thorax":4,"untamedwilds:flora_hemlock":3,"minecolonies:barrel_block":1,"minecraft:stone_brick_stairs":447,"travelersbackpack:spider":31,"mmorpg:skill_gems/aura/dex":111,"minecraft:waxed_cut_copper_slab":1,"domum_ornamentum:shingle":97,"minecraft:deepslate_lapis_ore":45,"minecraft:experience_bottle":114,"iceandfire:sea_serpent_scales_bronze":12,"travelersbackpack:blaze":23,"minecraft:red_sand":3464,"minecraft:smooth_stone":15,"minecraft:bucket":14,"minecraft:eye_armor_trim_smithing_template":4,"mcwbridges:nether_bricks_bridge_pier":22,"minecraft:red_dye":2,"minecraft:white_tulip":60,"minecraft:rose_bush":32,"minecraft:cobblestone_slab":45,"domum_ornamentum:plain":94,"minecraft:iron_pickaxe":3,"minecraft:smooth_quartz":40,"regions_unexplored:blackwood_log":797,"minecraft:deepslate_iron_ore":124,"minecraft:blue_wool":39,"minecraft:tipped_arrow":2,"minecolonies:supplychestdeployer":1,"iceandfire:ghost_chest":5,"minecraft:spruce_stairs":17,"travelersbackpack:diamond_tier_upgrade":2,"iceandfire:rotten_egg":2,"minecraft:diorite":812,"minecraft:vine":78,"regions_unexplored:daisy":134,"iceandfire:dragon_bone_wall":1,"minecolonies:blockhutcitizen":2,"minecraft:rotten_flesh":3064,"regions_unexplored:tsubaki":10,"regions_unexplored:mauve_log":66,"minecraft:deepslate_copper_ore":6,"minecraft:obsidian":110,"minecraft:blaze_powder":2,"minecraft:cobblestone":17852,"minecraft:enchanting_table":4,"minecraft:pink_petals":197,"minecraft:leather_chestplate":11,"minecraft:lilac":14,"mmorpg:rare_mats/fishing/medium":62,"minecraft:repeater":36,"minecraft:orange_carpet":2,"minecraft:andesite":1196,"minecraft:black_bed":3,"minecraft:golden_leggings":2,"mcwbridges:blackstone_bridge_pier":54,"mmorpg:gems/azurite/0":20,"minecraft:potato":2225,"travelersbackpack:magma_cube":4,"minecraft:dirt":29377,"minecraft:name_tag":17,"travelersbackpack:hose_nozzle":1,"minecraft:glass":655,"minecraft:bone":9783,"mmorpg:harvest/green_gem":52,"minecraft:bow":206,"minecraft:wheat_seeds":5903,"minecraft:orange_tulip":106,"minecraft:birch_wood":2,"minecraft:grindstone":3,"minecraft:mossy_stone_bricks":21,"minecraft:bamboo":296,"minecraft:diorite_wall":7,"minecraft:melon":25,"minecraft:nether_brick_stairs":4,"minecraft:spectral_arrow":1,"minecraft:grass_block":3370,"minecraft:diamond_block":2,"mmorpg:jewelry/ring/gold":4,"minecraft:jungle_slab":20,"mcwfences:deepslate_brick_grass_topped_wall":250,"minecraft:mossy_cobblestone":83,"minecraft:light_gray_terracotta":766,"mcwroofs:nether_bricks_top_roof":2,"minecraft:sugar":9,"minecraft:slime_block":1,"minecraft:netherite_helmet":4,"minecraft:soul_lantern":12,"waystones:waystone":15,"minecraft:crossbow":60,"minecraft:bone_meal":311,"minecraft:grass":55,"minecraft:golden_apple":107,"minecraft:emerald":77,"regions_unexplored:dark_oak_shrub":4,"minecraft:netherrack":209,"mmorpg:chest/uncommon_gear":19,"untamedwilds:flora_titan_arum_corm":3,"minecraft:oak_leaves":9,"corail_recycler:recycler":7,"mmorpg:stone/2":6,"minecraft:azure_bluet":5,"minecraft:ladder":43,"iceandfire:pixie_house_oak":2,"minecraft:rabbit_stew":1,"minecraft:packed_ice":719,"minecraft:brown_mushroom":7,"minecraft:pink_wool":7,"mmorpg:weapon/staff/diamond":1,"iceandfire:chain":2,"mmorpg:jewelry/ring/iron":66,"minecraft:stone_brick_wall":2,"minecraft:chain":1,"minecraft:shield":87,"minecraft:brick":339,"mmorpg:gems/topaz/2":1,"minecraft:moss_carpet":1,"minecraft:magenta_wool":7,"minecraft:blackstone":7,"minecraft:blue_orchid":2,"mcwroofs:blackstone_upper_lower_roof":4,"domum_ornamentum:one_crossed_rl":2,"sophisticatedstorage:iron_chest":8,"mcwfences:modern_stone_brick_wall":30,"minecraft:lime_wool":35,"iceandfire:troll_tusk":1,"mmorpg:material/mining/1":34,"minecraft:note_block":24,"minecraft:polished_blackstone_bricks":142,"magistuarmory:rustedkettlehat":5,"minecraft:cookie":1,"minecraft:trident":1,"minecraft:brown_dye":2,"minecraft:stone_pressure_plate":1,"travelersbackpack:sponge":8,"mmorpg:runes/cen":25,"minecraft:pumpkin_pie":6,"minecraft:nether_bricks":172,"minecraft:pink_tulip":2,"minecraft:black_banner":1,"mmorpg:alchemy_station":3,"minecraft:nether_brick_wall":9,"minecraft:skeleton_skull":25,"minecraft:jungle_boat":31,"minecraft:golden_carrot":102,"minecraft:leather":272,"minecraft:chainmail_chestplate":6,"mmorpg:currency/map_rarity_upgrade":52,"minecraft:gunpowder":301,"minecraft:orange_terracotta":11922,"minecraft:cooked_mutton":24,"minecraft:red_carpet":9,"mcwbridges:stone_brick_bridge":4,"minecraft:spruce_wood":10,"minecraft:iron_ingot":2471,"minecraft:cooked_chicken":16,"regions_unexplored:orange_maple_leaf_pile":144,"minecraft:black_candle":1,"minecraft:nether_quartz_ore":19,"minecraft:stone_brick_slab":937,"minecraft:quartz":106,"minecraft:dandelion":239,"minecraft:lava_bucket":6,"sophisticatedstorage:stack_upgrade_tier_1":1,"minecraft:amethyst_shard":378,"minecraft:red_banner":1,"travelersbackpack:wither":5,"minecraft:nether_brick_slab":23,"mmorpg:harvest/blue_gem":12,"minecolonies:clipboard":1,"mmorpg:rare_mats/husbandry/medium":2,"minecraft:pumpkin_seeds":68,"minecraft:sculk_sensor":1,"minecraft:gray_banner":1,"regions_unexplored:socotra_sapling":28,"magistuarmory:rusted_bastardsword":7,"regions_unexplored:blackwood_sapling":441,"minecraft:chainmail_leggings":4,"magistuarmory:rustedcrusader_boots":2,"minecraft:cherry_sapling":68,"minecraft:terracotta":9142,"minecraft:damaged_anvil":1,"minecraft:dark_oak_wood":108,"mmorpg:offhand/dodge/iron":65,"minecraft:sunflower":3,"minecolonies:supplycampdeployer":2,"regions_unexplored:hibiscus":3,"minecraft:seagrass":108,"minecraft:iron_chestplate":150,"minecraft:anvil":3,"minecraft:chainmail_boots":8,"mmorpg:cooking_station":2,"mmorpg:gems/sapphire/0":25,"minecraft:flower_pot":5,"minecraft:prismarine_shard":7,"regions_unexplored:magnolia_log":13,"minecraft:diamond_sword":873,"minecraft:oak_stairs":40,"mcwfences:stone_grass_topped_wall":145,"minecraft:wither_rose":16,"magistuarmory:barding":9,"regions_unexplored:palm_shrub":1,"minecraft:brewing_stand":3,"minecraft:golden_sword":10,"minecraft:amethyst_block":161,"iceandfire:manuscript":5,"minecraft:dark_oak_trapdoor":26,"minecraft:soul_soil":73,"minecraft:red_nether_bricks":589,"regions_unexplored:brimsprout_nylium":64,"minecraft:beetroot":5,"minecraft:gold_nugget":1289,"minecraft:cobbled_deepslate":2897,"mmorpg:gems/tourmaline/0":18,"minecraft:spruce_planks":47,"minecolonies:scepterguard":3,"mmorpg:gems/tourmaline/2":1,"minecraft:melon_slice":121,"minecraft:coal_block":220,"minecraft:enchanted_golden_apple":11,"mmorpg:gems/emerald/1":1,"mmorpg:gems/amethyst/2":4,"mmorpg:gems/amethyst/0":15,"mmorpg:runes/dos":17,"mmorpg:gems/opal/0":27,"minecraft:golden_helmet":4,"regions_unexplored:barrel_cactus":1,"minecraft:cherry_log":96,"sophisticatedstorage:controller":3,"minecraft:chiseled_nether_bricks":3,"minecraft:light_blue_wool":8,"minecraft:tropical_fish":36,"minecraft:iron_block":87,"minecraft:cyan_terracotta":3,"minecraft:netherite_chestplate":1,"minecraft:birch_log":377,"minecraft:magma_block":3,"minecraft:mossy_cobblestone_slab":2,"magistuarmory:rustedchainmail_boots":3,"minecraft:iron_door":2,"minecraft:birch_slab":2,"minecraft:jungle_log":10340,"minecraft:acacia_leaves":1,"minecraft:smoker":2,"regions_unexplored:dead_steppe_shrub":44,"regions_unexplored:viridescent_nylium":64,"minecraft:map":20,"mmorpg:currency/jewel_corrupt":33,"regions_unexplored:mallow":3,"minecraft:chipped_anvil":1,"mmorpg:material/meat/0":3,"minecraft:gray_terracotta":8,"regions_unexplored:brimwood_shrub":1,"mmorpg:gems/ruby/1":5,"regions_unexplored:pink_bioshroom":37,"minecraft:glowstone_dust":23,"minecraft:moss_block":1,"mmorpg:skill_gems/support/str":93,"mmorpg:material/fishing/1":282,"sophisticatedstorage:storage_link":11,"mmorpg:harvest/purple_gem":28,"iceandfire:shiny_scales":7,"minecraft:ink_sac":18,"minecraft:crimson_door":1,"minecolonies:chiefsword":2,"minecraft:loom":1,"minecraft:trapped_chest":1,"minecraft:dark_oak_log":9088,"minecraft:red_terracotta":1482,"minecraft:barrel":92,"mmorpg:gems/garnet/0":30,"regions_unexplored:hyssop":267,"mmorpg:rare_mats/mining/greater":17,"minecraft:writable_book":10,"minecraft:deepslate_gold_ore":72,"mmorpg:rare_mats/mining/lesser":19,"minecraft:chainmail_helmet":3,"minecraft:bread":325,"minecraft:dark_oak_fence":29,"minecraft:crafting_table":22,"minecraft:coarse_dirt":16,"minecraft:purple_wool":70,"iceandfire:witherbone":2367,"minecraft:nether_wart":303,"regions_unexplored:silt_coarse_dirt":14,"mcwroofs:blackstone_upper_steep_roof":44,"corail_recycler:diamond_disk":7,"mmorpg:gear_crafting_station":1,"domum_ornamentum:architectscutter":3,"magistuarmory:maximilian_helmet":4,"minecraft:jungle_trapdoor":104,"minecraft:red_bed":37,"minecraft:compass":2,"regions_unexplored:glistering_nylium":83,"minecraft:cracked_stone_bricks":1,"iceandfire:bestiary":1,"untamedwilds:flora_water_hyacinth_item":77,"minecraft:deepslate_diamond_ore":86,"minecraft:music_disc_otherside":2,"minecraft:beef":165,"regions_unexplored:maple_leaf_pile":75,"minecraft:cyan_wool":137,"minecraft:iron_nugget":128,"regions_unexplored:glister_spire":6,"minecraft:chest":428,"minecraft:egg":69,"mcwfences:spruce_wired_fence":70,"minecraft:sandstone":702,"travelersbackpack:cactus":11,"minecraft:spruce_fence":50,"structurize:sceptergold":11,"mmorpg:skill_gems/support/int":152,"minecraft:carrot":1153,"minecraft:redstone":2022,"minecraft:prismarine_crystals":18,"minecraft:blue_carpet":17,"untamedwilds:hide_white":3,"minecraft:tnt":37,"mcwroofs:blackstone_top_roof":15,"mmorpg:runes/fey":7,"untamedwilds:hide_beige":4,"minecraft:beetroot_seeds":11,"mmorpg:currency/affix_common_reroll":47,"minecraft:shears":5,"minecraft:diamond_boots":10,"magistuarmory:steel_zweihander":27,"mmorpg:currency/level_up_orb":34,"minecraft:gold_ingot":279,"minecraft:glow_berries":7,"minecraft:white_wool":230,"minecraft:lapis_ore":9,"magistuarmory:rustedhalfarmor_chestplate":1,"regions_unexplored:eucalyptus_log":128,"domum_ornamentum:blockbarreldeco_standing":8,"mcwfences:railing_stone_brick_wall":20,"minecraft:red_mushroom":6,"minecraft:filled_map":7,"waystones:sandy_waystone":1,"minecraft:oak_log":2786,"minecraft:ancient_debris":1,"minecraft:golden_boots":3,"minecraft:white_banner":17,"iceandfire:pixie_house_mushroom_red":2,"regions_unexplored:waratah":12,"minecraft:stone_bricks":1211,"minecraft:kelp":58,"mmorpg:currency/unique_reroll":5,"mmorpg:rare_mats/farming/lesser":13,"minecraft:cobweb":21,"regions_unexplored:brimwood_log":8,"minecraft:mangrove_planks":2,"minecraft:iron_sword":121,"minecraft:flowering_azalea":1,"minecraft:dark_oak_slab":154,"minecraft:spyglass":2,"minecraft:gravel":799,"minecraft:spruce_sapling":145,"minecraft:spruce_log":382,"minecraft:sea_lantern":3,"travelersbackpack:wolf":2,"minecraft:red_stained_glass":7,"minecraft:stone_axe":10,"mmorpg:runes/ano":11,"minecraft:redstone_ore":35,"minecraft:diamond_axe":7,"minecraft:gray_wool":188,"naturescompass:naturescompass":5,"minecraft:melon_seeds":12,"minecraft:stripped_dark_oak_log":39,"minecraft:ender_pearl":4,"mmorpg:currency/orb_of_quality":62,"minecraft:wheat":1018,"mmorpg:runes/toq":4,"domum_ornamentum:paper_extra":55,"minecraft:potion":2,"minecraft:raw_copper":2380,"minecraft:smooth_stone_slab":19,"minecraft:iron_leggings":145,"minecraft:zombie_head":25,"magistuarmory:demon_horns_decoration":4,"minecraft:oak_sign":1,"minecraft:sea_pickle":14,"untamedwilds:material_snake_skin":3,"minecraft:dark_oak_leaves":4,"minecraft:redstone_torch":7,"minecraft:calcite":89,"mmorpg:currency/chaos_orb":37,"mmorpg:runes/mos":20,"minecraft:iron_boots":141,"minecraft:furnace":9,"iceandfire:pixie_dust":12,"minecraft:stick":2890,"regions_unexplored:elephant_ear":1,"minecraft:brown_terracotta":1654,"minecraft:oak_fence":21,"mmorpg:rare_mats/fishing/greater":99,"minecraft:torch":524,"travelersbackpack:iron_tier_upgrade":2,"minecraft:porkchop":24,"travelersbackpack:crafting_upgrade":2,"minecolonies:questlog":1,"regions_unexplored:barley":2,"minecraft:cactus":181,"mcwtrpdoors:jungle_ranch_trapdoor":26,"mmorpg:enchanting_station":1,"minecolonies:build_goggles":1,"minecraft:green_wool":77,"mmorpg:runes/ita":21,"untamedwilds:flora_yarrow":6,"regions_unexplored:magnolia_sapling":1,"minecraft:cod":77,"minecraft:nautilus_shell":4,"minecraft:magma_cream":5,"mcwwindows:stone_brick_arrow_slit":1,"paraglider:spirit_orb":42,"minecraft:tuff":172,"minecraft:wither_skeleton_skull":321,"minecolonies:blockhutbarracks":1,"minecraft:lapis_lazuli":679,"minecolonies:blockminecoloniesrack":12,"minecraft:polished_granite":1,"minecraft:leather_boots":10,"mmorpg:gems/azurite/1":8,"mcwbridges:balustrade_stone_bricks_bridge":9,"minecraft:raw_gold":221,"minecraft:cyan_candle":70,"minecraft:powered_rail":6,"domum_ornamentum:one_crossed_lr":2,"minecraft:oak_planks":184,"minecraft:brain_coral":1,"minecraft:black_terracotta":2,"minecraft:cooked_porkchop":22,"minecraft:music_disc_13":11,"travelersbackpack:squid":25,"minecraft:poisonous_potato":3,"iceandfire:pixie_house_birch":5,"torchmaster:megatorch":2,"minecraft:jungle_planks":484,"minecraft:sand":3020,"minecraft:dead_bush":39,"minecraft:lily_of_the_valley":30,"minecraft:cyan_bed":2,"minecraft:chiseled_sandstone":39,"minecraft:orange_wool":88,"minecraft:dark_prismarine":770,"mmorpg:jewel/int":22,"regions_unexplored:glistering_bloom":2,"mmorpg:rare_mats/fishing/lesser":80,"minecraft:diamond":396,"minecraft:black_concrete":3,"magistuarmory:corruptedroundshield":2,"travelersbackpack:nether":6,"minecraft:oak_sapling":1788,"minecraft:fishing_rod":21,"minecraft:cocoa_beans":672,"mmorpg:gems/topaz/0":14,"minecraft:allium":37,"minecraft:chicken":14,"minecolonies:scroll_buff":369,"minecraft:chest_minecart":3,"iceandfire:fire_lily":5,"minecraft:wooden_pickaxe":3,"minecraft:cooked_rabbit":2,"regions_unexplored:white_trillium":8,"minecraft:gold_block":12,"corail_recycler:diamond_shard":66,"minecraft:diamond_horse_armor":4,"regions_unexplored:red_maple_leaf_pile":145,"minecraft:iron_axe":7,"untamedwilds:food_bear_raw":2,"minecraft:wooden_sword":2,"minecraft:item_frame":175,"minecraft:cyan_carpet":360,"minecolonies:blockhutguardtower":6,"minecolonies:compost":24,"minecraft:dark_prismarine_stairs":11,"mmorpg:runes/xer":2,"regions_unexplored:mauve_shrub":1,"minecraft:oak_boat":6,"minecraft:player_head":130,"mmorpg:stone/0":540,"minecraft:light_gray_wool":59,"iceandfire:podium_acacia":1,"minecraft:tinted_glass":1,"minecraft:sugar_cane":1507,"mmorpg:offhand/tome/iron":64,"minecraft:spruce_trapdoor":315,"minecraft:dark_oak_sapling":1266,"minecraft:stripped_crimson_hyphae":1,"minecraft:raw_iron":478,"iceandfire:dragonbone":40,"regions_unexplored:silver_birch_leaf_pile":65,"untamedwilds:food_pachyderm_raw":3,"minecraft:copper_ingot":51,"minecraft:bowl":11,"minecraft:gray_dye":3,"regions_unexplored:blue_lupine":1,"mmorpg:currency/affix_tier_up_down":43,"minecolonies:blockwaypoint":1,"untamedwilds:anemone_rose_bulb":1,"magistuarmory:maximilian_chestplate":2,"mmorpg:jewel/str":19,"mmorpg:runes/nos":13,"minecraft:iron_horse_armor":18,"minecraft:dark_oak_planks":565,"iceandfire:silver_ingot":4,"minecraft:arrow":310,"iceandfire:sea_serpent_scales_purple":21,"minecolonies:resourcescroll":9,"regions_unexplored:enchanted_birch_leaf_pile":20,"regions_unexplored:maple_sapling":4,"mmorpg:jewelry/necklace/diamond":1,"mcwfences:modern_blackstone_wall":33,"regions_unexplored:eucalyptus_shrub":11,"alexscaves:spelunkery_table":1,"minecraft:saddle":38,"regions_unexplored:glistering_fern":3,"regions_unexplored:dorcel":1,"minecraft:air":0,"travelersbackpack:ghast":18,"mmorpg:rare_mats/husbandry/greater":5,"minecraft:salmon":32,"minecraft:cut_sandstone":132,"regions_unexplored:orange_maple_shrub":1,"iceandfire:ectoplasm":7,"minecraft:cobblestone_stairs":273,"regions_unexplored:tassel":12,"minecraft:podzol":4,"mmorpg:chest/rare_gear":1,"minecolonies:ancienttome":11,"minecraft:red_nether_brick_stairs":3,"travelersbackpack:cow":29,"magistuarmory:steel_flamebladedsword":14,"untamedwilds:material_fat":53,"minecraft:red_sandstone":1,"mmorpg:rare_mats/farming/medium":43,"minecraft:heart_of_the_sea":3,"minecraft:acacia_sapling":10,"minecraft:soul_sand":769,"minecraft:music_disc_chirp":2,"minecraft:green_dye":15,"minecraft:book":658,"minecraft:scaffolding":2,"minecraft:oak_slab":39,"regions_unexplored:eucalyptus_sapling":66,"minecraft:pumpkin":32,"minecraft:chiseled_stone_bricks":63,"untamedwilds:spawn_snake":1,"minecraft:blast_furnace":1,"mmorpg:weapon/staff/wood":191,"minecraft:white_bed":1,"minecraft:gold_ore":10,"minecraft:spider_eye":81,"minecraft:stripped_jungle_log":5,"minecraft:lime_banner":1,"magistuarmory:rustedchainmail_helmet":1,"minecraft:campfire":1,"minecraft:honey_block":1,"iceandfire:sea_serpent_scales_red":6,"minecraft:iron_helmet":160,"travelersbackpack:pumpkin":1,"regions_unexplored:maple_log":8,"minecraft:acacia_slab":1,"minecraft:black_wool":130,"mmorpg:gems/amethyst/1":5,"minecraft:coal":4575},"minecraft:dropped":{"naturescompass:naturescompass":2,"minecraft:iron_sword":21,"minecraft:lapis_lazuli":34,"mmorpg:skill_gems/support/str":10,"mmorpg:stone/0":188,"minecraft:glass_bottle":1,"minecraft:diamond":10,"mmorpg:runes/fey":1,"minecraft:crafting_table":1,"minecraft:cooked_porkchop":3,"minecraft:red_sandstone":1,"minecraft:black_bed":1,"travelersbackpack:iron_tier_upgrade":2,"minecraft:cracked_stone_bricks":1,"mcwfences:spruce_wired_fence":25,"minecraft:red_mushroom":1,"minecraft:gold_block":1,"minecraft:red_bed":1,"regions_unexplored:elephant_ear":1,"minecraft:dark_oak_fence":14,"minecolonies:spear":1,"minecraft:dark_oak_trapdoor":26,"minecraft:writable_book":5,"minecraft:gold_nugget":25,"minecraft:sand":1166,"mmorpg:harvest/blue_gem":4,"minecraft:dark_oak_planks":6,"minecraft:fishing_rod":7,"regions_unexplored:mauve_sapling":19,"regions_unexplored:eucalyptus_shrub":1,"magistuarmory:barding":2,"minecraft:stone_axe":9,"corail_recycler:recycling_book":1,"minecraft:iron_nugget":16,"minecraft:cooked_chicken":3,"minecraft:cobbled_deepslate":1124,"alexscaves:cave_tablet":12,"minecraft:netherite_sword":2,"minecraft:wheat":217,"mcwbridges:blackstone_bridge_pier":16,"minecraft:rotten_flesh":183,"mmorpg:runes/cen":1,"minecraft:glowstone_dust":10,"mmorpg:material/farming/0":4,"minecraft:nether_brick_fence":1,"minecraft:coal_ore":16,"minecraft:jungle_log":3124,"minecraft:leather_boots":1,"minecraft:acacia_sapling":2,"minecraft:leather_leggings":2,"regions_unexplored:eucalyptus_sapling":20,"minecolonies:blockhutuniversity":1,"minecraft:glass":51,"minecraft:beef":2,"minecraft:podzol":4,"minecraft:stone_brick_stairs":105,"domum_ornamentum:plain":164,"minecraft:golden_boots":1,"mmorpg:rare_mats/fishing/greater":41,"minecraft:wheat_seeds":4959,"minecraft:deepslate_redstone_ore":96,"mmorpg:offhand/dodge/iron":1,"minecraft:book":185,"mmorpg:skill_gems/aura/dex":6,"minecraft:red_stained_glass":7,"mmorpg:skill_gems/support/int":12,"minecraft:golden_apple":42,"minecraft:coal_block":7,"minecraft:cobweb":11,"magistuarmory:rustedcrusader_boots":1,"minecraft:lava_bucket":1,"minecraft:diamond_horse_armor":1,"minecraft:dark_oak_leaves":3,"minecraft:ink_sac":4,"regions_unexplored:barley":2,"travelersbackpack:blaze":1,"travelersbackpack:blank_upgrade":4,"minecraft:potion":3,"minecraft:white_banner":5,"mmorpg:rare_mats/husbandry/greater":1,"minecraft:chipped_anvil":1,"minecraft:chainmail_leggings":3,"minecraft:stone_brick_slab":252,"minecraft:player_head":56,"minecolonies:compost":6,"minecraft:cocoa_beans":230,"minecraft:experience_bottle":58,"minecraft:stone_shovel":3,"regions_unexplored:clover":4,"minecraft:iron_boots":5,"alexscaves:cave_codex":1,"minecraft:name_tag":1,"minecraft:white_terracotta":233,"minecraft:shears":4,"minecraft:deepslate_lapis_ore":21,"minecraft:diamond_sword":298,"mmorpg:seafood/lesser_exp":3,"minecraft:flower_pot":1,"minecraft:spruce_trapdoor":3,"minecraft:diamond_pickaxe":17,"minecraft:barrel":11,"mmorpg:rare_mats/fishing/lesser":34,"minecraft:redstone_torch":5,"minecraft:stone_pressure_plate":1,"minecraft:stone_bricks":102,"minecraft:bamboo":155,"minecraft:sandstone":189,"minecraft:bow":52,"minecraft:red_sand":250,"regions_unexplored:orange_maple_leaf_pile":1,"magistuarmory:maximilian_helmet":2,"iceandfire:dragon_skull_lightning":4,"minecraft:terracotta":2858,"minecraft:soul_sand":256,"minecraft:moss_block":2,"regions_unexplored:green_bioshroom":9,"minecolonies:scroll_buff":144,"minecraft:oak_log":192,"minecraft:dark_oak_sapling":244,"minecraft:leather":24,"minecraft:chest_minecart":1,"minecraft:jungle_planks":82,"minecraft:iron_horse_armor":5,"minecraft:mangrove_planks":2,"travelersbackpack:standard":11,"untamedwilds:hide_beige":2,"minecraft:polished_blackstone_brick_wall":38,"minecraft:birch_slab":1,"paraglider:spirit_orb":14,"minecraft:cod":1,"minecraft:music_disc_13":3,"minecraft:cobblestone_stairs":5,"minecraft:dark_oak_log":2724,"minecraft:mutton":7,"mmorpg:potions/reset_spells":1,"minecraft:snowball":1,"paraglider:paraglider":1,"mcwfences:modern_blackstone_wall":2,"minecraft:gold_ingot":38,"minecraft:spyglass":1,"minecraft:music_disc_otherside":1,"mmorpg:gems/sapphire/0":2,"minecraft:andesite_slab":12,"minecraft:soul_lantern":4,"minecraft:beetroot":1,"regions_unexplored:maple_sapling":1,"minecraft:yellow_stained_glass":7,"travelersbackpack:bat":5,"travelersbackpack:gold_tier_upgrade":3,"magistuarmory:demon_horns_decoration":3,"minecraft:leather_chestplate":8,"travelersbackpack:iron_golem":1,"minecraft:beetroot_seeds":2,"mmorpg:gems/garnet/0":1,"minecraft:iron_ore":1,"magistuarmory:rustedchainmail_boots":1,"structurize:sceptergold":11,"minecraft:polished_granite":1,"minecraft:splash_potion":3,"minecraft:stone_hoe":1,"minecraft:bread":98,"magistuarmory:rustedkettlehat":2,"minecraft:golden_helmet":1,"minecraft:cherry_log":96,"minecolonies:questlog":1,"mmorpg:skill_gems/support/dex":4,"domum_ornamentum:one_crossed_rl":1,"mmorpg:chest/uncommon_gear":4,"domum_ornamentum:vanilla_trapdoors_compat":3,"mmorpg:skill_gems/aura/int":1,"mmorpg:jewel/int":1,"minecraft:tropical_fish":4,"mmorpg:weapon/staff/wood":13,"mmorpg:jewelry/necklace/gold":3,"minecraft:mossy_cobblestone_slab":1,"minecraft:milk_bucket":1,"minecraft:melon_slice":77,"minecraft:jungle_door":4,"minecraft:zombie_head":25,"minecraft:fire_charge":13,"regions_unexplored:dead_steppe_shrub":4,"regions_unexplored:blackwood_planks":3,"minecraft:polished_blackstone_brick_slab":32,"minecraft:cyan_candle":3,"mmorpg:rare_mats/farming/greater":4,"minecraft:stonecutter":2,"minecolonies:clipboard":3,"regions_unexplored:dark_oak_shrub":1,"minecraft:tripwire_hook":23,"mcwdoors:dark_oak_barn_door":2,"iceandfire:dragonbone":16,"magistuarmory:maximilian_chestplate":1,"minecraft:kelp":15,"mmorpg:rare_mats/mining/lesser":1,"mmorpg:runes/nos":1,"travelersbackpack:diamond_tier_upgrade":2,"mmorpg:jewelry/necklace/iron":3,"minecraft:flint_and_steel":4,"minecraft:copper_ore":32,"minecolonies:blockhuttownhall":2,"mmorpg:gems/ruby/0":2,"regions_unexplored:maple_leaf_pile":2,"mmorpg:offhand/tome/iron":1,"minecraft:andesite":103,"travelersbackpack:crafting_upgrade":2,"minecraft:oak_sapling":931,"travelersbackpack:hose_nozzle":1,"minecraft:wooden_pickaxe":1,"minecraft:magma_cream":74,"untamedwilds:flora_hemlock":2,"magistuarmory:steel_flamebladedsword":1,"mmorpg:skill_gems/aura/str":2,"minecraft:piston":16,"untamedwilds:material_fat":2,"minecraft:crossbow":15,"minecraft:cookie":1,"untamedwilds:anemone_rose_bulb":1,"minecraft:saddle":15,"mmorpg:potions/add_reset_perk_points":1,"minecraft:rail":34,"minecraft:leather_helmet":6,"minecraft:red_carpet":6,"minecraft:item_frame":29,"minecraft:dirt":5902,"minecraft:melon":8,"regions_unexplored:purple_coneflower":7,"magistuarmory:rusted_bastardsword":1,"minecraft:chain":1,"minecraft:jungle_sapling":315,"minecraft:wooden_sword":1,"minecraft:bone_meal":15,"minecraft:bone_block":255,"minecraft:sugar":9,"minecraft:iron_pickaxe":1,"minecraft:gray_dye":1,"minecraft:cyan_carpet":1,"minecraft:bone":82,"minecraft:sugar_cane":231,"minecraft:music_disc_chirp":1,"mmorpg:potions/reset_all_perks":1,"minecraft:golden_chestplate":6,"mmorpg:tp_back":4,"minecraft:birch_sapling":76,"minecraft:enchanted_golden_apple":6,"minecraft:blaze_powder":1,"mmorpg:harvest/green_gem":13,"domum_ornamentum:double_crossed":20,"minecraft:white_bed":1,"minecraft:salmon":3,"minecraft:eye_armor_trim_smithing_template":1,"minecolonies:resourcescroll":10,"mmorpg:weapon/staff/iron":2,"mcwbridges:bridge_torch":3,"minecraft:jungle_stairs":3,"minecraft:hopper":1,"minecraft:yellow_banner":16,"minecraft:campfire":2,"minecraft:crying_obsidian":3,"minecraft:egg":19,"mmorpg:material/farming/1":55,"regions_unexplored:blackwood_log":6,"sophisticatedstorage:iron_chest":2,"minecraft:enchanted_book":47,"minecraft:iron_ingot":800,"mmorpg:stat_soul":2,"travelersbackpack:cow":4,"minecraft:chiseled_nether_bricks":1,"mmorpg:jewel/dex":3,"minecraft:tnt":23,"minecraft:golden_horse_armor":6,"minecraft:deepslate_diamond_ore":13,"minecraft:netherite_helmet":1,"minecraft:iron_helmet":7,"minecraft:feather":10,"minecraft:yellow_terracotta":743,"minecraft:cobblestone":1861,"mmorpg:runes/eno":1,"minecraft:apple":310,"minecraft:granite":111,"minecolonies:scepterguard":1,"minecolonies:blockhutcitizen":1,"minecraft:chainmail_helmet":2,"minecraft:coal":108,"minecraft:polished_andesite":1,"minecraft:pufferfish":18,"mmorpg:potions/reset_stats":2,"minecraft:golden_carrot":81,"regions_unexplored:eucalyptus_log":1,"regions_unexplored:socotra_sapling":7,"minecraft:brown_terracotta":475,"minecraft:heart_of_the_sea":1,"mmorpg:rare_mats/mining/medium":1,"minecraft:paper":50,"minecraft:string":45,"minecraft:spruce_sapling":68,"regions_unexplored:bamboo_log":18,"minecraft:stone_sword":6,"minecraft:cobblestone_wall":1,"minecraft:smooth_stone_slab":6,"minecraft:deepslate":989,"mmorpg:material/fishing/1":115,"minecraft:chicken":5,"regions_unexplored:hyssop":19,"iceandfire:dragon_bone_wall":1,"minecraft:nether_bricks":11,"minecraft:lightning_rod":1,"minecraft:potato":823,"minecraft:cobblestone_slab":25,"minecraft:hay_block":121,"torchmaster:megatorch":2,"minecraft:stone":4231,"minecolonies:build_goggles":1,"minecraft:spider_eye":4,"minecraft:brown_carpet":6,"minecraft:rabbit_stew":1,"waystones:waystone":1,"domum_ornamentum:shingle_slab":56,"mmorpg:currency/map_rarity_upgrade":1,"minecraft:dark_oak_stairs":15,"minecraft:diamond_axe":5,"minecraft:baked_potato":145,"minecolonies:supplycampdeployer":1,"regions_unexplored:blue_bioshroom":33,"minecraft:flint":2,"regions_unexplored:red_maple_leaf_pile":4,"minecraft:deepslate_gold_ore":15,"minecraft:cornflower":1,"minecraft:cut_sandstone":45,"minecraft:pumpkin_pie":2,"minecraft:polished_blackstone_bricks":119,"minecraft:birch_log":76,"minecraft:gravel":38,"mmorpg:rare_mats/farming/lesser":7,"regions_unexplored:pink_bioshroom":9,"minecraft:cherry_sapling":68,"minecraft:black_terracotta":2,"minecraft:diamond_shovel":11,"travelersbackpack:cactus":1,"minecraft:honey_bottle":4,"minecraft:carrot":289,"travelersbackpack:ghast":1,"minecraft:chainmail_chestplate":3,"minecraft:chiseled_stone_bricks":1,"minecraft:poppy":3,"iceandfire:chain":2,"minecraft:gunpowder":3,"domum_ornamentum:shingle":36,"minecraft:skeleton_skull":20,"minecraft:glowstone":47,"minecraft:chest":4,"minecraft:bee_nest":1,"minecraft:chainmail_boots":2,"corail_recycler:diamond_shard":4,"minecraft:blackstone_slab":10,"minecraft:arrow":23,"minecraft:powered_rail":3,"mmorpg:rare_mats/farming/medium":11,"minecraft:quartz":23,"minecraft:oak_leaves":2,"minecraft:netherrack":59,"minecraft:spawner":47,"minecraft:water_bucket":3,"iceandfire:chain_sticky":1,"minecraft:deepslate_iron_ore":2,"minecraft:mossy_cobblestone":27,"mmorpg:currency/jewel_corrupt":3,"mmorpg:harvest/purple_gem":7,"minecraft:bookshelf":76,"minecraft:diamond_leggings":5,"minecraft:poisonous_potato":7,"minecraft:lead":4,"minecraft:nether_brick_wall":8,"minecraft:copper_ingot":2,"minecolonies:blockhutguardtower":3,"minecraft:grass_block":264,"minecraft:stick":283,"mmorpg:map":11,"minecraft:diorite":160,"minecraft:torch":146,"minecraft:brown_wool":2,"minecraft:map":6,"travelersbackpack:spider":12,"minecraft:iron_leggings":5,"mmorpg:keys/1":1,"mmorpg:gems/azurite/0":1,"minecraft:flowering_azalea":1,"minecraft:iron_axe":3,"minecraft:pink_petals":197,"minecraft:bucket":9,"minecraft:music_disc_cat":2,"minecraft:smooth_basalt":14,"minecraft:redstone":278,"mmorpg:gems/opal/0":2,"minecraft:nether_brick_slab":8,"mmorpg:seafood/greater_exp":1,"minecraft:brown_dye":2,"minecraft:nether_wart":113,"minecraft:coarse_dirt":9,"minecraft:blaze_rod":12,"minecraft:raw_copper":4,"minecraft:jukebox":4,"minecraft:tuff":45,"minecraft:raw_iron":3,"mmorpg:material/fishing/0":64,"minecraft:wither_skeleton_skull":15,"minecraft:light_gray_wool":1,"iceandfire:silver_ore":1,"regions_unexplored:pink_lupine":1,"minecraft:glass_pane":17,"minecraft:acacia_leaves":1,"minecraft:red_terracotta":508,"minecraft:red_nether_brick_stairs":1,"minecraft:filled_map":9,"minecraft:shield":5,"mmorpg:material/mining/1":8,"iceandfire:rotten_egg":2,"minecraft:diamond_chestplate":2,"minecraft:orange_terracotta":2802,"minecraft:iron_chestplate":10,"regions_unexplored:blackwood_sapling":135,"minecraft:mossy_stone_bricks":21,"minecraft:golden_sword":3,"minecraft:diamond_boots":1,"minecraft:slime_ball":25,"mmorpg:jewelry/ring/iron":7,"minecraft:stone_pickaxe":1,"minecraft:raw_gold":2,"minecraft:calcite":38},"minecraft:killed":{"minecraft:cod":1,"minecraft:skeleton_horse":1,"minecraft:tropical_fish":28,"minecolonies:archerbarbarian":11,"minecraft:parrot":3,"minecraft:salmon":10,"minecraft:iron_golem":2,"untamedwilds:giant_clam":1,"minecraft:pillager":29,"minecraft:zombie":1166,"untamedwilds:bison":20,"untamedwilds:snake":3,"untamedwilds:triggerfish":1,"iceandfire:sea_serpent":2,"minecraft:evoker":1,"enemyexpansion:goblin_fear":1,"minecolonies:amazonspearman":22,"enemyexpansion:faller":4,"iceandfire:siren":5,"iceandfire:hippocampus":1,"minecraft:husk":19,"enemyexpansion:sprinter":1,"minecolonies:visitor":10,"iceandfire:ghost":14,"minecraft:zombified_piglin":19,"minecraft:witch":2,"minecraft:spider":56,"minecraft:bee":2,"minecolonies:amazonchief":7,"minecraft:silverfish":3,"minecraft:piglin":2,"minecraft:zombie_villager":3,"untamedwilds:tarantula":1,"untamedwilds:boar":1,"minecraft:sheep":9,"minecraft:trader_llama":15,"minecraft:ghast":1,"iceandfire:pixie":7,"untamedwilds:rhino":1,"minecraft:vex":30,"enemyexpansion:intruder":1,"minecraft:slime":1,"enemyexpansion:direwolf":15,"minecraft:drowned":15,"minecolonies:drownedchiefpirate":1,"minecraft:hoglin":2,"minecraft:squid":1,"minecraft:wither_skeleton":6438,"enemyexpansion:slugger":2,"minecraft:cave_spider":41,"untamedwilds:wildebeest":9,"enemyexpansion:equestrian":1,"minecraft:skeleton":156,"minecraft:chicken":4,"untamedwilds:giant_salamander":1,"enemyexpansion:vampflyer":2,"minecraft:magma_cube":25,"iceandfire:cockatrice":1,"enemyexpansion:botfly":404,"minecraft:cow":43,"minecolonies:chiefbarbarian":7,"minecraft:horse":5,"untamedwilds:catfish":6,"minecraft:ocelot":6,"untamedwilds:terror_bird":2,"untamedwilds:newt":1,"minecraft:wandering_trader":6,"minecolonies:drownedarcherpirate":7,"untamedwilds:spadefish":10,"minecraft:enderman":1,"minecolonies:amazon":9,"minecraft:illusioner":1,"minecraft:pig":6,"minecraft:creeper":51,"minecraft:stray":4,"enemyexpansion:wasp":8,"minecraft:blaze":26,"minecolonies:drownedpirate":1,"minecraft:bat":1,"minecolonies:barbarian":20,"enemyexpansion:crawler":1,"enemyexpansion:huntsman":4},"minecraft:used":{"minecraft:writable_book":1,"minecraft:black_carpet":1,"minecraft:stone":69,"untamedwilds:spawn_tortoise":1,"minecraft:red_nether_brick_stairs":1,"minecolonies:resourcescroll":632,"minecraft:rotten_flesh":12,"minecraft:soul_sand":9,"minecraft:jungle_sapling":81,"minecraft:lava_bucket":42,"minecolonies:barrel_block":3,"minecraft:jungle_fence_gate":21,"minecraft:red_wool":2,"minecraft:deepslate_copper_ore":4,"minecraft:dark_oak_leaves":1,"minecraft:dark_oak_slab":166,"minecraft:diorite_wall":5,"domum_ornamentum:vanilla_trapdoors_compat":9,"sophisticatedstorage:storage_link":13,"minecraft:bow":583,"minecraft:cooked_cod":6,"travelersbackpack:redstone":7,"minecraft:damaged_anvil":1,"travelersbackpack:nether":8,"minecraft:blackstone":15,"minecraft:wooden_pickaxe":4,"minecraft:composter":1,"minecraft:jungle_boat":27,"mcwbridges:balustrade_stone_bricks_bridge":8,"minecraft:blast_furnace":2,"minecraft:deepslate_iron_ore":51,"mcwroofs:blackstone_upper_lower_roof":2,"sophisticatedstorage:chest":33,"minecraft:coal_block":3,"minecraft:diamond_sword":3298,"travelersbackpack:magma_cube":4,"iceandfire:pixie_house_birch":1,"minecraft:smithing_table":4,"minecraft:birch_log":1,"minecraft:oak_boat":1,"minecraft:polished_blackstone_brick_slab":7,"minecraft:enchanting_table":4,"minecraft:dead_bush":1,"mmorpg:gear_crafting_station":2,"mcwwindows:stone_brick_arrow_slit":1,"mcwfences:deepslate_brick_grass_topped_wall":637,"minecraft:tinted_glass":91,"minecraft:cooked_salmon":4,"minecraft:torch":486,"minecraft:brewing_stand":1,"easy_npc:humanoid_slim_spawn_egg":7,"minecraft:nether_quartz_ore":19,"regions_unexplored:eucalyptus_log":3,"minecraft:chipped_anvil":2,"minecraft:jungle_log":10,"sophisticatedstorage:diamond_chest":2,"mcwfences:stone_grass_topped_wall":320,"minecraft:barrel":47,"minecraft:diamond_chestplate":1,"minecraft:trapped_chest":1,"minecraft:calcite":41,"minecraft:wheat_seeds":1493,"domum_ornamentum:shingle":9,"minecraft:gold_ore":14,"untamedwilds:flora_hemlock":1,"minecraft:red_bed":35,"minecraft:white_bed":1,"minecraft:campfire":2,"mmorpg:salvaging_station":5,"minecraft:diamond_pickaxe":50570,"minecraft:diamond_shovel":31892,"minecraft:spruce_trapdoor":267,"mmorpg:weapon/staff/iron":18,"minecraft:spruce_sapling":16,"minecraft:potion":1,"sophisticatedstorage:iron_chest":55,"minecraft:cooked_porkchop":12,"minecolonies:clipboard":6,"minecraft:dandelion":2,"minecraft:diamond_leggings":3,"regions_unexplored:silt_dirt":30,"minecraft:red_sand":240,"minecraft:nether_wart":37,"sophisticatedstorage:storage_tool":24,"minecraft:jungle_planks":87,"minecraft:obsidian":36,"minecraft:lantern":1,"minecraft:spruce_wood":8,"minecraft:polished_blackstone_brick_wall":36,"mcwroofs:stone_bricks_roof":59,"minecolonies:scepterguard":3,"minecraft:item_frame":97,"minecraft:deepslate_diamond_ore":76,"regions_unexplored:blue_bioshroom":1,"mmorpg:cooking_station":3,"regions_unexplored:red_maple_leaf_pile":13,"minecraft:dark_oak_sapling":532,"travelersbackpack:spider":24,"minecraft:diamond_boots":1,"domum_ornamentum:architectscutter":4,"minecraft:wither_skeleton_skull":1,"mcwfences:modern_blackstone_wall":14,"minecraft:stone_pickaxe":767,"minecraft:jungle_fence":138,"minecraft:oak_planks":2,"minecraft:sandstone":112,"minecraft:chainmail_helmet":2,"minecraft:sugar_cane":153,"regions_unexplored:barrel_cactus":1,"minecraft:diamond_axe":1231,"minecraft:white_wool":6,"minecraft:deepslate_lapis_ore":33,"waystones:waystone":14,"minecraft:lever":4,"torchmaster:dreadlamp":1,"minecraft:dark_oak_log":45,"minecraft:bread":462,"minecraft:iron_door":4,"minecraft:deepslate":55,"mcwtrpdoors:jungle_ranch_trapdoor":23,"minecraft:bone_meal":231,"minecraft:flint_and_steel":4,"minecraft:redstone":55,"regions_unexplored:ash":1,"minecraft:deepslate_gold_ore":69,"minecraft:stone_hoe":558,"minecraft:cooked_chicken":16,"regions_unexplored:maple_leaf_pile":9,"sophisticatedstorage:gold_chest":2,"minecraft:dirt":20471,"untamedwilds:egg_snake":1,"minecolonies:build_goggles":25,"minecolonies:blockwaypoint":1,"minecraft:brown_terracotta":757,"minecraft:wooden_axe":357,"iceandfire:dragon_bone_wall":1,"sophisticatedstorage:controller":5,"minecraft:iron_boots":3,"travelersbackpack:sponge":11,"minecraft:cooked_beef":21,"mcwroofs:red_nether_bricks_upper_steep_roof":18,"minecraft:pumpkin":13,"minecraft:iron_leggings":6,"minecraft:beetroot_soup":1,"minecraft:cobblestone_stairs":161,"minecraft:baked_potato":491,"minecraft:red_nether_bricks":3,"travelersbackpack:wither":5,"minecraft:spider_eye":1,"corail_recycler:recycler":8,"travelersbackpack:ghast":16,"mcwbridges:stone_brick_bridge_stair":20,"minecraft:flower_pot":1,"minecraft:lapis_ore":6,"minecraft:jungle_stairs":4,"minecraft:stone_axe":598,"mcwbridges:nether_bricks_bridge_pier":16,"mcwbridges:stone_brick_bridge":4,"mmorpg:enchanting_station":2,"minecraft:spruce_slab":15,"minecraft:chest":472,"minecraft:acacia_sapling":1,"easy_npc:humanoid_spawn_egg":2,"regions_unexplored:blackwood_boat":3,"minecraft:jungle_slab":56,"minecraft:orange_wool":5,"minecraft:grass_block":991,"minecraft:copper_ore":152,"iceandfire:ghost_chest":2,"regions_unexplored:silver_birch_leaf_pile":1,"minecraft:stone_brick_stairs":862,"mcwfences:railing_blackstone_wall":26,"minecraft:furnace":12,"minecraft:egg":3,"minecraft:potato":572,"minecraft:diorite":6,"minecraft:sand":140,"minecraft:netherite_helmet":25,"minecraft:black_concrete_powder":3,"minecraft:lightning_rod":1,"minecraft:wooden_sword":48,"minecraft:dark_oak_fence":38,"waystones:sandy_waystone":1,"minecraft:netherrack":26,"minecraft:anvil":7,"minecraft:nether_brick_slab":2,"mcwbridges:blackstone_bridge_pier":43,"minecraft:jungle_trapdoor":67,"minecraft:shroomlight":4,"mcwfences:spruce_wired_fence":381,"mmorpg:alchemy_station":4,"minecraft:iron_axe":871,"minecraft:spawner":26,"travelersbackpack:cactus":15,"travelersbackpack:squid":35,"minecraft:smooth_quartz":29,"mcwroofs:blackstone_upper_steep_roof":26,"regions_unexplored:enchanted_birch_leaf_pile":2,"minecraft:glowstone":7,"mcwroofs:blackstone_top_roof":7,"torchmaster:megatorch":7,"minecraft:orange_terracotta":1922,"minecraft:cobbled_deepslate":64,"minecraft:water_bucket":141,"minecraft:yellow_banner":4,"minecraft:nether_brick_wall":1,"minecraft:cartography_table":1,"iceandfire:dragon_skull_lightning":1,"minecraft:polished_blackstone_bricks":23,"minecraft:crafting_table":27,"minecraft:oak_slab":6,"minecraft:cod":7,"minecraft:dark_prismarine":1,"minecraft:cornflower":1,"minecraft:iron_pickaxe":754,"mmorpg:teleporter":1,"minecraft:chiseled_stone_bricks":237,"minecraft:cobblestone":852,"travelersbackpack:standard":181,"structurize:sceptergold":36,"minecraft:iron_shovel":1514,"minecraft:diamond_hoe":436,"minecraft:shield":181,"minecraft:iron_sword":467,"minecraft:iron_chestplate":5,"minecraft:nether_bricks":34,"minecraft:carrot":290,"minecraft:tuff":26,"minecraft:cyan_wool":2,"minecraft:coal_ore":338,"minecraft:iron_helmet":6,"minecraft:stone_bricks":3246,"minecraft:repeater":21,"minecraft:redstone_lamp":21,"travelersbackpack:cow":38,"minecraft:yellow_terracotta":118,"minecraft:deepslate_redstone_ore":221,"minecraft:stone_brick_wall":2,"minecraft:black_bed":1,"minecraft:shears":178,"minecraft:string":4,"minecraft:cyan_bed":1,"minecraft:gravel":35,"minecraft:golden_helmet":1,"minecraft:blackstone_slab":10,"minecraft:jungle_sign":23,"minecraft:grindstone":5,"domum_ornamentum:shingle_slab":2,"minecraft:andesite":18,"minecraft:experience_bottle":1,"travelersbackpack:blaze":37,"minecraft:stone_shovel":2089,"minecraft:spruce_planks":48,"minecraft:spyglass":5,"minecraft:white_carpet":15,"minecraft:hopper":204,"minecraft:spruce_stairs":8,"minecraft:granite":50,"minecraft:stone_brick_slab":2356,"minecraft:dark_oak_planks":62,"minecraft:bookshelf":99,"alexscaves:spelunkery_table":2,"minecraft:golden_carrot":10,"minecraft:cooked_mutton":11,"minecraft:iron_ore":93,"minecraft:amethyst_block":2,"minecraft:netherite_chestplate":1,"minecolonies:questlog":1,"minecraft:stonecutter":19,"minecraft:cobblestone_slab":1,"minecraft:terracotta":338,"mcwfences:modern_stone_brick_wall":24,"minecraft:dark_oak_door":1,"travelersbackpack:wolf":1,"minecraft:smoker":3,"regions_unexplored:orange_maple_leaf_pile":15,"minecraft:apple":8,"mcwbridges:bridge_torch":23,"minecraft:map":1,"regions_unexplored:larch_log":1,"mmorpg:weapon/staff/wood":594,"minecraft:fishing_rod":115,"minecraft:white_banner":4,"minecraft:jungle_door":2,"minecraft:bucket":189,"mcwfences:railing_stone_brick_wall":20}},"DataVersion":3465}