{"stats":{"minecraft:mined":{"minecraft:red_nether_bricks":18,"minecraft:granite":122,"minecraft:potted_dead_bush":1,"minecolonies:blockwaypoint":1,"minecraft:acacia_log":8,"minecraft:light_gray_bed":1,"minecraft:nether_wart":5,"regions_unexplored:blue_bioshroom":14,"travelersbackpack:wolf":1,"minecraft:spawner":73,"travelersbackpack:cactus":9,"minecraft:magma_block":4,"minecraft:fire":16,"minecraft:barrel":72,"minecraft:cobbled_deepslate":1,"minecraft:deepslate_lapis_ore":58,"minecraft:nether_brick_stairs":4,"regions_unexplored:maple_leaf_pile":1,"minecraft:white_banner":6,"minecraft:player_head":1,"minecraft:tripwire":1,"minecraft:jungle_trapdoor":19,"mcwtrpdoors:jungle_ranch_trapdoor":18,"minecraft:cut_sandstone":44,"regions_unexplored:enchanted_birch_leaf_pile":1,"travelersbackpack:ghast":4,"mcwroofs:stone_bricks_roof":25,"minecraft:smoker":1,"minecraft:torch":10,"minecraft:note_block":9,"minecraft:dark_oak_wood":110,"minecraft:melon":24,"minecraft:dead_bush":89,"minecraft:nether_brick_slab":28,"mcwfences:deepslate_brick_grass_topped_wall":1,"mcwbridges:stone_brick_bridge_stair":7,"minecraft:sugar_cane":290,"minecraft:amethyst_block":58,"minecraft:repeater":4,"regions_unexplored:hyssop":90,"minecraft:tinted_glass":1,"regions_unexplored:hibiscus":3,"minecraft:wither_rose":1,"minecraft:grass":1157,"minecraft:dark_oak_sapling":11,"minecraft:smooth_quartz":37,"minecraft:sandstone_wall":4,"minecraft:smooth_basalt":8,"minecraft:deepslate":2089,"minecraft:dark_prismarine":10,"minecraft:mossy_cobblestone":2,"sophisticatedstorage:iron_chest":8,"minecraft:dark_oak_log":3051,"minecraft:cyan_stained_glass":1,"minecraft:dark_oak_fence":12,"minecraft:spruce_fence":30,"minecraft:redstone_wire":3,"travelersbackpack:bat":1,"minecraft:redstone_ore":8,"mmorpg:station/alchemy":3,"minecraft:suspicious_sand":1,"minecraft:andesite":384,"travelersbackpack:wither":2,"regions_unexplored:eucalyptus_shrub":8,"mcwwindows:stone_brick_arrow_slit":1,"minecraft:vine":309,"regions_unexplored:flowering_shrub":1,"regions_unexplored:barrel_cactus":1,"minecraft:oak_slab":1,"minecraft:chiseled_nether_bricks":2,"minecraft:soul_sand":358,"minecraft:lily_of_the_valley":3,"minecraft:dandelion":56,"minecraft:cornflower":7,"regions_unexplored:silt_dirt":2,"minecraft:lightning_rod":1,"regions_unexplored:blackwood_log":159,"minecraft:copper_ore":418,"minecraft:tall_grass":19,"regions_unexplored:mauve_log":33,"minecraft:deepslate_gold_ore":82,"minecraft:diorite":193,"minecraft:red_terracotta":276,"minecraft:coarse_dirt":8,"minecraft:gravel":194,"minecraft:cobweb":28,"minecraft:brown_terracotta":784,"minecraft:stone_bricks":721,"minecraft:chipped_anvil":1,"minecraft:gold_ore":10,"minecraft:fern":256,"regions_unexplored:palm_shrub":1,"minecraft:stone_pressure_plate":1,"minecraft:farmland":3,"minecraft:orange_wool":5,"minecraft:brewing_stand":1,"minecraft:spruce_trapdoor":296,"minecraft:budding_amethyst":2,"travelersbackpack:sponge":1,"sophisticatedstorage:storage_link":11,"regions_unexplored:purple_coneflower":31,"minecraft:frosted_ice":16,"mcwfences:railing_stone_brick_wall":20,"minecolonies:blockconstructiontape":33,"regions_unexplored:mossy_stone":1,"regions_unexplored:purple_lupine":1,"minecraft:red_tulip":21,"sophisticatedstorage:chest":6,"mcwfences:modern_stone_brick_wall":31,"minecraft:iron_bars":2,"minecraft:spruce_slab":1,"minecraft:deepslate_redstone_ore":268,"untamedwilds:flora_water_hyacinth":26,"minecraft:orange_terracotta":1722,"minecraft:light_gray_terracotta":72,"mcwbridges:stone_brick_bridge":4,"regions_unexplored:green_bioshroom_block":38,"minecraft:nether_quartz_ore":38,"minecraft:wither_skeleton_wall_skull":1,"minecraft:oak_planks":19,"regions_unexplored:bamboo_log":18,"minecraft:wall_torch":21,"regions_unexplored:socotra_log":57,"minecraft:dark_oak_slab":20,"regions_unexplored:silt_coarse_dirt":14,"minecraft:tnt":9,"minecraft:smooth_stone_slab":5,"minecraft:oak_log":374,"minecraft:dirt":8693,"mmorpg:station/enchanting":1,"minecraft:crying_obsidian":12,"minecraft:yellow_wall_banner":25,"minecraft:dark_oak_leaves":5,"minecolonies:blockhuttownhall":1,"regions_unexplored:pink_lupine":1,"untamedwilds:flora_zimbabwe_aloe":1,"regions_unexplored:aster":1,"travelersbackpack:white_sleeping_bag":5,"minecraft:birch_slab":2,"domum_ornamentum:vanilla_trapdoors_compat":3,"minecraft:cracked_nether_bricks":6,"minecraft:hay_block":58,"untamedwilds:flora_yarrow":2,"minecraft:raw_gold_block":1,"minecraft:gold_block":9,"minecraft:nether_brick_fence":4,"minecraft:bookshelf":166,"minecraft:deepslate_iron_ore":107,"minecraft:shroomlight":1,"regions_unexplored:orange_maple_leaf_pile":24,"minecraft:jungle_fence_gate":21,"minecolonies:blockminecoloniesgrave":4,"minecraft:stripped_dark_oak_log":39,"travelersbackpack:standard":65,"regions_unexplored:daisy":45,"minecraft:mangrove_planks":1,"minecraft:bee_nest":3,"regions_unexplored:dark_oak_shrub":1,"minecraft:cocoa":1,"minecraft:cyan_carpet":268,"mmorpg:station/cooking":2,"regions_unexplored:green_bioshroom_stem":2,"minecraft:cracked_stone_bricks":1,"minecraft:jungle_wall_sign":1,"minecraft:dark_oak_planks":20,"travelersbackpack:blaze":5,"minecraft:jungle_leaves":5,"regions_unexplored:magnolia_log":13,"minecraft:obsidian":85,"minecraft:carved_pumpkin":10,"minecraft:red_sand":433,"minecraft:stone_brick_wall":2,"minecraft:jungle_log":1930,"minecraft:coal_block":10,"sophisticatedstorage:controller":3,"minecraft:oxeye_daisy":2,"minecraft:hopper":98,"minecraft:chiseled_stone_bricks":5,"minecraft:tall_seagrass":6,"minecraft:pumpkin":1,"minecraft:enchanting_table":2,"minecraft:dirt_path":173,"regions_unexplored:silt_grass_block":34,"regions_unexplored:dead_steppe_shrub":3,"minecraft:red_bed":34,"minecraft:amethyst_cluster":65,"minecraft:polished_andesite_stairs":2,"regions_unexplored:meadow_sage":1,"minecraft:cyan_bed":1,"minecraft:damaged_anvil":1,"regions_unexplored:tsubaki":6,"minecraft:skeleton_skull":5,"minecraft:cyan_wool":4,"minecraft:wheat":1159,"minecraft:black_bed":1,"minecraft:stone_brick_stairs":79,"regions_unexplored:eucalyptus_log":71,"regions_unexplored:clover":4,"untamedwilds:flora_canola":8,"domum_ornamentum:architectscutter":2,"minecraft:stonecutter":12,"minecraft:piston":16,"regions_unexplored:fireweed":69,"minecraft:yellow_terracotta":601,"mcwfences:stone_grass_topped_wall":6,"mmorpg:teleporter":1,"minecraft:stripped_birch_log":1,"minecraft:nether_bricks":158,"minecraft:allium":12,"minecraft:jungle_planks":20,"domum_ornamentum:shingle_slab":16,"mmorpg:station/salvaging":4,"minecraft:potatoes":322,"regions_unexplored:red_maple_leaves":3,"minecraft:bamboo":22,"regions_unexplored:windswept_grass":5,"travelersbackpack:spider":2,"minecraft:smithing_table":1,"travelersbackpack:nether":1,"regions_unexplored:pink_bioshroom":6,"minecraft:stone_brick_slab":245,"mcwbridges:balustrade_stone_bricks_bridge":9,"corail_recycler:recycler":5,"minecraft:sponge":3,"minecolonies:blockhutguardtower":2,"minecraft:white_carpet":3,"minecraft:spruce_log":378,"minecraft:jungle_fence":138,"regions_unexplored:sandy_grass":1,"regions_unexplored:viridescent_nylium":73,"regions_unexplored:tassel":2,"minecraft:spruce_planks":37,"regions_unexplored:maple_log":12,"minecraft:jungle_slab":22,"minecraft:cobblestone_stairs":253,"regions_unexplored:pink_bioshroom_block":9,"minecraft:stripped_crimson_hyphae":2,"minecraft:grass_block":10176,"minecraft:soul_soil":79,"regions_unexplored:elephant_ear":1,"regions_unexplored:blue_bioshroom_block":47,"minecraft:smooth_stone":2,"minecraft:glowstone":146,"minecraft:red_nether_brick_stairs":4,"minecraft:iron_ore":198,"minecraft:black_carpet":1,"minecraft:anvil":2,"minecraft:azure_bluet":1,"minecraft:dark_oak_stairs":28,"mcwbridges:bridge_torch":4,"mmorpg:station/gear_crafting":1,"minecraft:cyan_terracotta":3,"minecraft:soul_lantern":6,"minecraft:clay":1,"domum_ornamentum:shingle":88,"minecraft:calcite":52,"minecraft:poppy":57,"regions_unexplored:small_desert_shrub":1,"minecraft:chest":402,"minecraft:mushroom_stem":3,"minecraft:cobblestone":66,"minecraft:birch_wood":2,"minecraft:grindstone":3,"minecraft:iron_door":1,"minecraft:deepslate_copper_ore":8,"minecraft:seagrass":1,"domum_ornamentum:plain":4,"minecraft:birch_log":8,"minecraft:orange_tulip":36,"regions_unexplored:steppe_grass":1,"minecraft:sand":683,"minecraft:netherrack":158,"minecraft:oak_leaves":403,"minecraft:redstone_lamp":7,"regions_unexplored:green_bioshroom":2,"minecraft:tuff":32,"minecraft:deepslate_diamond_ore":64,"minecraft:sandstone":223,"minecraft:large_fern":1,"minecraft:furnace":6,"minecraft:carrots":150,"minecraft:chiseled_sandstone":20,"regions_unexplored:waratah":4,"minecraft:stripped_jungle_log":5,"regions_unexplored:medium_grass":73,"minecraft:stone":9560,"minecraft:white_tulip":20,"regions_unexplored:glowing_green_bioshroom_block":4,"minecraft:red_wool":2,"minecraft:crafting_table":21,"minecraft:oak_wood":2,"minecraft:rose_bush":3,"minecraft:lapis_ore":19,"minecraft:spruce_stairs":21,"untamedwilds:block_burrow":7,"minecraft:cactus":19,"regions_unexplored:red_maple_leaf_pile":28,"minecraft:coal_ore":638,"untamedwilds:flora_titan_arum":1,"minecraft:terracotta":2213,"minecraft:polished_andesite":2},"minecraft:broken":{"minecraft:iron_leggings":1,"minecraft:chainmail_leggings":1,"minecraft:stone_hoe":3,"minecraft:shield":2,"minecraft:iron_pickaxe":3,"minecraft:iron_shovel":6,"minecraft:stone_pickaxe":4,"minecraft:stone_axe":17,"minecraft:stone_shovel":17,"minecraft:iron_boots":1,"minecraft:iron_sword":1,"minecraft:iron_axe":6,"minecraft:chainmail_chestplate":2,"minecraft:wooden_axe":29},"minecraft:picked_up":{"minecraft:smithing_table":1,"minecraft:lead":30,"minecraft:stone_slab":5,"regions_unexplored:silt_dirt":35,"minecraft:enchanted_book":85,"magistuarmory:steel_lucernhammer":30,"minecraft:music_disc_cat":9,"minecraft:string":431,"minecraft:pufferfish":43,"minecraft:shroomlight":4,"mmorpg:jewel/dex":15,"minecraft:diamond_leggings":19,"mmorpg:map":189,"mcwbridges:stone_brick_bridge_stair":7,"regions_unexplored:larch_log":26,"mcwbridges:bridge_torch":16,"mmorpg:material/fishing/0":157,"mmorpg:currency/socket_adder":26,"mmorpg:gems/emerald/0":17,"minecraft:jukebox":4,"minecraft:acacia_log":8,"minecraft:lightning_rod":1,"mmorpg:jewelry/necklace/iron":33,"mmorpg:gems/opal/1":1,"magistuarmory:rustedcrusader_chestplate":1,"minecraft:golden_chestplate":15,"regions_unexplored:socotra_log":114,"minecraft:yellow_banner":73,"minecraft:stone_sword":10,"minecraft:honey_bottle":8,"regions_unexplored:green_bioshroom":37,"minecraft:red_tulip":63,"minecraft:carved_pumpkin":10,"minecraft:glowstone":189,"minecraft:bookshelf":160,"minecraft:white_terracotta":640,"minecraft:blaze_rod":31,"mmorpg:rare_mats/farming/greater":21,"mmorpg:runes/eno":2,"minecraft:iron_bars":2,"minecraft:sponge":3,"travelersbackpack:iron_golem":1,"minecraft:cooked_beef":11,"minecraft:feather":25,"minecraft:water_bucket":3,"minecraft:brown_wool":52,"mmorpg:chest/common_gear":15,"minecraft:flint":92,"travelersbackpack:gold_tier_upgrade":8,"minecraft:magenta_terracotta":7,"mmorpg:seafood/lesser_exp":2,"untamedwilds:flora_junegrass":3,"mmorpg:tp_back":2,"mmorpg:gems/garnet/1":2,"mcwroofs:stone_bricks_roof":25,"minecraft:stonecutter":13,"sophisticatedstorage:chest":4,"minecraft:dark_oak_sign":4,"minecraft:diamond_helmet":5,"minecraft:honeycomb":9,"regions_unexplored:bamboo_log":72,"mmorpg:rare_mats/mining/medium":6,"mmorpg:runes/har":2,"domum_ornamentum:shingle_slab":16,"regions_unexplored:pink_lupine":1,"minecraft:polished_andesite":2,"minecraft:deepslate":2124,"mmorpg:gems/ruby/0":19,"minecraft:lever":1,"regions_unexplored:clover":16,"minecraft:granite":642,"minecraft:golden_horse_armor":21,"mmorpg:skill_gems/aura/int":96,"minecraft:diamond_pickaxe":24,"minecraft:bee_nest":7,"mmorpg:gems/topaz/1":4,"mmorpg:stone/3":1,"minecolonies:blockhuttownhall":4,"minecraft:clay_ball":9,"minecraft:leather_leggings":9,"minecraft:redstone_lamp":7,"mmorpg:skill_gems/aura/str":56,"untamedwilds:flora_canola":24,"regions_unexplored:blue_bioshroom":134,"minecraft:cornflower":20,"minecraft:flint_and_steel":16,"minecraft:white_carpet":7,"minecraft:iron_shovel":1,"minecraft:glass_pane":31,"travelersbackpack:redstone":7,"minecraft:netherite_sword":2,"minecraft:jungle_sapling":1046,"mmorpg:salvaging_station":4,"minecraft:poppy":170,"minecraft:spruce_slab":3,"minecraft:birch_sapling":169,"minecraft:piston":32,"minecraft:copper_ore":231,"mmorpg:skill_gems/support/dex":58,"mmorpg:material/mining/0":2,"minecraft:stone":7945,"minecraft:raw_gold_block":1,"minecraft:fire_charge":27,"minecraft:white_dye":5,"minecraft:jungle_fence_gate":21,"minecraft:jungle_sign":19,"domum_ornamentum:vanilla_trapdoors_compat":3,"regions_unexplored:purple_coneflower":71,"untamedwilds:egg_snake":6,"minecraft:stone_shovel":2,"minecraft:diamond_chestplate":8,"regions_unexplored:mauve_sapling":76,"minecraft:hay_block":215,"minecraft:yellow_terracotta":1970,"minecraft:mutton":37,"minecraft:rail":69,"minecraft:bone_block":1178,"minecraft:oxeye_daisy":6,"mmorpg:rare_mats/husbandry/lesser":1,"minecraft:tripwire_hook":40,"minecraft:jungle_fence":136,"minecraft:lily_pad":2,"magistuarmory:chainmail_horse_armor":11,"minecraft:paper":53,"minecraft:spawner":97,"untamedwilds:spawn_tortoise":6,"domum_ornamentum:double_crossed":26,"regions_unexplored:aster":3,"minecraft:apple":420,"minecraft:yellow_stained_glass":7,"minecraft:stone_pickaxe":2,"minecraft:iron_ore":108,"regions_unexplored:larch_sapling":10,"minecraft:dark_oak_stairs":27,"minecraft:polished_andesite_stairs":8,"minecraft:smooth_basalt":24,"minecraft:milk_bucket":1,"minecraft:red_wool":33,"minecraft:cracked_nether_bricks":6,"mmorpg:stat_soul":65,"minecraft:crying_obsidian":20,"mmorpg:weapon/staff/iron":8,"minecraft:leather_helmet":8,"travelersbackpack:standard":67,"minecraft:oak_wood":2,"minecraft:diamond_shovel":15,"minecraft:coal_ore":380,"mmorpg:gems/tourmaline/1":3,"minecraft:slime_ball":3,"regions_unexplored:fireweed":198,"minecraft:rib_armor_trim_smithing_template":1,"regions_unexplored:tall_green_bioshroom":1,"mmorpg:jewelry/necklace/gold":7,"minecraft:deepslate_redstone_ore":129,"mmorpg:stone/1":39,"minecraft:baked_potato":355,"minecraft:hopper":84,"minecraft:black_carpet":1,"mmorpg:material/farming/0":74,"mmorpg:material/farming/1":57,"travelersbackpack:bat":2,"minecraft:nether_brick_fence":2,"minecraft:yellow_wool":33,"enemyexpansion:wasp_thorax":4,"untamedwilds:flora_hemlock":3,"minecraft:stone_brick_stairs":195,"travelersbackpack:spider":2,"mmorpg:skill_gems/aura/dex":68,"domum_ornamentum:shingle":88,"minecraft:deepslate_lapis_ore":24,"minecraft:experience_bottle":114,"travelersbackpack:blaze":6,"minecraft:red_sand":1001,"minecraft:smooth_stone":11,"minecraft:bucket":14,"minecraft:eye_armor_trim_smithing_template":4,"minecraft:red_dye":2,"minecraft:white_tulip":60,"minecraft:rose_bush":5,"minecraft:cobblestone_slab":34,"minecraft:iron_pickaxe":3,"domum_ornamentum:plain":66,"minecraft:smooth_quartz":40,"regions_unexplored:blackwood_log":725,"minecraft:deepslate_iron_ore":113,"minecraft:blue_wool":26,"minecraft:tipped_arrow":2,"minecolonies:supplychestdeployer":1,"minecraft:spruce_stairs":17,"iceandfire:rotten_egg":1,"minecraft:diorite":690,"minecraft:vine":78,"regions_unexplored:daisy":134,"minecolonies:blockhutcitizen":2,"minecraft:rotten_flesh":2992,"regions_unexplored:tsubaki":10,"regions_unexplored:mauve_log":66,"minecraft:deepslate_copper_ore":6,"minecraft:obsidian":110,"minecraft:blaze_powder":2,"minecraft:cobblestone":11202,"minecraft:enchanting_table":3,"minecraft:leather_chestplate":11,"mmorpg:rare_mats/fishing/medium":62,"minecraft:repeater":4,"minecraft:andesite":763,"minecraft:golden_leggings":2,"mmorpg:gems/azurite/0":12,"minecraft:potato":1152,"minecraft:dirt":21937,"travelersbackpack:hose_nozzle":1,"minecraft:name_tag":17,"minecraft:glass":95,"minecraft:bone":4687,"mmorpg:harvest/green_gem":39,"minecraft:bow":97,"minecraft:wheat_seeds":3323,"minecraft:orange_tulip":100,"minecraft:birch_wood":2,"minecraft:grindstone":3,"minecraft:bamboo":296,"minecraft:melon":16,"minecraft:nether_brick_stairs":4,"minecraft:jungle_slab":20,"minecraft:diamond_block":2,"mmorpg:jewelry/ring/gold":2,"minecraft:spectral_arrow":1,"mcwfences:deepslate_brick_grass_topped_wall":1,"minecraft:mossy_cobblestone":79,"minecraft:light_gray_terracotta":405,"minecraft:netherite_helmet":3,"minecraft:soul_lantern":8,"waystones:waystone":2,"minecraft:crossbow":30,"minecraft:bone_meal":302,"minecraft:grass":55,"minecraft:golden_apple":64,"minecraft:emerald":74,"regions_unexplored:dark_oak_shrub":4,"minecraft:netherrack":202,"mmorpg:chest/uncommon_gear":13,"untamedwilds:flora_titan_arum_corm":3,"minecraft:oak_leaves":4,"corail_recycler:recycler":5,"mmorpg:stone/2":6,"minecraft:azure_bluet":1,"minecraft:ladder":2,"minecraft:brown_mushroom":7,"mmorpg:jewelry/ring/iron":40,"minecraft:stone_brick_wall":2,"minecraft:shield":52,"minecraft:moss_carpet":1,"domum_ornamentum:one_crossed_rl":2,"sophisticatedstorage:iron_chest":8,"mcwfences:modern_stone_brick_wall":30,"minecraft:lime_wool":17,"mmorpg:material/mining/1":19,"minecraft:note_block":23,"magistuarmory:rustedkettlehat":5,"minecraft:brown_dye":2,"minecraft:stone_pressure_plate":1,"travelersbackpack:sponge":2,"mmorpg:runes/cen":17,"minecraft:nether_bricks":172,"mmorpg:alchemy_station":3,"minecraft:skeleton_skull":20,"minecraft:jungle_boat":29,"minecraft:golden_carrot":27,"minecraft:leather":225,"minecraft:chainmail_chestplate":5,"mmorpg:currency/map_rarity_upgrade":42,"minecraft:gunpowder":297,"minecraft:orange_terracotta":6403,"minecraft:cooked_mutton":22,"minecraft:red_carpet":9,"mcwbridges:stone_brick_bridge":4,"minecraft:spruce_wood":10,"minecraft:iron_ingot":2221,"regions_unexplored:orange_maple_leaf_pile":66,"minecraft:nether_quartz_ore":19,"minecraft:stone_brick_slab":714,"minecraft:quartz":106,"minecraft:dandelion":150,"minecraft:lava_bucket":5,"sophisticatedstorage:stack_upgrade_tier_1":1,"minecraft:amethyst_shard":378,"travelersbackpack:wither":3,"minecraft:nether_brick_slab":23,"mmorpg:harvest/blue_gem":12,"mmorpg:rare_mats/husbandry/medium":2,"minecraft:pumpkin_seeds":49,"regions_unexplored:blackwood_sapling":425,"regions_unexplored:socotra_sapling":28,"magistuarmory:rusted_bastardsword":7,"minecraft:chainmail_leggings":3,"magistuarmory:rustedcrusader_boots":2,"minecraft:terracotta":6405,"minecraft:damaged_anvil":1,"minecraft:dark_oak_wood":108,"mmorpg:offhand/dodge/iron":37,"minecolonies:supplycampdeployer":2,"regions_unexplored:hibiscus":3,"minecraft:iron_chestplate":105,"minecraft:flower_pot":2,"mmorpg:cooking_station":2,"minecraft:chainmail_boots":8,"mmorpg:gems/sapphire/0":13,"minecraft:anvil":2,"regions_unexplored:magnolia_log":13,"minecraft:diamond_sword":263,"mcwfences:stone_grass_topped_wall":37,"minecraft:wither_rose":6,"magistuarmory:barding":9,"regions_unexplored:palm_shrub":1,"minecraft:brewing_stand":3,"minecraft:golden_sword":10,"minecraft:amethyst_block":161,"minecraft:dark_oak_trapdoor":26,"minecraft:soul_soil":69,"minecraft:red_nether_bricks":13,"minecraft:beetroot":4,"minecraft:gold_nugget":63,"minecraft:cobbled_deepslate":2043,"mmorpg:gems/tourmaline/0":11,"minecraft:spruce_planks":47,"minecolonies:scepterguard":3,"mmorpg:gems/amethyst/2":1,"mmorpg:gems/emerald/1":1,"minecraft:enchanted_golden_apple":5,"minecraft:melon_slice":75,"minecraft:coal_block":214,"mmorpg:gems/amethyst/0":7,"mmorpg:runes/dos":11,"minecraft:golden_helmet":4,"mmorpg:gems/opal/0":19,"regions_unexplored:barrel_cactus":1,"sophisticatedstorage:controller":3,"minecraft:chiseled_nether_bricks":3,"minecraft:tropical_fish":10,"minecraft:iron_block":87,"minecraft:cyan_terracotta":3,"minecraft:netherite_chestplate":1,"minecraft:birch_log":373,"minecraft:magma_block":2,"minecraft:mossy_cobblestone_slab":2,"magistuarmory:rustedchainmail_boots":3,"minecraft:iron_door":2,"minecraft:birch_slab":2,"minecraft:jungle_log":10334,"minecraft:smoker":1,"regions_unexplored:dead_steppe_shrub":3,"regions_unexplored:viridescent_nylium":64,"minecraft:map":20,"mmorpg:currency/jewel_corrupt":24,"minecraft:chipped_anvil":1,"mmorpg:material/meat/0":2,"minecraft:gray_terracotta":8,"mmorpg:gems/ruby/1":3,"regions_unexplored:pink_bioshroom":37,"minecraft:glowstone_dust":23,"mmorpg:skill_gems/support/str":46,"mmorpg:material/fishing/1":282,"sophisticatedstorage:storage_link":11,"mmorpg:harvest/purple_gem":21,"minecraft:ink_sac":16,"minecolonies:chiefsword":1,"minecraft:trapped_chest":1,"minecraft:dark_oak_log":8284,"minecraft:red_terracotta":995,"minecraft:barrel":82,"mmorpg:gems/garnet/0":18,"regions_unexplored:hyssop":267,"mmorpg:rare_mats/mining/greater":14,"minecraft:writable_book":10,"minecraft:deepslate_gold_ore":35,"mmorpg:rare_mats/mining/lesser":15,"minecraft:chainmail_helmet":3,"minecraft:bread":228,"minecraft:dark_oak_fence":26,"minecraft:crafting_table":19,"minecraft:coarse_dirt":8,"minecraft:purple_wool":44,"minecraft:nether_wart":129,"regions_unexplored:silt_coarse_dirt":14,"corail_recycler:diamond_disk":3,"mmorpg:gear_crafting_station":1,"domum_ornamentum:architectscutter":2,"magistuarmory:maximilian_helmet":4,"minecraft:jungle_trapdoor":104,"minecraft:red_bed":35,"minecraft:compass":2,"minecraft:cracked_stone_bricks":1,"untamedwilds:flora_water_hyacinth_item":70,"minecraft:deepslate_diamond_ore":26,"minecraft:music_disc_otherside":2,"minecraft:beef":165,"regions_unexplored:maple_leaf_pile":1,"minecraft:cyan_wool":88,"minecraft:iron_nugget":120,"minecraft:chest":423,"minecraft:egg":56,"minecraft:sandstone":479,"travelersbackpack:cactus":11,"minecraft:spruce_fence":50,"structurize:sceptergold":8,"mmorpg:skill_gems/support/int":89,"minecraft:carrot":664,"minecraft:redstone":1432,"untamedwilds:hide_white":3,"minecraft:tnt":37,"mmorpg:runes/fey":3,"untamedwilds:hide_beige":4,"minecraft:beetroot_seeds":9,"mmorpg:currency/affix_common_reroll":32,"minecraft:shears":5,"minecraft:diamond_boots":9,"magistuarmory:steel_zweihander":27,"mmorpg:currency/level_up_orb":22,"minecraft:gold_ingot":157,"minecraft:glow_berries":6,"minecraft:white_wool":141,"minecraft:lapis_ore":9,"magistuarmory:rustedhalfarmor_chestplate":1,"regions_unexplored:eucalyptus_log":128,"domum_ornamentum:blockbarreldeco_standing":8,"mcwfences:railing_stone_brick_wall":20,"minecraft:red_mushroom":6,"minecraft:filled_map":5,"minecraft:oak_log":2775,"minecraft:golden_boots":3,"minecraft:white_banner":15,"regions_unexplored:waratah":12,"minecraft:stone_bricks":893,"minecraft:kelp":15,"mmorpg:currency/unique_reroll":5,"mmorpg:rare_mats/farming/lesser":4,"minecraft:cobweb":10,"minecraft:mangrove_planks":2,"minecraft:iron_sword":67,"minecraft:dark_oak_slab":25,"minecraft:spyglass":1,"minecraft:gravel":479,"minecraft:spruce_sapling":144,"minecraft:spruce_log":378,"travelersbackpack:wolf":2,"minecraft:red_stained_glass":7,"minecraft:stone_axe":6,"mmorpg:runes/ano":4,"minecraft:diamond_axe":4,"minecraft:gray_wool":93,"naturescompass:naturescompass":5,"minecraft:melon_seeds":12,"minecraft:stripped_dark_oak_log":39,"minecraft:ender_pearl":2,"mmorpg:currency/orb_of_quality":45,"minecraft:wheat":583,"domum_ornamentum:paper_extra":55,"minecraft:raw_copper":2228,"minecraft:smooth_stone_slab":19,"minecraft:iron_leggings":103,"minecraft:zombie_head":25,"magistuarmory:demon_horns_decoration":4,"untamedwilds:material_snake_skin":3,"minecraft:dark_oak_leaves":4,"minecraft:redstone_torch":7,"minecraft:calcite":75,"mmorpg:currency/chaos_orb":27,"mmorpg:runes/mos":15,"minecraft:furnace":5,"minecraft:iron_boots":90,"minecraft:stick":2723,"regions_unexplored:elephant_ear":1,"minecraft:brown_terracotta":1590,"mmorpg:rare_mats/fishing/greater":99,"minecraft:torch":509,"travelersbackpack:iron_tier_upgrade":1,"minecraft:porkchop":20,"minecolonies:questlog":1,"minecraft:cactus":178,"mcwtrpdoors:jungle_ranch_trapdoor":21,"mmorpg:enchanting_station":1,"minecraft:green_wool":22,"mmorpg:runes/ita":15,"untamedwilds:flora_yarrow":6,"regions_unexplored:magnolia_sapling":1,"minecraft:cod":61,"minecraft:nautilus_shell":4,"minecraft:magma_cream":5,"mcwwindows:stone_brick_arrow_slit":1,"minecraft:tuff":122,"minecraft:wither_skeleton_skull":196,"minecraft:lapis_lazuli":679,"minecraft:leather_boots":10,"mmorpg:gems/azurite/1":6,"mcwbridges:balustrade_stone_bricks_bridge":9,"minecraft:raw_gold":147,"minecraft:powered_rail":6,"domum_ornamentum:one_crossed_lr":2,"minecraft:oak_planks":127,"minecraft:black_terracotta":2,"minecraft:cooked_porkchop":22,"minecraft:music_disc_13":11,"torchmaster:megatorch":1,"minecraft:jungle_planks":479,"minecraft:sand":2168,"minecraft:dead_bush":39,"minecraft:lily_of_the_valley":9,"minecraft:cyan_bed":1,"minecraft:chiseled_sandstone":39,"minecraft:orange_wool":61,"minecraft:dark_prismarine":5,"mmorpg:jewel/int":13,"mmorpg:rare_mats/fishing/lesser":79,"minecraft:diamond":299,"magistuarmory:corruptedroundshield":2,"travelersbackpack:nether":3,"minecraft:oak_sapling":1780,"minecraft:fishing_rod":20,"minecraft:cocoa_beans":506,"minecraft:allium":36,"mmorpg:gems/topaz/0":8,"minecraft:chicken":11,"minecolonies:scroll_buff":369,"minecraft:chest_minecart":3,"minecraft:wooden_pickaxe":3,"minecraft:gold_block":12,"corail_recycler:diamond_shard":59,"minecraft:diamond_horse_armor":4,"regions_unexplored:red_maple_leaf_pile":68,"minecraft:iron_axe":6,"untamedwilds:food_bear_raw":2,"minecraft:wooden_sword":2,"minecraft:item_frame":149,"minecraft:cyan_carpet":356,"minecolonies:blockhutguardtower":5,"minecolonies:compost":24,"minecraft:oak_boat":6,"minecraft:player_head":12,"mmorpg:stone/0":535,"minecraft:light_gray_wool":27,"minecraft:tinted_glass":1,"mmorpg:offhand/tome/iron":36,"minecraft:sugar_cane":1052,"minecraft:spruce_trapdoor":315,"minecraft:dark_oak_sapling":1155,"minecraft:stripped_crimson_hyphae":1,"minecraft:raw_iron":428,"minecraft:copper_ingot":47,"minecraft:gray_dye":3,"regions_unexplored:blue_lupine":1,"mmorpg:currency/affix_tier_up_down":31,"minecolonies:blockwaypoint":1,"magistuarmory:maximilian_chestplate":2,"mmorpg:jewel/str":15,"mmorpg:runes/nos":6,"minecraft:iron_horse_armor":18,"minecraft:dark_oak_planks":528,"minecraft:arrow":244,"minecolonies:resourcescroll":8,"regions_unexplored:enchanted_birch_leaf_pile":2,"regions_unexplored:maple_sapling":4,"regions_unexplored:eucalyptus_shrub":11,"minecraft:saddle":37,"travelersbackpack:ghast":5,"mmorpg:rare_mats/husbandry/greater":5,"minecraft:salmon":27,"minecraft:cut_sandstone":129,"minecraft:cobblestone_stairs":271,"regions_unexplored:tassel":6,"minecolonies:ancienttome":2,"minecraft:red_nether_brick_stairs":2,"magistuarmory:steel_flamebladedsword":14,"untamedwilds:material_fat":51,"mmorpg:rare_mats/farming/medium":31,"minecraft:heart_of_the_sea":3,"minecraft:acacia_sapling":10,"minecraft:soul_sand":768,"minecraft:music_disc_chirp":2,"minecraft:green_dye":3,"minecraft:book":430,"minecraft:oak_slab":2,"regions_unexplored:eucalyptus_sapling":66,"minecraft:pumpkin":12,"minecraft:chiseled_stone_bricks":4,"untamedwilds:spawn_snake":1,"mmorpg:weapon/staff/wood":121,"minecraft:gold_ore":4,"minecraft:spider_eye":61,"minecraft:stripped_jungle_log":5,"magistuarmory:rustedchainmail_helmet":1,"minecraft:campfire":1,"minecraft:iron_helmet":116,"travelersbackpack:pumpkin":1,"regions_unexplored:maple_log":8,"minecraft:black_wool":75,"mmorpg:gems/amethyst/1":1,"minecraft:coal":2677},"minecraft:dropped":{"naturescompass:naturescompass":2,"minecraft:iron_sword":10,"minecraft:lapis_lazuli":3,"mmorpg:skill_gems/support/str":5,"mmorpg:stone/0":48,"minecraft:glass_bottle":1,"minecraft:diamond":10,"mmorpg:runes/fey":1,"minecraft:crafting_table":1,"minecraft:cooked_porkchop":3,"travelersbackpack:iron_tier_upgrade":1,"minecraft:cracked_stone_bricks":1,"minecraft:red_mushroom":1,"minecraft:gold_block":1,"minecraft:red_bed":1,"regions_unexplored:elephant_ear":1,"minecraft:dark_oak_fence":11,"minecraft:dark_oak_trapdoor":26,"minecraft:writable_book":5,"minecraft:gold_nugget":24,"minecraft:sand":1166,"minecraft:dark_oak_planks":6,"minecraft:fishing_rod":7,"mmorpg:harvest/blue_gem":4,"regions_unexplored:mauve_sapling":19,"regions_unexplored:eucalyptus_shrub":1,"magistuarmory:barding":2,"minecraft:stone_axe":5,"corail_recycler:recycling_book":1,"minecraft:iron_nugget":16,"minecraft:cobbled_deepslate":1116,"minecraft:netherite_sword":2,"minecraft:wheat":1,"minecraft:rotten_flesh":150,"minecraft:glowstone_dust":10,"mmorpg:runes/cen":1,"mmorpg:material/farming/0":4,"minecraft:nether_brick_fence":1,"minecraft:coal_ore":7,"minecraft:jungle_log":3124,"minecraft:leather_boots":1,"minecraft:acacia_sapling":2,"minecraft:leather_leggings":2,"regions_unexplored:eucalyptus_sapling":20,"minecolonies:blockhutuniversity":1,"minecraft:beef":2,"minecraft:glass":51,"minecraft:stone_brick_stairs":93,"domum_ornamentum:plain":164,"minecraft:golden_boots":1,"mmorpg:rare_mats/fishing/greater":41,"minecraft:wheat_seeds":1754,"mmorpg:offhand/dodge/iron":1,"minecraft:book":19,"mmorpg:skill_gems/aura/dex":5,"minecraft:red_stained_glass":7,"mmorpg:skill_gems/support/int":10,"minecraft:coal_block":7,"magistuarmory:rustedcrusader_boots":1,"minecraft:lava_bucket":1,"minecraft:diamond_horse_armor":1,"minecraft:dark_oak_leaves":3,"minecraft:ink_sac":4,"minecraft:white_banner":5,"mmorpg:rare_mats/husbandry/greater":1,"minecraft:chipped_anvil":1,"minecraft:chainmail_leggings":3,"minecraft:stone_brick_slab":252,"minecraft:player_head":11,"minecolonies:compost":6,"minecraft:cocoa_beans":64,"minecraft:experience_bottle":58,"regions_unexplored:clover":4,"minecraft:iron_boots":2,"minecraft:name_tag":1,"minecraft:white_terracotta":233,"minecraft:shears":3,"minecraft:diamond_sword":8,"mmorpg:seafood/lesser_exp":2,"minecraft:flower_pot":1,"minecraft:spruce_trapdoor":3,"minecraft:diamond_pickaxe":12,"minecraft:barrel":11,"minecraft:redstone_torch":5,"mmorpg:rare_mats/fishing/lesser":34,"minecraft:stone_pressure_plate":1,"minecraft:stone_bricks":101,"minecraft:bamboo":155,"minecraft:sandstone":189,"minecraft:bow":8,"minecraft:red_sand":250,"regions_unexplored:orange_maple_leaf_pile":1,"magistuarmory:maximilian_helmet":2,"minecraft:terracotta":2858,"minecraft:soul_sand":256,"regions_unexplored:green_bioshroom":9,"minecolonies:scroll_buff":144,"minecraft:oak_log":192,"minecraft:dark_oak_sapling":180,"minecraft:chest_minecart":1,"minecraft:leather":17,"minecraft:jungle_planks":82,"minecraft:iron_horse_armor":5,"minecraft:mangrove_planks":2,"travelersbackpack:standard":11,"untamedwilds:hide_beige":2,"minecraft:birch_slab":1,"minecraft:music_disc_13":3,"minecraft:cobblestone_stairs":5,"minecraft:dark_oak_log":1809,"minecraft:gold_ingot":38,"minecraft:music_disc_otherside":1,"mmorpg:gems/sapphire/0":1,"minecraft:andesite_slab":12,"minecraft:soul_lantern":4,"regions_unexplored:maple_sapling":1,"minecraft:yellow_stained_glass":7,"travelersbackpack:bat":3,"travelersbackpack:gold_tier_upgrade":2,"magistuarmory:demon_horns_decoration":3,"minecraft:leather_chestplate":8,"travelersbackpack:iron_golem":1,"mmorpg:gems/garnet/0":1,"minecraft:iron_ore":1,"magistuarmory:rustedchainmail_boots":1,"structurize:sceptergold":8,"minecraft:bread":14,"magistuarmory:rustedkettlehat":2,"minecraft:golden_helmet":1,"minecolonies:questlog":1,"mmorpg:skill_gems/support/dex":1,"domum_ornamentum:one_crossed_rl":1,"mmorpg:chest/uncommon_gear":3,"mmorpg:jewel/int":1,"minecraft:tropical_fish":4,"mmorpg:weapon/staff/wood":5,"mmorpg:jewelry/necklace/gold":2,"minecraft:mossy_cobblestone_slab":1,"minecraft:melon_slice":31,"minecraft:jungle_door":4,"minecraft:zombie_head":25,"minecraft:fire_charge":13,"regions_unexplored:dead_steppe_shrub":3,"minecraft:stonecutter":1,"minecolonies:clipboard":1,"regions_unexplored:dark_oak_shrub":1,"minecraft:tripwire_hook":23,"magistuarmory:maximilian_chestplate":1,"minecraft:kelp":15,"mmorpg:jewelry/necklace/iron":3,"minecraft:flint_and_steel":4,"minecraft:copper_ore":30,"minecolonies:blockhuttownhall":2,"mmorpg:gems/ruby/0":2,"regions_unexplored:maple_leaf_pile":1,"mmorpg:offhand/tome/iron":1,"minecraft:andesite":98,"minecraft:oak_sapling":930,"travelersbackpack:hose_nozzle":1,"minecraft:wooden_pickaxe":1,"minecraft:magma_cream":74,"untamedwilds:flora_hemlock":2,"magistuarmory:steel_flamebladedsword":1,"mmorpg:skill_gems/aura/str":1,"minecraft:piston":16,"minecraft:crossbow":2,"minecraft:saddle":15,"minecraft:rail":34,"minecraft:leather_helmet":6,"minecraft:red_carpet":6,"minecraft:item_frame":29,"minecraft:dirt":4367,"regions_unexplored:purple_coneflower":7,"magistuarmory:rusted_bastardsword":1,"minecraft:jungle_sapling":315,"minecraft:wooden_sword":1,"minecraft:bone_meal":9,"minecraft:iron_pickaxe":1,"minecraft:gray_dye":1,"minecraft:cyan_carpet":1,"minecraft:bone":55,"minecraft:music_disc_chirp":1,"minecraft:golden_chestplate":6,"mmorpg:tp_back":4,"minecraft:birch_sapling":73,"minecraft:blaze_powder":1,"mmorpg:harvest/green_gem":13,"minecraft:salmon":3,"minecraft:eye_armor_trim_smithing_template":1,"minecolonies:resourcescroll":9,"mmorpg:weapon/staff/iron":1,"mcwbridges:bridge_torch":3,"minecraft:jungle_stairs":3,"minecraft:hopper":1,"minecraft:yellow_banner":16,"minecraft:campfire":2,"minecraft:crying_obsidian":3,"minecraft:egg":18,"mmorpg:material/farming/1":8,"minecraft:enchanted_book":45,"minecraft:iron_ingot":666,"mmorpg:stat_soul":2,"minecraft:chiseled_nether_bricks":1,"mmorpg:jewel/dex":1,"minecraft:tnt":23,"minecraft:golden_horse_armor":6,"minecraft:netherite_helmet":1,"minecraft:yellow_terracotta":743,"minecraft:iron_helmet":4,"minecraft:feather":6,"minecraft:cobblestone":985,"mmorpg:runes/eno":1,"minecraft:apple":73,"minecraft:granite":106,"minecolonies:scepterguard":1,"minecolonies:blockhutcitizen":1,"minecraft:chainmail_helmet":2,"minecraft:coal":89,"minecraft:polished_andesite":1,"minecraft:pufferfish":18,"minecraft:golden_carrot":6,"regions_unexplored:eucalyptus_log":1,"regions_unexplored:socotra_sapling":7,"minecraft:brown_terracotta":475,"minecraft:heart_of_the_sea":1,"minecraft:paper":19,"minecraft:string":44,"minecraft:spruce_sapling":68,"regions_unexplored:bamboo_log":18,"minecraft:stone_sword":4,"minecraft:smooth_stone_slab":6,"minecraft:deepslate":989,"mmorpg:material/fishing/1":115,"minecraft:chicken":2,"regions_unexplored:hyssop":19,"minecraft:nether_bricks":11,"minecraft:lightning_rod":1,"minecraft:potato":2,"minecraft:cobblestone_slab":25,"torchmaster:megatorch":2,"minecraft:stone":1493,"waystones:waystone":1,"mmorpg:currency/map_rarity_upgrade":1,"minecraft:diamond_axe":3,"minecraft:baked_potato":117,"minecolonies:supplycampdeployer":1,"regions_unexplored:blue_bioshroom":33,"minecraft:flint":2,"regions_unexplored:red_maple_leaf_pile":4,"minecraft:cornflower":1,"minecraft:cut_sandstone":45,"minecraft:birch_log":76,"minecraft:gravel":28,"mmorpg:rare_mats/farming/lesser":2,"regions_unexplored:pink_bioshroom":9,"minecraft:black_terracotta":2,"minecraft:diamond_shovel":9,"travelersbackpack:cactus":1,"minecraft:honey_bottle":4,"minecraft:chainmail_chestplate":2,"minecraft:chiseled_stone_bricks":1,"minecraft:poppy":1,"minecraft:gunpowder":3,"minecraft:skeleton_skull":18,"minecraft:glowstone":47,"minecraft:chainmail_boots":2,"minecraft:bee_nest":1,"minecraft:chest":4,"corail_recycler:diamond_shard":4,"minecraft:arrow":4,"minecraft:powered_rail":3,"mmorpg:rare_mats/farming/medium":1,"minecraft:quartz":23,"minecraft:oak_leaves":2,"minecraft:netherrack":59,"minecraft:spawner":39,"minecraft:water_bucket":2,"minecraft:mossy_cobblestone":23,"mmorpg:currency/jewel_corrupt":1,"mmorpg:harvest/purple_gem":7,"minecraft:bookshelf":38,"minecraft:diamond_leggings":4,"minecraft:poisonous_potato":3,"minecraft:lead":4,"minecolonies:blockhutguardtower":2,"minecraft:stick":283,"mmorpg:map":4,"minecraft:diorite":151,"minecraft:torch":145,"minecraft:brown_wool":2,"minecraft:map":6,"minecraft:iron_leggings":4,"mmorpg:keys/1":1,"mmorpg:gems/azurite/0":1,"minecraft:iron_axe":3,"minecraft:bucket":9,"minecraft:music_disc_cat":2,"minecraft:smooth_basalt":14,"minecraft:redstone":278,"mmorpg:gems/opal/0":2,"minecraft:nether_brick_slab":8,"minecraft:brown_dye":2,"minecraft:coarse_dirt":8,"minecraft:nether_wart":49,"minecraft:blaze_rod":12,"minecraft:raw_copper":4,"minecraft:jukebox":4,"minecraft:tuff":45,"mmorpg:material/fishing/0":64,"minecraft:wither_skeleton_skull":14,"minecraft:light_gray_wool":1,"regions_unexplored:pink_lupine":1,"minecraft:glass_pane":17,"minecraft:red_terracotta":508,"minecraft:filled_map":6,"minecraft:shield":4,"mmorpg:material/mining/1":1,"iceandfire:rotten_egg":1,"minecraft:diamond_chestplate":2,"minecraft:orange_terracotta":2802,"minecraft:iron_chestplate":8,"regions_unexplored:blackwood_sapling":119,"minecraft:golden_sword":3,"minecraft:diamond_boots":1,"mmorpg:jewelry/ring/iron":5,"minecraft:stone_pickaxe":1,"minecraft:raw_gold":2,"minecraft:calcite":29},"minecraft:killed":{"minecraft:skeleton_horse":1,"minecolonies:archerbarbarian":1,"minecraft:parrot":3,"minecraft:salmon":7,"minecraft:pillager":23,"minecraft:zombie":1140,"untamedwilds:bison":20,"minecraft:evoker":1,"minecolonies:amazonspearman":6,"enemyexpansion:faller":4,"minecraft:husk":1,"minecolonies:visitor":2,"iceandfire:ghost":2,"minecraft:zombified_piglin":18,"minecraft:witch":1,"minecraft:spider":51,"minecraft:bee":2,"minecolonies:amazonchief":3,"minecraft:silverfish":3,"minecraft:zombie_villager":3,"untamedwilds:boar":1,"minecraft:sheep":9,"minecraft:trader_llama":10,"minecraft:vex":30,"enemyexpansion:intruder":1,"minecraft:slime":1,"enemyexpansion:direwolf":12,"minecraft:drowned":5,"minecraft:squid":1,"minecraft:wither_skeleton":2500,"minecraft:cave_spider":34,"untamedwilds:wildebeest":9,"enemyexpansion:equestrian":1,"minecraft:skeleton":91,"minecraft:chicken":4,"untamedwilds:giant_salamander":1,"enemyexpansion:vampflyer":1,"minecraft:magma_cube":7,"enemyexpansion:botfly":396,"minecraft:cow":43,"minecolonies:chiefbarbarian":3,"minecraft:horse":2,"untamedwilds:catfish":4,"minecraft:ocelot":6,"untamedwilds:terror_bird":1,"untamedwilds:newt":1,"minecraft:wandering_trader":4,"minecraft:enderman":1,"minecolonies:amazon":2,"minecraft:pig":5,"minecraft:creeper":50,"minecraft:stray":3,"minecraft:blaze":26,"enemyexpansion:wasp":8,"enemyexpansion:crawler":1,"enemyexpansion:huntsman":4},"minecraft:used":{"minecraft:writable_book":1,"minecraft:black_carpet":1,"minecraft:stone":69,"untamedwilds:spawn_tortoise":1,"minecraft:red_nether_brick_stairs":1,"minecolonies:resourcescroll":342,"minecraft:rotten_flesh":12,"minecraft:soul_sand":9,"minecraft:jungle_sapling":81,"minecraft:lava_bucket":39,"minecolonies:barrel_block":2,"minecraft:jungle_fence_gate":21,"minecraft:red_wool":2,"minecraft:deepslate_copper_ore":4,"minecraft:dark_oak_leaves":1,"minecraft:dark_oak_slab":166,"domum_ornamentum:vanilla_trapdoors_compat":7,"sophisticatedstorage:storage_link":13,"minecraft:bow":583,"minecraft:cooked_cod":6,"travelersbackpack:redstone":5,"minecraft:damaged_anvil":1,"travelersbackpack:nether":5,"minecraft:wooden_pickaxe":4,"minecraft:composter":1,"minecraft:jungle_boat":26,"mcwbridges:balustrade_stone_bricks_bridge":8,"minecraft:blast_furnace":1,"minecraft:deepslate_iron_ore":51,"sophisticatedstorage:chest":33,"minecraft:coal_block":3,"minecraft:diamond_sword":3293,"minecraft:smithing_table":2,"minecraft:birch_log":1,"minecraft:oak_boat":1,"minecraft:enchanting_table":4,"minecraft:dead_bush":1,"mmorpg:gear_crafting_station":2,"mcwfences:deepslate_brick_grass_topped_wall":155,"mcwwindows:stone_brick_arrow_slit":1,"minecraft:tinted_glass":91,"minecraft:cooked_salmon":4,"minecraft:torch":485,"minecraft:brewing_stand":1,"minecraft:nether_quartz_ore":19,"regions_unexplored:eucalyptus_log":3,"minecraft:chipped_anvil":2,"minecraft:jungle_log":6,"mcwfences:stone_grass_topped_wall":34,"minecraft:barrel":42,"minecraft:trapped_chest":1,"minecraft:calcite":36,"minecraft:wheat_seeds":1275,"minecraft:gold_ore":8,"untamedwilds:flora_hemlock":1,"minecraft:red_bed":33,"minecraft:white_bed":1,"minecraft:campfire":2,"mmorpg:salvaging_station":5,"minecraft:diamond_pickaxe":22213,"minecraft:diamond_shovel":17614,"minecraft:spruce_trapdoor":267,"mmorpg:weapon/staff/iron":14,"minecraft:potion":1,"sophisticatedstorage:iron_chest":49,"minecraft:cooked_porkchop":12,"minecolonies:clipboard":2,"minecraft:dandelion":2,"minecraft:diamond_leggings":1,"regions_unexplored:silt_dirt":30,"minecraft:red_sand":18,"sophisticatedstorage:storage_tool":24,"minecraft:jungle_planks":82,"minecraft:obsidian":36,"minecraft:spruce_wood":8,"mcwroofs:stone_bricks_roof":59,"minecolonies:scepterguard":3,"minecraft:item_frame":96,"minecraft:deepslate_diamond_ore":37,"regions_unexplored:blue_bioshroom":1,"mmorpg:cooking_station":3,"minecraft:dark_oak_sapling":499,"travelersbackpack:spider":13,"minecraft:diamond_boots":1,"domum_ornamentum:architectscutter":3,"minecraft:wither_skeleton_skull":1,"minecraft:stone_pickaxe":767,"minecraft:jungle_fence":138,"minecraft:oak_planks":2,"minecraft:sandstone":18,"minecraft:chainmail_helmet":2,"minecraft:sugar_cane":153,"minecraft:diamond_axe":547,"regions_unexplored:barrel_cactus":1,"minecraft:white_wool":6,"minecraft:deepslate_lapis_ore":33,"minecraft:lever":4,"torchmaster:dreadlamp":1,"minecraft:dark_oak_log":45,"minecraft:bread":452,"minecraft:iron_door":4,"minecraft:deepslate":51,"mcwtrpdoors:jungle_ranch_trapdoor":21,"minecraft:bone_meal":221,"minecraft:flint_and_steel":4,"minecraft:redstone":55,"regions_unexplored:ash":1,"minecraft:deepslate_gold_ore":54,"minecraft:stone_hoe":558,"minecraft:cooked_chicken":16,"sophisticatedstorage:gold_chest":2,"minecraft:dirt":13843,"minecolonies:blockwaypoint":1,"minecraft:brown_terracotta":757,"minecraft:wooden_axe":357,"sophisticatedstorage:controller":5,"minecraft:iron_boots":3,"travelersbackpack:sponge":3,"minecraft:cooked_beef":20,"minecraft:pumpkin":10,"minecraft:iron_leggings":6,"minecraft:cobblestone_stairs":161,"minecraft:baked_potato":248,"minecraft:red_nether_bricks":3,"travelersbackpack:wither":3,"corail_recycler:recycler":7,"minecraft:spider_eye":1,"travelersbackpack:ghast":3,"mcwbridges:stone_brick_bridge_stair":20,"minecraft:lapis_ore":6,"minecraft:jungle_stairs":4,"minecraft:stone_axe":598,"mcwbridges:stone_brick_bridge":4,"mmorpg:enchanting_station":2,"minecraft:spruce_slab":15,"minecraft:chest":470,"minecraft:acacia_sapling":1,"minecraft:jungle_slab":56,"minecraft:orange_wool":5,"minecraft:copper_ore":152,"minecraft:stone_brick_stairs":203,"minecraft:furnace":9,"minecraft:egg":3,"minecraft:potato":471,"minecraft:diorite":6,"minecraft:sand":4,"minecraft:lightning_rod":1,"minecraft:wooden_sword":48,"minecraft:dark_oak_fence":38,"minecraft:netherrack":23,"minecraft:anvil":3,"minecraft:nether_brick_slab":2,"minecraft:jungle_trapdoor":67,"minecraft:shroomlight":4,"mmorpg:alchemy_station":4,"minecraft:iron_axe":871,"minecraft:spawner":23,"travelersbackpack:cactus":15,"minecraft:smooth_quartz":29,"regions_unexplored:enchanted_birch_leaf_pile":2,"minecraft:glowstone":7,"torchmaster:megatorch":5,"minecraft:cobbled_deepslate":38,"minecraft:water_bucket":137,"minecraft:yellow_banner":4,"minecraft:crafting_table":25,"minecraft:cod":7,"minecraft:dark_prismarine":1,"minecraft:iron_pickaxe":754,"mmorpg:teleporter":1,"minecraft:chiseled_stone_bricks":5,"minecraft:cobblestone":163,"travelersbackpack:standard":132,"structurize:sceptergold":24,"minecraft:iron_shovel":1514,"minecraft:shield":181,"minecraft:iron_sword":399,"minecraft:iron_chestplate":5,"minecraft:nether_bricks":34,"minecraft:carrot":227,"minecraft:tuff":26,"minecraft:cyan_wool":2,"minecraft:coal_ore":338,"minecraft:iron_helmet":6,"minecraft:stone_bricks":2447,"minecraft:repeater":21,"minecraft:redstone_lamp":21,"minecraft:yellow_terracotta":96,"minecraft:deepslate_redstone_ore":123,"minecraft:stone_brick_wall":2,"minecraft:shears":164,"minecraft:string":4,"minecraft:cyan_bed":1,"minecraft:gravel":32,"minecraft:golden_helmet":1,"minecraft:jungle_sign":23,"minecraft:grindstone":5,"minecraft:andesite":18,"minecraft:experience_bottle":1,"travelersbackpack:blaze":17,"minecraft:stone_shovel":2089,"minecraft:spruce_planks":48,"minecraft:white_carpet":15,"minecraft:hopper":194,"minecraft:spruce_stairs":8,"minecraft:granite":50,"minecraft:stone_brick_slab":1782,"minecraft:dark_oak_planks":61,"minecraft:bookshelf":99,"minecraft:golden_carrot":10,"minecraft:cooked_mutton":10,"minecraft:iron_ore":93,"minecraft:amethyst_block":2,"minecolonies:questlog":1,"minecraft:stonecutter":13,"minecraft:cobblestone_slab":1,"minecraft:terracotta":317,"mcwfences:modern_stone_brick_wall":24,"minecraft:dark_oak_door":1,"travelersbackpack:wolf":1,"minecraft:smoker":2,"regions_unexplored:orange_maple_leaf_pile":1,"minecraft:apple":8,"mcwbridges:bridge_torch":23,"minecraft:map":1,"regions_unexplored:larch_log":1,"mmorpg:weapon/staff/wood":502,"minecraft:fishing_rod":114,"minecraft:white_banner":2,"minecraft:jungle_door":2,"minecraft:bucket":179,"mcwfences:railing_stone_brick_wall":20},"minecraft:custom":{"minecraft:dexterity":30,"minecraft:interact_with_crafting_table":542,"minecraft:damage_blocked_by_shield":7098,"minecraft:play_time":5155034,"minecraft:deaths":4,"minecraft:jump":46205,"minecraft:intelligence":97,"minecraft:interact_with_smoker":3,"minecraft:interact_with_anvil":13,"minecraft:inspect_hopper":17,"minecraft:move_speed":0,"minecraft:tune_noteblock":1,"minecraft:time_since_rest":5978,"minecraft:swim_one_cm":563324,"minecraft:open_chest":5406,"minecraft:blood":0,"minecraft:health":575,"minecraft:play_noteblock":12,"minecraft:talked_to_villager":9,"minecraft:levels_gained":31,"minecraft:damage_dealt_resisted":66067,"minecraft:boat_one_cm":1925627,"minecraft:damage_taken":44314,"minecraft:strength":33,"minecraft:open_barrel":476,"minecraft:leave_game":49,"minecraft:time_since_death":3179591,"minecraft:enchant_item":44,"minecraft:interact_with_furnace":152,"minecraft:traded_with_villager":5,"minecraft:sleep_in_bed":363,"minecraft:waystone_activated":2,"minecraft:damage_dealt":190480,"minecraft:interact_with_smithing_table":10,"minecraft:mana":1519,"minecraft:magic_shield":161,"minecraft:sneak_time":180718,"minecraft:interact_with_blast_furnace":7,"minecraft:total_world_time":5155034,"minecraft:interact_with_stonecutter":98,"minecraft:fly_one_cm":9996131,"minecraft:fish_caught":77,"minecraft:fall_one_cm":782300,"minecraft:animals_bred":137,"minecraft:sprint_one_cm":12016552,"minecraft:drop":1673,"minecraft:energy":650,"minecraft:walk_on_water_one_cm":366977,"minecraft:crouch_one_cm":527853,"minecraft:mob_kills":4603,"minecraft:climb_one_cm":63353,"minecraft:walk_one_cm":15302684,"minecraft:walk_under_water_one_cm":276387,"minecraft:interact_with_grindstone":22,"minecraft:damage_absorbed":2773,"minecraft:trigger_trapped_chest":3},"minecraft:crafted":{"minecraft:black_dye":7,"magistuarmory:steel_zweihander":6,"mmorpg:gems/garnet/1":3,"travelersbackpack:crafting_upgrade":1,"mmorpg:enchanting_station":1,"minecraft:chain":8,"minecraft:diamond_shovel":6,"sophisticatedstorage:stack_upgrade_tier_4":1,"minecraft:iron_door":3,"minecraft:redstone_lamp":14,"minecraft:jungle_boat":1,"minecraft:smithing_table":1,"minecraft:stone_brick_stairs":23,"minecraft:lectern":1,"minecraft:wooden_hoe":1,"naturescompass:naturescompass":1,"minecraft:stone_slab":12,"minecraft:iron_pickaxe":2,"minecraft:composter":1,"magistuarmory:rusted_bastardsword":1,"minecraft:jungle_sign":36,"regions_unexplored:blackwood_planks":8,"minecraft:iron_nugget":81,"mcwbridges:stone_brick_bridge_stair":4,"domum_ornamentum:architectscutter":1,"minecraft:jack_o_lantern":8,"mcwfences:deepslate_brick_grass_topped_wall":306,"domum_ornamentum:one_crossed_rl":68,"domum_ornamentum:cobblestone_extra":100,"travelersbackpack:blank_upgrade":4,"minecraft:lantern":3,"minecolonies:blockhutuniversity":1,"sophisticatedstorage:upgrade_base":4,"minecraft:polished_diorite":1,"mmorpg:gems/tourmaline/1":3,"minecraft:black_concrete_powder":8,"minecraft:stone_pickaxe":11,"domum_ornamentum:up_gated":8,"travelersbackpack:spider":1,"minecraft:light_gray_terracotta":8,"mmorpg:gems/topaz/2":1,"minecraft:light_blue_wool":1,"mmorpg:gems/azurite/1":2,"mcwbridges:bridge_torch":18,"minecraft:dark_oak_button":23,"minecraft:red_carpet":3,"minecraft:orange_dye":10,"sophisticatedstorage:storage_link":3,"minecraft:red_stained_glass":8,"mmorpg:gems/emerald/1":3,"minecraft:black_stained_glass_pane":8,"minecraft:iron_shovel":6,"mmorpg:salvaging_station":2,"sophisticatedstorage:controller":3,"mmorpg:gems/opal/1":5,"minecraft:grindstone":2,"mmorpg:gems/opal/2":1,"minecraft:cobblestone_slab":60,"minecraft:barrel":41,"magistuarmory:steel_flamebladedsword":3,"sophisticatedstorage:gold_chest":4,"travelersbackpack:hose_nozzle":1,"minecraft:lightning_rod":1,"minecraft:stone":13,"mmorpg:gems/sapphire/2":1,"minecraft:brown_carpet":3,"minecraft:cake":1,"mmorpg:socket_extractor":1,"minecraft:stone_brick_slab":66,"minecraft:bow":2,"mmorpg:gems/emerald/2":1,"minecraft:comparator":6,"minecraft:chest":321,"corail_recycler:recycler":2,"corail_recycler:diamond_disk":5,"minecraft:copper_block":2,"minecraft:jungle_stairs":4,"minecraft:bricks":5,"minecraft:stone_bricks":2421,"minecraft:cauldron":1,"sophisticatedstorage:storage_tool":1,"minecraft:brown_dye":14,"mcwfences:modern_stone_brick_wall":20,"minecraft:yellow_stained_glass":8,"minecraft:spruce_trapdoor":6,"minecraft:yellow_dye":8,"minecraft:purple_dye":12,"minecraft:pink_wool":1,"minecraft:gray_terracotta":8,"minecraft:stick":284,"mmorpg:gems/amethyst/2":1,"minecraft:iron_ingot":938,"mmorpg:gear_crafting_station":1,"minecraft:black_bed":3,"minecraft:dark_oak_fence_gate":6,"minecraft:fishing_rod":7,"sophisticatedstorage:iron_chest":103,"minecraft:furnace":9,"domum_ornamentum:vanilla_trapdoors_compat":10,"minecraft:blast_furnace":1,"minecolonies:blockhutbuilder":1,"minecraft:flint_and_steel":2,"minecraft:scaffolding":12,"mmorpg:gems/tourmaline/2":1,"mmorpg:alchemy_station":1,"mmorpg:gems/topaz/1":3,"travelersbackpack:diamond_tier_upgrade":1,"travelersbackpack:backpack_tank":40,"minecolonies:questlog":1,"minecraft:black_banner":2,"minecolonies:blockhutminer":1,"minecraft:jungle_planks":2640,"domum_ornamentum:shingle_slab":72,"sophisticatedstorage:chest":99,"minecraft:jungle_door":6,"minecraft:white_dye":13,"minecraft:black_carpet":3,"minecraft:stonecutter":1,"minecraft:anvil":2,"minecraft:torch":692,"domum_ornamentum:plain":592,"minecraft:smooth_stone":5,"minecraft:jungle_fence_gate":21,"minecraft:cut_sandstone":4,"minecraft:dark_oak_pressure_plate":5,"minecraft:orange_carpet":3,"mmorpg:gems/garnet/2":1,"minecraft:dark_oak_wood":54,"minecraft:loom":1,"minecraft:lever":3,"sophisticatedstorage:stack_upgrade_tier_1":4,"minecraft:bookshelf":20,"travelersbackpack:bat":3,"sophisticatedstorage:stack_upgrade_tier_3":1,"minecraft:iron_bars":32,"minecraft:glass":339,"minecraft:repeater":17,"domum_ornamentum:red_brick_extra":12,"domum_ornamentum:blockbarreldeco_onside":18,"minecolonies:resourcescroll":3,"minecraft:magenta_dye":3,"minecraft:gray_bed":4,"minecraft:flower_pot":15,"minecolonies:barrel_block":2,"torchmaster:megatorch":10,"domum_ornamentum:double_crossed":88,"travelersbackpack:standard":18,"torchmaster:dreadlamp":1,"minecraft:spruce_door":3,"minecraft:copper_ingot":179,"minecraft:hay_block":83,"minecraft:campfire":8,"corail_recycler:diamond_shard":9,"minecraft:light_gray_bed":1,"minecolonies:blockhutfield":3,"minecraft:compass":1,"minecraft:iron_block":254,"minecraft:gold_ingot":120,"minecraft:light_gray_dye":6,"mcwbridges:stone_brick_bridge":4,"magistuarmory:antlers_decoration":5,"minecolonies:clipboard":2,"regions_unexplored:ash":1,"minecraft:stone_shovel":18,"minecraft:tinted_glass":96,"minecolonies:blockhutcitizen":1,"mmorpg:teleporter":1,"minecraft:bone_meal":4065,"minecraft:pink_dye":2,"minecraft:white_carpet":39,"minecolonies:blockhutfarmer":1,"sophisticatedstorage:copper_chest":70,"minecraft:diamond":54,"magistuarmory:steel_lucernhammer":4,"minecraft:dark_oak_fence":465,"travelersbackpack:white_sleeping_bag":22,"minecraft:ladder":18,"minecraft:spruce_slab":18,"minecraft:redstone_block":51,"minecraft:jungle_fence":192,"minecraft:dark_oak_planks":7160,"domum_ornamentum:framed":100,"minecraft:wheat":1008,"minecraft:coal_block":141,"minecolonies:blockhuttownhall":1,"domum_ornamentum:brick_extra":156,"domum_ornamentum:one_crossed_lr":56,"minecraft:polished_granite":1,"minecraft:jungle_slab":72,"domum_ornamentum:paper_extra":116,"domum_ornamentum:shingle":496,"minecraft:andesite_slab":12,"minecraft:wooden_axe":29,"minecraft:white_bed":6,"minecolonies:blockminecoloniesrack":11,"minecraft:oak_planks":4,"sophisticatedstorage:stack_upgrade_tier_1_plus":1,"minecolonies:blockhuthospital":1,"sophisticatedstorage:barrel":1,"minecraft:cobblestone_stairs":79,"mmorpg:gems/ruby/2":1,"minecraft:green_dye":4,"minecraft:dark_oak_door":21,"minecraft:hopper":100,"mmorpg:cooking_station":1,"mmorpg:tp_back":4,"mmorpg:gems/ruby/1":3,"minecraft:stone_hoe":7,"mcwtrpdoors:jungle_ranch_trapdoor":8,"minecraft:smoker":1,"minecraft:item_frame":67,"travelersbackpack:iron_tier_upgrade":2,"minecraft:map":1,"minecraft:crafting_table":28,"minecraft:spruce_planks":128,"minecraft:wooden_pickaxe":1,"minecraft:baked_potato":64,"mmorpg:keys/1":1,"minecraft:gold_block":102,"minecraft:birch_planks":8,"minecraft:dark_oak_slab":486,"mmorpg:gems/amethyst/1":3,"minecraft:paper":288,"minecraft:diamond_pickaxe":8,"minecraft:emerald_block":29,"minecraft:shield":1,"minecraft:light_blue_dye":2,"minecraft:stone_sword":2,"minecraft:gray_carpet":12,"minecraft:redstone_torch":153,"minecraft:shears":4,"minecraft:polished_andesite":14,"minecraft:coarse_dirt":252,"minecraft:wooden_sword":1,"minecraft:coal":360,"minecraft:dark_oak_trapdoor":78,"minecraft:jungle_trapdoor":36,"minecraft:gray_dye":2,"minecraft:dark_oak_sign":9,"minecraft:diamond_block":75,"minecraft:glass_pane":16,"minecolonies:blockhutguardtower":2,"minecraft:iron_axe":8,"minecraft:lime_dye":6,"minecraft:chiseled_sandstone":1,"regions_unexplored:eucalyptus_sapling":14,"minecraft:cooked_beef":9,"minecraft:sugar":2,"minecolonies:blockhutlibrary":1,"minecraft:red_dye":17,"minecraft:bone_block":448,"minecraft:diamond_sword":50,"minecraft:cyan_dye":12,"minecraft:dark_oak_stairs":1724,"mcwwindows:stone_brick_arrow_slit":3,"minecraft:yellow_carpet":3,"minecraft:bucket":4,"minecraft:stone_axe":20,"minecraft:air":0,"minecraft:bread":226,"minecraft:blue_dye":14,"domum_ornamentum:blockbarreldeco_standing":24,"minecraft:oak_boat":1,"minecraft:magenta_terracotta":8,"minecolonies:blockwaypoint":16,"minecraft:white_wool":67,"minecraft:raw_gold":9,"sophisticatedstorage:stack_upgrade_tier_2":1,"mmorpg:gems/sapphire/1":3,"minecraft:lapis_block":43}},"DataVersion":3465}