{"stats":{"minecraft:broken":{"minecraft:stone_pickaxe":1,"minecraft:stone_axe":2,"minecraft:wooden_axe":29,"minecraft:stone_shovel":14},"minecraft:mined":{"regions_unexplored:palm_shrub":1,"minecraft:yellow_wall_banner":21,"minecraft:jungle_leaves":5,"minecraft:red_sand":1,"minecraft:grass_block":1579,"minecraft:jungle_log":1897,"minecraft:birch_slab":1,"minecraft:sandstone":13,"minecraft:hay_block":53,"minecraft:carrots":6,"minecolonies:blockconstructiontape":1,"minecraft:iron_ore":3,"minecraft:suspicious_sand":1,"minecraft:bookshelf":20,"minecraft:potatoes":6,"minecraft:vine":146,"minecraft:stripped_jungle_log":5,"regions_unexplored:medium_grass":1,"minecraft:bamboo":22,"minecraft:stone":81,"regions_unexplored:silt_grass_block":29,"regions_unexplored:flowering_shrub":1,"regions_unexplored:barrel_cactus":1,"untamedwilds:flora_water_hyacinth":3,"minecraft:red_bed":18,"minecraft:crafting_table":7,"regions_unexplored:silt_dirt":2,"minecraft:chest":29,"minecraft:dead_bush":1,"minecraft:sugar_cane":3,"minecraft:oak_planks":17,"minecraft:diorite":1,"minecraft:wall_torch":1,"minecraft:cactus":1,"regions_unexplored:socotra_log":57,"regions_unexplored:silt_coarse_dirt":14,"minecraft:birch_log":7,"minecraft:wheat":9,"regions_unexplored:sandy_grass":1,"minecraft:grass":461,"minecraft:oak_log":368,"minecraft:coal_ore":39,"minecraft:gravel":1,"minecraft:sand":39,"minecraft:dirt":231,"minecraft:sandstone_wall":4,"minecraft:oak_leaves":296,"minecraft:fern":127},"minecraft:crafted":{"minecraft:wooden_sword":1,"minecraft:oak_planks":4,"minecraft:stone_shovel":15,"immersive_armors:wooden_chestplate":1,"minecraft:stone_pickaxe":2,"minecraft:chest":13,"immersive_armors:wooden_helmet":1,"minecraft:crafting_table":2,"minecraft:jungle_boat":1,"immersive_armors:wooden_leggings":1,"minecraft:hay_block":12,"minecraft:stone_axe":2,"minecraft:jungle_planks":204,"immersive_armors:wooden_boots":1,"minecraft:oak_boat":1,"minecraft:stick":12,"minecraft:wooden_axe":29,"mcwfurnitures:jungle_covered_desk":2,"minecraft:torch":148},"minecraft:picked_up":{"minecraft:cocoa_beans":96,"minecraft:crafting_table":7,"minecraft:wheat":106,"minecraft:clay_ball":5,"minecraft:chicken":1,"minecolonies:scroll_buff":64,"regions_unexplored:silt_coarse_dirt":14,"minecraft:leather_leggings":1,"minecraft:lead":2,"minecraft:brown_mushroom":1,"minecraft:wooden_pickaxe":1,"regions_unexplored:silt_dirt":31,"minecraft:enchanted_book":2,"regions_unexplored:palm_shrub":1,"minecraft:string":1,"minecraft:red_bed":19,"minecraft:moss_carpet":1,"minecraft:compass":2,"minecraft:red_sand":1,"untamedwilds:flora_water_hyacinth_item":3,"minecraft:eye_armor_trim_smithing_template":1,"minecraft:beef":6,"minecraft:oak_boat":1,"minecraft:jungle_sapling":193,"minecraft:light_gray_wool":2,"minecraft:chest":29,"minecraft:sugar_cane":5,"minecraft:birch_sapling":3,"minecraft:egg":3,"minecraft:stick":416,"minecraft:raw_iron":3,"minecraft:sandstone":12,"minecraft:torch":39,"regions_unexplored:barrel_cactus":1,"minecraft:porkchop":9,"structurize:sceptergold":1,"minecraft:diorite":1,"minecraft:carrot":20,"regions_unexplored:daisy":14,"regions_unexplored:socotra_log":57,"minecraft:yellow_banner":21,"minecraft:rotten_flesh":3,"minecraft:cactus":48,"minecraft:arrow":3,"minecraft:stone_shovel":1,"minecraft:shears":1,"minecraft:hay_block":52,"minecraft:mutton":3,"minecraft:white_wool":21,"minecraft:cobblestone":92,"minecraft:birch_log":7,"minecraft:jungle_boat":4,"minecraft:feather":1,"minecraft:birch_slab":1,"minecraft:jungle_log":1780,"minecraft:brown_wool":2,"minecraft:leather":8,"minecraft:potato":23,"minecraft:oak_log":377,"minecraft:gunpowder":6,"minecraft:map":4,"minecraft:dirt":1779,"minecraft:paper":19,"minecraft:white_banner":1,"untamedwilds:flora_junegrass":3,"minecraft:leather_boots":1,"minecraft:bone":3,"minecraft:apple":43,"minecraft:wheat_seeds":112,"minecraft:bamboo":30,"minecraft:oak_planks":19,"minecraft:green_dye":3,"minecraft:book":66,"minecraft:gravel":2,"minecraft:sand":26,"minecraft:dead_bush":12,"minecraft:leather_helmet":1,"minecraft:stripped_jungle_log":5,"regions_unexplored:hyssop":35,"regions_unexplored:fireweed":12,"minecraft:stone_axe":1,"regions_unexplored:socotra_sapling":7,"minecraft:granite":8,"minecraft:crossbow":1,"minecraft:gray_wool":3,"minecraft:emerald":7,"minecraft:bread":79,"minecraft:oak_sapling":296,"minecraft:black_wool":4,"minecraft:coal":39},"minecraft:dropped":{"minecraft:jungle_planks":19,"minecraft:dirt":343,"minecraft:red_bed":1,"minecraft:torch":42},"minecraft:killed":{"minecraft:spider":1,"enemyexpansion:direwolf":1,"minecraft:horse":2,"minecraft:chicken":1,"minecraft:parrot":1,"minecraft:pig":5,"minecraft:wandering_trader":1,"minecraft:creeper":2,"minecraft:sheep":2,"minecraft:trader_llama":2,"minecraft:pillager":2,"minecraft:zombie":1,"enemyexpansion:huntsman":1,"minecraft:cow":2,"enemyexpansion:wasp":3},"minecraft:custom":{"minecraft:mob_kills":28,"minecraft:interact_with_crafting_table":34,"minecraft:open_barrel":15,"minecraft:leave_game":7,"minecraft:time_since_death":318396,"minecraft:climb_one_cm":18334,"minecraft:sprint_one_cm":551668,"minecraft:walk_one_cm":1087338,"minecraft:drop":50,"minecraft:talked_to_villager":4,"minecraft:play_time":318396,"minecraft:sneak_time":10313,"minecraft:walk_under_water_one_cm":13032,"minecraft:boat_one_cm":179775,"minecraft:jump":3834,"minecraft:walk_on_water_one_cm":21169,"minecraft:total_world_time":318396,"minecraft:interact_with_furnace":3,"minecraft:sleep_in_bed":21,"minecraft:time_since_rest":10794,"minecraft:waystone_activated":1,"minecraft:damage_taken":1438,"minecraft:damage_dealt":4066,"minecraft:swim_one_cm":34557,"minecraft:fly_one_cm":618973,"minecraft:open_chest":86,"minecraft:crouch_one_cm":39722,"minecraft:fall_one_cm":87554},"minecraft:used":{"regions_unexplored:silt_dirt":28,"minecraft:stone_shovel":1881,"minecraft:chest":13,"minecraft:cooked_chicken":16,"minecraft:torch":139,"minecraft:dirt":1106,"minecraft:wooden_axe":357,"minecraft:jungle_log":5,"minecraft:stone_pickaxe":147,"minecraft:oak_planks":2,"minecraft:wooden_pickaxe":4,"minecraft:sandstone":12,"regions_unexplored:barrel_cactus":1,"minecraft:jungle_boat":4,"minecraft:white_wool":6,"minecraft:sand":4,"minecraft:crafting_table":9,"minecraft:red_bed":17,"minecraft:apple":4,"minecraft:bread":20,"minecraft:stone_axe":212,"minecraft:wooden_sword":48,"minecraft:white_banner":1,"minecraft:cooked_porkchop":5,"minecraft:oak_boat":1,"structurize:sceptergold":2}},"DataVersion":3465}