{"stats":{"minecraft:custom":{"minecraft:open_barrel":5,"minecraft:time_since_rest":20586,"minecraft:open_chest":16,"minecraft:blood":0,"minecraft:magic_shield":0,"minecraft:crouch_one_cm":28,"minecraft:play_time":34730,"minecraft:sprint_one_cm":83621,"minecraft:walk_one_cm":244956,"minecraft:damage_taken":529,"minecraft:deaths":1,"minecraft:sneak_time":134,"minecraft:walk_under_water_one_cm":3339,"minecraft:dexterity":0,"minecraft:jump":238,"minecraft:intelligence":0,"minecraft:energy":50,"minecraft:leave_game":3,"minecraft:time_since_death":20535,"minecraft:health":70,"minecraft:walk_on_water_one_cm":7635,"minecraft:move_speed":0,"minecraft:strength":0,"minecraft:sleep_in_bed":1,"minecraft:climb_one_cm":1444,"minecraft:total_world_time":34730,"minecraft:fly_one_cm":8675,"minecraft:fall_one_cm":7779,"minecraft:mana":50},"minecraft:picked_up":{"minecraft:arrow":1,"minecraft:bone":1}},"DataVersion":3465}