{
  "mcwfences:recipes/stone": {
    "criteria": {
      "has_stone": "2024-05-10 02:55:18 +0000"
    },
    "done": true
  },
  "mcwfences:recipes/end": {
    "criteria": {
      "has_end_brick": "2024-05-10 02:55:18 +0000"
    },
    "done": true
  },
  "mcwfences:recipes/dark_oak": {
    "criteria": {
      "has_dark_oak": "2024-05-10 02:55:18 +0000"
    },
    "done": true
  },
  "mcwfences:recipes/crimson": {
    "criteria": {
      "has_crimson": "2024-05-10 02:55:18 +0000"
    },
    "done": true
  },
  "mcwfences:recipes/prismarine": {
    "criteria": {
      "has_qq": "2024-05-10 02:55:18 +0000"
    },
    "done": true
  },
  "mcwfences:recipes/quartz": {
    "criteria": {
      "has_qq": "2024-05-10 02:55:18 +0000"
    },
    "done": true
  },
  "mcwfences:recipes/sandstone": {
    "criteria": {
      "has_sand": "2024-05-10 02:55:18 +0000"
    },
    "done": true
  },
  "mcwfences:recipes/acacia": {
    "criteria": {
      "has_acacia": "2024-05-10 02:55:18 +0000"
    },
    "done": true
  },
  "minecraft:recipes/decorations/crafting_table": {
    "criteria": {
      "unlock_right_away": "2024-05-10 02:55:18 +0000"
    },
    "done": true
  },
  "mcwfences:recipes/jungle": {
    "criteria": {
      "has_jungle": "2024-05-10 02:55:18 +0000"
    },
    "done": true
  },
  "mcwfences:recipes/oak": {
    "criteria": {
      "has_oak": "2024-05-10 02:55:18 +0000"
    },
    "done": true
  },
  "mcwfences:recipes/mud_brick": {
    "criteria": {
      "has_qq": "2024-05-10 02:55:18 +0000"
    },
    "done": true
  },
  "mcwfences:recipes/mangrove": {
    "criteria": {
      "has_mangrove": "2024-05-10 02:55:18 +0000"
    },
    "done": true
  },
  "mcwfences:recipes/warped": {
    "criteria": {
      "has_warped": "2024-05-10 02:55:18 +0000"
    },
    "done": true
  },
  "mcwfences:recipes/blackstone": {
    "criteria": {
      "has_blackstone": "2024-05-10 02:55:18 +0000"
    },
    "done": true
  },
  "mcwfences:recipes/hedge": {
    "criteria": {
      "has_birch": "2024-05-10 02:55:18 +0000"
    },
    "done": true
  },
  "mcwfences:recipes/nether": {
    "criteria": {
      "has_nether_brick": "2024-05-10 02:55:18 +0000"
    },
    "done": true
  },
  "mcwfences:recipes/bamboo": {
    "criteria": {
      "has_bamboo": "2024-05-10 02:55:18 +0000"
    },
    "done": true
  },
  "mcwfences:recipes/deepslate": {
    "criteria": {
      "has_deepslate": "2024-05-10 02:55:18 +0000"
    },
    "done": true
  },
  "dungeons_arise:wda_root": {
    "criteria": {
      "WDA": "2024-05-10 02:55:18 +0000"
    },
    "done": true
  },
  "weaponmaster:parts/root": {
    "criteria": {
      "crafting_table": "2024-05-10 02:55:18 +0000"
    },
    "done": true
  },
  "mcwfences:recipes/spruce": {
    "criteria": {
      "has_spruce": "2024-05-10 02:55:18 +0000"
    },
    "done": true
  },
  "betterdungeons:root": {
    "criteria": {
      "always": "2024-05-10 02:55:18 +0000"
    },
    "done": true
  },
  "mcwfences:recipes/birch": {
    "criteria": {
      "has_birch": "2024-05-10 02:55:18 +0000"
    },
    "done": true
  },
  "minecraft:adventure/adventuring_time": {
    "criteria": {
      "minecraft:wooded_badlands": "2024-05-28 18:53:45 +0000",
      "minecraft:forest": "2024-05-10 04:08:28 +0000",
      "minecraft:jungle": "2024-05-10 02:55:19 +0000"
    },
    "done": false
  },
  "regions_unexplored:parent": {
    "criteria": {
      "load_in_world": "2024-05-10 02:55:19 +0000"
    },
    "done": true
  },
  "mcwtrpdoors:recipes/acacia/jungle_bark_trapdoor": {
    "criteria": {
      "has_logs": "2024-05-10 02:56:02 +0000"
    },
    "done": true
  },
  "minecraft:recipes/building_blocks/jungle_wood": {
    "criteria": {
      "has_log": "2024-05-10 02:56:02 +0000"
    },
    "done": true
  },
  "mcwtrpdoors:recipes/jungle/jungle_cottage_trapdoor": {
    "criteria": {
      "has_logs": "2024-05-10 02:56:02 +0000"
    },
    "done": true
  },
  "mcwdoors:recipes/jungle": {
    "criteria": {
      "has_wood": "2024-05-10 02:56:02 +0000"
    },
    "done": true
  },
  "mcwtrpdoors:recipes/jungle/jungle_swamp_trapdoor": {
    "criteria": {
      "has_logs": "2024-05-10 02:56:02 +0000"
    },
    "done": true
  },
  "immersive_armors:recipes/misc/wooden": {
    "criteria": {
      "has_item": "2024-05-10 02:56:02 +0000"
    },
    "done": true
  },
  "naturescompass:natures_compass": {
    "criteria": {
      "has_recipe": "2024-05-10 02:56:02 +0000"
    },
    "done": true
  },
  "mcwtrpdoors:recipes/jungle/jungle_ranch_trapdoor": {
    "criteria": {
      "has_logs": "2024-05-10 02:56:02 +0000"
    },
    "done": true
  },
  "domum_ornamentum:recipes/tools/architectscutter": {
    "criteria": {
      "has_log": "2024-05-10 02:56:02 +0000"
    },
    "done": true
  },
  "mcwroofs:recipes/jungle": {
    "criteria": {
      "has_planks": "2024-05-10 02:56:02 +0000"
    },
    "done": true
  },
  "mcwtrpdoors:recipes/jungle/jungle_barn_trapdoor": {
    "criteria": {
      "has_logs": "2024-05-10 02:56:02 +0000"
    },
    "done": true
  },
  "mcwtrpdoors:recipes/jungle/jungle_four_panel_trapdoor": {
    "criteria": {
      "has_logs": "2024-05-10 02:56:02 +0000"
    },
    "done": true
  },
  "mcwbridges:recipes/jungle_bridge_pier": {
    "criteria": {
      "has_planks": "2024-05-10 02:56:02 +0000"
    },
    "done": true
  },
  "mcwtrpdoors:recipes/print_beach": {
    "criteria": {
      "has_logs": "2024-05-10 02:56:02 +0000"
    },
    "done": true
  },
  "mcwtrpdoors:recipes/jungle/jungle_tropical_trapdoor": {
    "criteria": {
      "has_logs": "2024-05-10 02:56:02 +0000"
    },
    "done": true
  },
  "minecraft:recipes/building_blocks/jungle_planks": {
    "criteria": {
      "has_logs": "2024-05-10 02:56:02 +0000"
    },
    "done": true
  },
  "mcwtrpdoors:recipes/jungle/jungle_glass_trapdoor": {
    "criteria": {
      "has_logs": "2024-05-10 02:56:02 +0000"
    },
    "done": true
  },
  "mcwtrpdoors:recipes/jungle/jungle_classic_trapdoor": {
    "criteria": {
      "has_logs": "2024-05-10 02:56:02 +0000"
    },
    "done": true
  },
  "minecraft:recipes/misc/charcoal": {
    "criteria": {
      "has_log": "2024-05-10 02:56:02 +0000"
    },
    "done": true
  },
  "naturescompass:natures_compass_log": {
    "criteria": {
      "has_log": "2024-05-10 02:56:02 +0000"
    },
    "done": true
  },
  "mcwtrpdoors:recipes/jungle/jungle_mystic_trapdoor": {
    "criteria": {
      "has_logs": "2024-05-10 02:56:02 +0000"
    },
    "done": true
  },
  "mcwtrpdoors:recipes/jungle/jungle_barrel_trapdoor": {
    "criteria": {
      "has_logs": "2024-05-10 02:56:02 +0000"
    },
    "done": true
  },
  "naturescompass:natures_compass_sapling": {
    "criteria": {
      "has_recipe": "2024-05-10 02:56:02 +0000"
    },
    "done": true
  },
  "mcwtrpdoors:recipes/jungle/jungle_paper_trapdoor": {
    "criteria": {
      "has_logs": "2024-05-10 02:56:02 +0000"
    },
    "done": true
  },
  "regions_unexplored:recipes/decorations/jungle_branch_from_jungle_log": {
    "criteria": {
      "has_log": "2024-05-10 02:56:02 +0000"
    },
    "done": true
  },
  "mcwtrpdoors:recipes/jungle/jungle_barred_trapdoor": {
    "criteria": {
      "has_logs": "2024-05-10 02:56:02 +0000"
    },
    "done": true
  },
  "mcwfurnitures:recipes/jungle": {
    "criteria": {
      "has_wood": "2024-05-10 02:56:02 +0000"
    },
    "done": true
  },
  "mcwwindows:recipes/jungle": {
    "criteria": {
      "has_wood": "2024-05-10 02:56:02 +0000"
    },
    "done": true
  },
  "minecraft:adventure/root": {
    "criteria": {
      "killed_something": "2024-05-10 04:02:53 +0000"
    },
    "done": true
  },
  "minecraft:recipes/decorations/ladder": {
    "criteria": {
      "has_stick": "2024-05-10 04:02:57 +0000"
    },
    "done": true
  },
  "minecolonies:recipes/misc/shapetool": {
    "criteria": {
      "has_stick": "2024-05-10 04:02:57 +0000"
    },
    "done": true
  },
  "minecraft:recipes/tools/wooden_axe": {
    "criteria": {
      "has_stick": "2024-05-10 04:02:57 +0000"
    },
    "done": true
  },
  "domum_ornamentum:recipes/building_blocks/blockbarreldeco_onside": {
    "criteria": {
      "has_stick": "2024-05-10 04:02:57 +0000"
    },
    "done": true
  },
  "minecraft:recipes/decorations/campfire": {
    "criteria": {
      "has_stick": "2024-05-10 04:02:57 +0000"
    },
    "done": true
  },
  "minecraft:recipes/tools/wooden_hoe": {
    "criteria": {
      "has_stick": "2024-05-10 04:02:57 +0000"
    },
    "done": true
  },
  "minecraft:recipes/tools/wooden_pickaxe": {
    "criteria": {
      "has_stick": "2024-05-10 04:02:57 +0000"
    },
    "done": true
  },
  "minecraft:recipes/tools/wooden_shovel": {
    "criteria": {
      "has_stick": "2024-05-10 04:02:57 +0000"
    },
    "done": true
  },
  "minecraft:recipes/combat/wooden_sword": {
    "criteria": {
      "has_stick": "2024-05-10 04:02:57 +0000"
    },
    "done": true
  },
  "domum_ornamentum:recipes/building_blocks/blockbarreldeco_standing": {
    "criteria": {
      "has_stick": "2024-05-10 04:02:57 +0000"
    },
    "done": true
  },
  "regions_unexplored:recipes/building_blocks/lime_painted_planks": {
    "criteria": {
      "has_planks": "2024-05-10 04:04:22 +0000"
    },
    "done": true
  },
  "mcwbridges:recipes/rope_jungle_bridge": {
    "criteria": {
      "has_planks": "2024-05-10 04:04:22 +0000"
    },
    "done": true
  },
  "mcwbridges:recipes/jungle_log_bridge_middle": {
    "criteria": {
      "has_planks": "2024-05-10 04:04:22 +0000"
    },
    "done": true
  },
  "mcwroofs:recipes/jungle_planks": {
    "criteria": {
      "has_planks": "2024-05-10 04:04:22 +0000"
    },
    "done": true
  },
  "regions_unexplored:recipes/building_blocks/green_painted_planks": {
    "criteria": {
      "has_planks": "2024-05-10 04:04:22 +0000"
    },
    "done": true
  },
  "regions_unexplored:recipes/building_blocks/white_painted_planks": {
    "criteria": {
      "has_planks": "2024-05-10 04:04:22 +0000"
    },
    "done": true
  },
  "regions_unexplored:recipes/building_blocks/brown_painted_planks": {
    "criteria": {
      "has_planks": "2024-05-10 04:04:22 +0000"
    },
    "done": true
  },
  "minecraft:recipes/misc/stick": {
    "criteria": {
      "has_planks": "2024-05-10 04:04:22 +0000"
    },
    "done": true
  },
  "regions_unexplored:recipes/building_blocks/light_gray_painted_planks": {
    "criteria": {
      "has_planks": "2024-05-10 04:04:22 +0000"
    },
    "done": true
  },
  "regions_unexplored:recipes/building_blocks/light_blue_painted_planks": {
    "criteria": {
      "has_planks": "2024-05-10 04:04:22 +0000"
    },
    "done": true
  },
  "regions_unexplored:recipes/building_blocks/yellow_painted_planks": {
    "criteria": {
      "has_planks": "2024-05-10 04:04:22 +0000"
    },
    "done": true
  },
  "regions_unexplored:recipes/building_blocks/purple_painted_planks": {
    "criteria": {
      "has_planks": "2024-05-10 04:04:22 +0000"
    },
    "done": true
  },
  "minecraft:recipes/redstone/jungle_button": {
    "criteria": {
      "has_planks": "2024-05-10 04:04:22 +0000"
    },
    "done": true
  },
  "regions_unexplored:recipes/building_blocks/black_painted_planks": {
    "criteria": {
      "has_planks": "2024-05-10 04:04:22 +0000"
    },
    "done": true
  },
  "regions_unexplored:recipes/building_blocks/cyan_painted_planks": {
    "criteria": {
      "has_planks": "2024-05-10 04:04:22 +0000"
    },
    "done": true
  },
  "minecraft:recipes/building_blocks/jungle_stairs": {
    "criteria": {
      "has_planks": "2024-05-10 04:04:22 +0000"
    },
    "done": true
  },
  "minecraft:recipes/redstone/jungle_fence_gate": {
    "criteria": {
      "has_planks": "2024-05-10 04:04:22 +0000"
    },
    "done": true
  },
  "regions_unexplored:recipes/building_blocks/pink_painted_planks": {
    "criteria": {
      "has_planks": "2024-05-10 04:04:22 +0000"
    },
    "done": true
  },
  "mcwbridges:recipes/jungle_rail_bridge": {
    "criteria": {
      "has_planks": "2024-05-10 04:04:22 +0000"
    },
    "done": true
  },
  "minecraft:recipes/redstone/jungle_trapdoor": {
    "criteria": {
      "has_planks": "2024-05-10 04:04:22 +0000"
    },
    "done": true
  },
  "regions_unexplored:recipes/building_blocks/magenta_painted_planks": {
    "criteria": {
      "has_planks": "2024-05-10 04:04:22 +0000"
    },
    "done": true
  },
  "minecraft:recipes/decorations/jungle_sign": {
    "criteria": {
      "has_planks": "2024-05-10 04:04:22 +0000"
    },
    "done": true
  },
  "regions_unexplored:recipes/building_blocks/blue_painted_planks": {
    "criteria": {
      "has_planks": "2024-05-10 04:04:22 +0000"
    },
    "done": true
  },
  "minecraft:recipes/redstone/jungle_door": {
    "criteria": {
      "has_planks": "2024-05-10 04:04:22 +0000"
    },
    "done": true
  },
  "minecraft:recipes/decorations/jungle_fence": {
    "criteria": {
      "has_planks": "2024-05-10 04:04:22 +0000"
    },
    "done": true
  },
  "minecraft:recipes/redstone/jungle_pressure_plate": {
    "criteria": {
      "has_planks": "2024-05-10 04:04:22 +0000"
    },
    "done": true
  },
  "minecraft:recipes/decorations/barrel": {
    "criteria": {
      "has_planks": "2024-05-10 04:04:22 +0000"
    },
    "done": true
  },
  "regions_unexplored:recipes/building_blocks/orange_painted_planks": {
    "criteria": {
      "has_planks": "2024-05-10 04:04:22 +0000"
    },
    "done": true
  },
  "mcwtrpdoors:recipes/jungle/jungle_blossom_trapdoor": {
    "criteria": {
      "has_plankss": "2024-05-10 04:04:22 +0000"
    },
    "done": true
  },
  "minecraft:recipes/building_blocks/jungle_slab": {
    "criteria": {
      "has_planks": "2024-05-10 04:04:22 +0000"
    },
    "done": true
  },
  "regions_unexplored:recipes/building_blocks/gray_painted_planks": {
    "criteria": {
      "has_planks": "2024-05-10 04:04:22 +0000"
    },
    "done": true
  },
  "regions_unexplored:recipes/building_blocks/red_painted_planks": {
    "criteria": {
      "has_planks": "2024-05-10 04:04:22 +0000"
    },
    "done": true
  },
  "travelersbackpack:recipes/misc/crafting_upgrade": {
    "criteria": {
      "has_crafting_table": "2024-05-10 04:04:25 +0000"
    },
    "done": true
  },
  "minecraft:story/root": {
    "criteria": {
      "crafting_table": "2024-05-10 04:04:25 +0000"
    },
    "done": true
  },
  "regions_unexplored:recipes/decorations/oak_shrub": {
    "criteria": {
      "has_oak_sapling": "2024-05-10 04:05:09 +0000"
    },
    "done": true
  },
  "regions_unexplored:recipes/decorations/jungle_shrub": {
    "criteria": {
      "has_jungle_sapling": "2024-05-10 04:05:38 +0000"
    },
    "done": true
  },
  "minecraft:husbandry/root": {
    "criteria": {
      "consumed_item": "2024-05-10 04:06:17 +0000"
    },
    "done": true
  },
  "minecraft:husbandry/balanced_diet": {
    "criteria": {
      "porkchop": "2024-05-28 18:53:36 +0000",
      "apple": "2024-05-10 04:06:17 +0000"
    },
    "done": false
  },
  "minecraft:recipes/decorations/chest": {
    "criteria": {
      "has_lots_of_items": "2024-05-10 04:06:35 +0000"
    },
    "done": true
  },
  "minecraft:recipes/food/cooked_porkchop_from_campfire_cooking": {
    "criteria": {
      "has_porkchop": "2024-05-10 04:07:37 +0000"
    },
    "done": true
  },
  "minecraft:recipes/food/cooked_porkchop": {
    "criteria": {
      "has_porkchop": "2024-05-10 04:07:37 +0000"
    },
    "done": true
  },
  "minecraft:recipes/food/cooked_porkchop_from_smoking": {
    "criteria": {
      "has_porkchop": "2024-05-10 04:07:37 +0000"
    },
    "done": true
  },
  "travelersbackpack:recipes/misc/pig": {
    "criteria": {
      "has_porkchop": "2024-05-10 04:07:37 +0000"
    },
    "done": true
  },
  "minecraft:recipes/misc/brown_dye": {
    "criteria": {
      "has_cocoa_beans": "2024-05-10 04:07:53 +0000"
    },
    "done": true
  },
  "minecraft:recipes/food/cookie": {
    "criteria": {
      "has_cocoa": "2024-05-10 04:07:53 +0000"
    },
    "done": true
  },
  "mcwwindows:recipes/diorite": {
    "criteria": {
      "has_the_recipe": "2024-05-10 04:09:09 +0000"
    },
    "done": true
  },
  "mcwwindows:recipes/warped": {
    "criteria": {
      "has_the_recipe": "2024-05-10 04:09:09 +0000"
    },
    "done": true
  },
  "mcwwindows:recipes/oak": {
    "criteria": {
      "has_wood": "2024-05-10 04:09:09 +0000",
      "has_the_recipe": "2024-05-10 04:09:09 +0000"
    },
    "done": true
  },
  "mcwwindows:recipes/dark_oak": {
    "criteria": {
      "has_the_recipe": "2024-05-10 04:09:09 +0000"
    },
    "done": true
  },
  "mcwtrpdoors:recipes/oak/oak_swamp_trapdoor": {
    "criteria": {
      "has_logs": "2024-05-10 04:09:09 +0000"
    },
    "done": true
  },
  "mcwwindows:recipes/blackstone": {
    "criteria": {
      "has_the_recipe": "2024-05-10 04:09:09 +0000"
    },
    "done": true
  },
  "mcwtrpdoors:recipes/oak/oak_paper_trapdoor": {
    "criteria": {
      "has_logs": "2024-05-10 04:09:09 +0000"
    },
    "done": true
  },
  "mcwtrpdoors:recipes/oak/oak_tropical_trapdoor": {
    "criteria": {
      "has_logs": "2024-05-10 04:09:09 +0000"
    },
    "done": true
  },
  "mcwwindows:recipes/dark_prismarine": {
    "criteria": {
      "has_the_recipe": "2024-05-10 04:09:09 +0000"
    },
    "done": true
  },
  "mcwwindows:recipes/components": {
    "criteria": {
      "has_wood": "2024-05-10 04:09:09 +0000"
    },
    "done": true
  },
  "mcwtrpdoors:recipes/print_classic": {
    "criteria": {
      "has_logs": "2024-05-10 04:09:09 +0000"
    },
    "done": true
  },
  "mcwtrpdoors:recipes/oak/oak_four_panel_trapdoor": {
    "criteria": {
      "has_logs": "2024-05-10 04:09:09 +0000"
    },
    "done": true
  },
  "mcwwindows:recipes/birch": {
    "criteria": {
      "has_the_recipe": "2024-05-10 04:09:09 +0000"
    },
    "done": true
  },
  "mcwtrpdoors:recipes/oak/oak_glass_trapdoor": {
    "criteria": {
      "has_logs": "2024-05-10 04:09:09 +0000"
    },
    "done": true
  },
  "mcwwindows:recipes/cherry": {
    "criteria": {
      "has_the_recipe": "2024-05-10 04:09:09 +0000"
    },
    "done": true
  },
  "mcwtrpdoors:recipes/oak/oak_mystic_trapdoor": {
    "criteria": {
      "has_logs": "2024-05-10 04:09:09 +0000"
    },
    "done": true
  },
  "mcwwindows:recipes/granite": {
    "criteria": {
      "has_the_recipe": "2024-05-10 04:09:09 +0000"
    },
    "done": true
  },
  "mcwwindows:recipes/andesite": {
    "criteria": {
      "has_the_recipe": "2024-05-10 04:09:09 +0000"
    },
    "done": true
  },
  "mcwbridges:recipes/oak_bridge_pier": {
    "criteria": {
      "has_planks": "2024-05-10 04:09:09 +0000"
    },
    "done": true
  },
  "mcwwindows:recipes/mangrove": {
    "criteria": {
      "has_the_recipe": "2024-05-10 04:09:09 +0000"
    },
    "done": true
  },
  "mcwtrpdoors:recipes/acacia/oak_bark_trapdoor": {
    "criteria": {
      "has_logs": "2024-05-10 04:09:09 +0000"
    },
    "done": true
  },
  "mcwtrpdoors:recipes/oak/oak_beach_trapdoor": {
    "criteria": {
      "has_logs": "2024-05-10 04:09:09 +0000"
    },
    "done": true
  },
  "mcwtrpdoors:recipes/oak/oak_barrel_trapdoor": {
    "criteria": {
      "has_logs": "2024-05-10 04:09:09 +0000"
    },
    "done": true
  },
  "mcwroofs:recipes/oak": {
    "criteria": {
      "has_planks": "2024-05-10 04:09:09 +0000"
    },
    "done": true
  },
  "mcwtrpdoors:recipes/oak/oak_ranch_trapdoor": {
    "criteria": {
      "has_logs": "2024-05-10 04:09:09 +0000"
    },
    "done": true
  },
  "regions_unexplored:recipes/decorations/oak_branch_from_oak_log": {
    "criteria": {
      "has_log": "2024-05-10 04:09:09 +0000"
    },
    "done": true
  },
  "mcwwindows:recipes/spruce": {
    "criteria": {
      "has_the_recipe": "2024-05-10 04:09:09 +0000"
    },
    "done": true
  },
  "mcwwindows:recipes/acacia": {
    "criteria": {
      "has_the_recipe": "2024-05-10 04:09:09 +0000"
    },
    "done": true
  },
  "mcwtrpdoors:recipes/oak/oak_cottage_trapdoor": {
    "criteria": {
      "has_logs": "2024-05-10 04:09:09 +0000"
    },
    "done": true
  },
  "minecraft:recipes/building_blocks/oak_planks": {
    "criteria": {
      "has_logs": "2024-05-10 04:09:09 +0000"
    },
    "done": true
  },
  "mcwfurnitures:recipes/oak": {
    "criteria": {
      "has_wood": "2024-05-10 04:09:09 +0000"
    },
    "done": true
  },
  "mcwwindows:recipes/stone": {
    "criteria": {
      "has_the_recipe": "2024-05-10 04:09:09 +0000"
    },
    "done": true
  },
  "mcwtrpdoors:recipes/oak/oak_barn_trapdoor": {
    "criteria": {
      "has_logs": "2024-05-10 04:09:09 +0000"
    },
    "done": true
  },
  "mcwdoors:recipes/oak": {
    "criteria": {
      "has_wood": "2024-05-10 04:09:09 +0000"
    },
    "done": true
  },
  "mcwwindows:recipes/prismarine": {
    "criteria": {
      "has_the_recipe": "2024-05-10 04:09:09 +0000"
    },
    "done": true
  },
  "mcwwindows:recipes/crimson": {
    "criteria": {
      "has_the_recipe": "2024-05-10 04:09:09 +0000"
    },
    "done": true
  },
  "mcwtrpdoors:recipes/oak/oak_barred_trapdoor": {
    "criteria": {
      "has_logs": "2024-05-10 04:09:09 +0000"
    },
    "done": true
  },
  "minecraft:recipes/building_blocks/oak_wood": {
    "criteria": {
      "has_log": "2024-05-10 04:09:09 +0000"
    },
    "done": true
  },
  "storagedrawers:recipes/storagedrawers/one_stack_upgrade": {
    "criteria": {
      "has_template": "2024-05-28 18:52:39 +0000"
    },
    "done": true
  },
  "storagedrawers:recipes/storagedrawers/diamond_storage_upgrade": {
    "criteria": {
      "has_template": "2024-05-28 18:52:39 +0000"
    },
    "done": true
  },
  "storagedrawers:recipes/storagedrawers/illumination_upgrade": {
    "criteria": {
      "has_template": "2024-05-28 18:52:39 +0000"
    },
    "done": true
  },
  "storagedrawers:recipes/storagedrawers/acacia_trim": {
    "criteria": {
      "has_planks": "2024-05-28 18:52:39 +0000"
    },
    "done": true
  },
  "storagedrawers:recipes/storagedrawers/crimson_trim": {
    "criteria": {
      "has_planks": "2024-05-28 18:52:39 +0000"
    },
    "done": true
  },
  "storagedrawers:recipes/storagedrawers/concealment_key": {
    "criteria": {
      "has_template": "2024-05-28 18:52:39 +0000"
    },
    "done": true
  },
  "storagedrawers:recipes/storagedrawers/drawer_key": {
    "criteria": {
      "has_template": "2024-05-28 18:52:39 +0000"
    },
    "done": true
  },
  "storagedrawers:recipes/storagedrawers/min_redstone_upgrade": {
    "criteria": {
      "has_template": "2024-05-28 18:52:39 +0000"
    },
    "done": true
  },
  "storagedrawers:recipes/storagedrawers/gold_storage_upgrade": {
    "criteria": {
      "has_template": "2024-05-28 18:52:39 +0000"
    },
    "done": true
  },
  "storagedrawers:recipes/storagedrawers/birch_trim": {
    "criteria": {
      "has_planks": "2024-05-28 18:52:39 +0000"
    },
    "done": true
  },
  "storagedrawers:recipes/storagedrawers/void_upgrade": {
    "criteria": {
      "has_template": "2024-05-28 18:52:39 +0000"
    },
    "done": true
  },
  "storagedrawers:recipes/storagedrawers/warped_trim": {
    "criteria": {
      "has_planks": "2024-05-28 18:52:39 +0000"
    },
    "done": true
  },
  "storagedrawers:recipes/storagedrawers/jungle_trim": {
    "criteria": {
      "has_planks": "2024-05-28 18:52:39 +0000"
    },
    "done": true
  },
  "storagedrawers:recipes/storagedrawers/fill_level_upgrade": {
    "criteria": {
      "has_template": "2024-05-28 18:52:39 +0000"
    },
    "done": true
  },
  "storagedrawers:recipes/storagedrawers/max_redstone_upgrade": {
    "criteria": {
      "has_template": "2024-05-28 18:52:39 +0000"
    },
    "done": true
  },
  "storagedrawers:recipes/storagedrawers/redstone_upgrade": {
    "criteria": {
      "has_template": "2024-05-28 18:52:39 +0000"
    },
    "done": true
  },
  "storagedrawers:recipes/storagedrawers/spruce_trim": {
    "criteria": {
      "has_planks": "2024-05-28 18:52:39 +0000"
    },
    "done": true
  },
  "regions_unexplored:regions_explored": {
    "criteria": {
      "outback": "2024-05-28 18:53:55 +0000"
    },
    "done": false
  },
  "storagedrawers:recipes/storagedrawers/quantify_key": {
    "criteria": {
      "has_template": "2024-05-28 18:52:39 +0000"
    },
    "done": true
  },
  "storagedrawers:recipes/storagedrawers/dark_oak_trim": {
    "criteria": {
      "has_planks": "2024-05-28 18:52:39 +0000"
    },
    "done": true
  },
  "storagedrawers:recipes/storagedrawers/oak_trim": {
    "criteria": {
      "has_planks": "2024-05-28 18:52:39 +0000"
    },
    "done": true
  },
  "storagedrawers:recipes/storagedrawers/emerald_storage_upgrade": {
    "criteria": {
      "has_template": "2024-05-28 18:52:39 +0000"
    },
    "done": true
  },
  "storagedrawers:recipes/storagedrawers/obsidian_storage_upgrade": {
    "criteria": {
      "has_template": "2024-05-28 18:52:39 +0000"
    },
    "done": true
  },
  "regions_unexplored:pioneer": {
    "criteria": {
      "outback": "2024-05-28 18:53:55 +0000"
    },
    "done": false
  },
  "storagedrawers:recipes/storagedrawers/iron_storage_upgrade": {
    "criteria": {
      "has_template": "2024-05-28 18:52:39 +0000"
    },
    "done": true
  },
  "DataVersion": 3465
}